Corpus ID,Authors,Year,Title,DOI,India_confidence,India_reason
22,"Sheoran R.S., Rana D.S.",2005,Relative efficacy of vermicompost and farmyard manure integrated with inorganic fertilizers for sustainable productivity of forage sorghum (sorghum bicolor (l.) moench),10.1556/AAgr.53.2005.3.7,high,"Field experiment was conducted at CCS Haryana Agricultural University in Hisar, India, making an Indian location and dataset the primary focus of the study."
33,"Dass A., Lenka N.K., Patnaik U.S., Sudhishri S.",2008,"Integrated nutrient management for production, economics, and soil improvement in winter vegetables",10.1080/19315260801934266,high,"The study is an on-farm experimental evaluation conducted in Koraput, Orissa (India) and analyzes crop productivity, soil, and economics in that specific Indian region, making India the central focus."
51,"Saini V.K., Sihag R.C., Sharma R.C., Gahlawat S.K., Gupta R.K.",2010,Relative efficacy of two species of earthworms in biodegradation of organic wastes under semi-arid subtropical conditions of North-West India,10.1504/WRSTSD.2010.032528,high,"The study explicitly investigates earthworm performance and vermicomposting suitability under semi-arid subtropical conditions of North-West India, making India the primary study site and policy/context focus."
61,"Duboc O., Zehetner F., Gerzabek M.H.",2011,Recent developments of no-till and organic farming in India: Is a combination of these approaches viable?,10.1080/10440046.2011.586569,high,"The paper explicitly analyzes no-till, organic, and natural farming developments and experiences in India, focusing on Indian-specific challenges, practices, and literature, so India is the central context."
80,Brown T.,2013,Agrarian crisis in Punjab and 'natural farming' as a response,10.1080/00856401.2013.776002,high,"The paper’s primary case and empirical focus is the Indian state of Punjab and an India-based organization (Kheti Virasat Mission), making India the central context of the study."
84,"Tomar J.M.S., Das A., Arunachalam A.",2013,Crop response and soil fertility as influenced by green leaves of indigenous agroforestry tree species in a lowland rice system in northeast India,10.1007/s10457-012-9535-3,high,"The study is an experimental field trial carried out in lowland rice systems in northeast India, with indigenous Indian agroforestry species and Indian soils as the primary study site and context."
89,Whitney Sanford A.,2013,"Gandhi's agrarian legacy: Practicing food, justice, and sustainability in India",10.1558/jsrnc.v7i1.65,high,"The paper centrally studies an intentional community in Paunar, Maharashtra and frames agricultural practices and Gandhian agrarian ideas within the Indian social, religious, and geographic context, making India the primary focus."
126,Kaushal A.,2015,Confronting Farmer Suicides in India,10.1177/0304375415581258,high,"The paper explicitly focuses on agrarian distress and farmer suicides in India, including case material from the Indian state of Punjab, making India the central study context."
128,"Das T., Debnath P., Satpute S.B., Bandyopadhyay S.",2015,Effect of phosphorus enriched vermicompost on growth and yield of groundnut (arachis hypogaea L.) as influenced by soil phosphorus use efficiency,10.17485/ijst/2015/v8i11/71798,high,"The study is a field experiment conducted at an Indian agricultural university in Cooch Behar, West Bengal, so the primary study site, dataset and population are centered in India."
136,Prill S.E.,2015,SIKHI AND SUSTAINABILITY: SIKH APPROACHES TO ENVIRONMENTAL ADVOCACY,10.1080/17448727.2015.1023112,high,"The paper specifically examines Sikh environmental organizations and activism in the Punjab, making an Indian state (Punjab) and its Sikh community the primary study site and population of interest."
135,"Agrawal A.V., Sharma C., Joshi N., Jindal S., Raghavendra V., Kango V.",2015,Organic farming: Growth and issues,10.4018/978-1-4666-8259-7.ch021,high,"The abstract states the chapter focuses on organic farming growth with a specific focus on India and provides India-specific statistics and discussion, so India is a central subject of the study."
153,Brown T.,2016,Civil society organizations for sustainable agriculture: negotiating power relations for pro-poor development in India,10.1080/21683565.2016.1139648,high,"The paper analyzes three case studies of civil society organizations promoting sustainable agriculture in India and focuses on Indian agrarian contexts, actors, and the rural poor, making India the primary study setting and policy context."
130,"Pathak R.K., Berk E.U.",2015,"HOMA THERAPY AN EFFECTIVE TOOL IN MITIGATING SOIL, WATER AND ENVIRONMENTAL CRISES",10.1201/b18252-54,high,"The abstract discusses India-specific organic farming systems (Jaivik Krishi, Panchagavya, Rishi Krishi, Homa Jaivik Krishi) and refers to practices emerging across the country, indicating India is the central context of the paper."
159,MacRae G.,2016,"Himalayan Agricultures, Ecologies and Local Food Sovereignties",10.1080/00664677.2016.1192989,high,The paper centrally discusses Indian national policy (2013 Food Security Ordinance) and uses the Himalayan foothills in India as the primary case/region for examining agriculture and local food sovereignty.
163,"Agrawal A.V., Sharma C., Joshi N., Jindal S., Raghavendra V., Kango V.",2016,Organic farming: Growth and issues,10.4018/978-1-5225-1629-3.ch014,high,"The chapter explicitly focuses on organic farming with a stated focus on India, discusses India-specific trends and statistics, and centers India in the analysis rather than treating it as one of many countries."
160,"Münster D., Poerting J.",2016,"Land as resource, soil and landscape: Materiality, relationality and new agrarian questions in political ecology [Land als Ressource, Boden und Landschaft: Materialität, Relationalität und neue Agrarfragen in der Politischen ökologie]",10.5194/gh-71-245-2016,high,"The paper explicitly draws on the authors' anthropological research in South India as a primary case study (alongside Pakistan) to develop its arguments, so India is a central study site for the analysis."
180,"Vicziany M., Plahe J.",2017,Extending traditional food knowledge into new marketing institutions for small farmers in India,10.1080/00856401.2017.1342183,high,"The study focuses on Indian smallholder marketing and supply chains, centering on SAPCO and producer cooperatives in Telangana, Andhra Pradesh and Maharashtra, making India the primary study context."
178,"Sharma T.R., Agrawal S.B., Singh N.K.",2017,"Effect of integrated nutrient management on soil fertility, organic carbon and productivity of okra",10.5958/0974-0112.2017.00032.9,high,"The paper reports a field experiment conducted at JNKVV, Jabalpur in Madhya Pradesh, India, so the study site, data, and agricultural context are explicitly India-specific."
166,Ignacimuthu S.,2016,The Contributions of South Asian Jesuits to Environmental Work,10.1163/22141332-00304005,medium,"The paper explicitly examines Jesuit environmental work in South Asia, focusing on activities in India (alongside Sri Lanka), so India is one of the primary study sites and a central part of the analysis rather than only a brief mention."
209,"Khandker V., Thakurata I.",2018,Factors encouraging complete adoption of agricultural technologies: The case of hybrid rice cultivation in India,10.1108/JADEE-05-2016-0037,high,"The study explicitly examines hybrid rice adoption using primary survey data from 441 farmers across three Indian states, making India the central study site and population."
210,Brown T.,2018,"Farmers, Subalterns, and Activists: Social Politics of Sustainable Agriculture in India",10.1017/9781108590112,high,"The work explicitly analyzes sustainable agriculture through case studies of organisations operating in rural India, making India the primary study site and focus."
219,"Taylor M., Bhasme S.",2018,"Model farmers, extension networks and the politics of agricultural knowledge transfer",10.1016/j.jrurstud.2018.09.015,high,"The paper analyzes model farmers and hybrid rice dissemination using cases from Mandya district, Karnataka, so India (a specific Indian state and district) is the primary study site and focus."
221,Münster D.,2018,"Performing alternative agriculture: Critique and recuperation in Zero Budget Natural Farming, South India",10.2458/v25i1.22388,high,"The study is based on fieldwork in the South Indian state of Kerala and focuses on the Indian Zero Budget Natural Farming movement and its founder Subhash Palekar, so India is the primary study site and context."
226,"Khadse A., Rosset P.M., Morales H., Ferguson B.G.",2018,"Taking agroecology to scale: the Zero Budget Natural Farming peasant movement in Karnataka, India",10.1080/03066150.2016.1276450,high,"The paper is an India-specific case study of the Zero Budget Natural Farming peasant movement in Karnataka, making India (a specific Indian state and farming population) the central focus."
216,Haigh M.J.,2018,International Development Projects of India's Hindu NGOs [Proyectos de desarrollo internacional de ONG hindúes de la India],10.1177/194277861801100306,high,"The paper explicitly studies Hindu NGOs originating in India (their approaches and initiatives), so Indian organisations are the primary population of interest even though projects are located abroad."
229,Jakobsen J.,2018,"Towards a Gramscian food regime analysis of India's agrarian crisis: Counter-movements, petrofarming and Cheap Nature",10.1016/j.geoforum.2018.01.015,high,"The paper explicitly centers on India—analyzing India’s agrarian crisis, decentralized petrofarming, and smallholder counter-movements—making the Indian case the primary focus of the study."
253,"Kashyap A., Borthakur R.",2019,Invention of Waste Assimilator for Biodegradable Solid Waste Management and Organic Farming,10.1007/978-981-13-7071-7_35,high,The paper explicitly frames the solid-waste and organic-farming problem in India and proposes an invention intended to address household- and community-level waste management and farming practices in the Indian context.
278,"Khadse A., Rosset P.M.",2019,Zero Budget Natural Farming in India–from inception to institutionalization,10.1080/21683565.2019.1608349,high,"The paper explicitly examines Zero Budget Natural Farming’s origins, scaling and institutionalization within India, focusing on Indian states (Karnataka, Andhra Pradesh) and Indian peasant populations, so India is the central case."
280,Khalikova V.R.,2020,A local genie in an imported bottle: Ayurvedic commodities and healthy eating in North India,10.1080/15528014.2020.1713429,high,"The paper explicitly studies Ayurvedic food consumption and related industries and ideologies in India (specifically North India), referencing Indian actors and the national cultural/political context, so India is the central focus."
287,"Mondal S., Palit D.",2020,Agroecology for Sustainable Food System and Footprint Mitigation,10.1007/978-981-15-9496-0_3,high,"The chapter specifically analyzes agricultural footprints and agroecological strategies with explicit discussion of Indian agriculture, highlights drawbacks in the Indian farming system, and addresses sustainable food production in India, making India a central focus."
289,"Tarale S.P., Desai V.",2020,Android Application for Recognition of Indian Origin Agricultural Products,10.1007/978-981-15-4032-5_29,high,"The paper explicitly targets farmers in India, discusses Indian-specific issues (middle agents, ZBNF) and proposes an app for recognition and sale of Indian-origin agricultural produce, making India the central focus."
299,Prasad C.S.,2020,Constructing Alternative Socio-technical Worlds: Re-imagining RRI through SRI in India,10.1177/0971721820903002,high,"The paper centrally analyzes the System of Rice Intensification and Responsible Research and Innovation specifically in the Indian context, using India-focused case study evidence and discussing Indian agricultural actors, institutions, and politics."
307,"Koner N., Laha A.",2020,Economics of zero budget natural farming in Purulia district of West Bengal: Is it economically viable?,10.7896/j.1924,high,"The study is an empirical case study of Zero Budget Natural Farming in Purulia district, West Bengal, using Indian farmers and data, so India is the primary study site and focus."
310,"Yadav P.K., Yadav B.L., Yadav B.D., Yadav S., Yadav S.",2020,Effect of integrated nitrogen management on soil properties and enzymatic activities,10.56093/ijas.v90i11.108593,high,"The study was conducted at S K N College of Agriculture, Jobner in Rajasthan, India, using Indian pearl millet and local field trials, so India is the primary study site and focus."
328,"Reddy V.R., Chiranjeevi T., Syme G.",2020,"Inclusive sustainable intensification of agriculture in West Bengal, India: policy and institutional approaches",10.1080/14735903.2019.1698489,high,"The study is explicitly focused on two villages in West Bengal and evaluates Indian policies, programmes, and institutions for sustainable agricultural intensification, so India (and an Indian state) is the central focus."
327,Taylor M.,2020,Hybrid Realities: making a new Green Revolution for rice in south India,10.1080/03066150.2019.1568246,high,"The paper specifically analyzes a publicly promoted hybrid rice variety in southern Karnataka and discusses Indian policymakers and farmers, making India (and an Indian state) the primary study site and focus."
335,Kumpf D.,2020,Organic taste and labour on Indian tea plantations*,10.1111/1469-8676.12951,high,"The paper explicitly studies organic agriculture, taste, and labour on Indian tea plantations, making India the primary study site and population of interest."
331,Sud N.,2020,"Making the political, and doing politics: unfixed land in an Amoebal Zone in India",10.1080/03066150.2020.1764542,high,"The paper explicitly examines India’s largest SEZ and related land conflicts and politics, with Indian farmers, fishworkers, pastoralists, NGOs, and party politics as the primary study site and population."
333,"Erler M., Dittrich C.",2020,"Middle class, tradition and the desi-realm-discourses of alternative food networks in Bengaluru, India",10.3390/su12072741,high,"The study is explicitly based on primary interviews and analysis of alternative food networks in Bengaluru, India, making an Indian city and its local actors the central focus."
338,"Smith J., Yeluripati J., Smith P., Nayak D.R.",2020,Potential yield challenges to scale-up of zero budget natural farming,10.1038/s41893-019-0469-x,high,"The paper focuses on zero budget natural farming in India, uses Andhra Pradesh adoption figures and national nutrient/fertilizer estimates, and assesses implications for India’s food production, making India the primary study context."
345,"Meek D., Anderson C.R.",2020,"Scale and the politics of the organic transition in Sikkim, India",10.1080/21683565.2019.1701171,high,"The paper's primary case and dataset are Sikkim, an Indian state, examining state organic policy and local actors (farmers, consumers, officials), so India is the central focus."
350,Touri M.,2020,Sustainable Development and Communication in Global Food Networks: Lessons From India,10.1007/978-3-030-46119-5,high,The work centers on India through participatory case studies of Indian farming communities and uses India-specific examples as the primary basis for its analysis of sustainable development and communication in global food networks.
351,"Tyagi B.B., Kumar R.",2020,The Future of Farming: To What End and For What Purpose?,10.1177/0971721820902966,high,"The paper centers on farming in India, discussing an Indian award-winning farmer and agricultural issues in specific Indian states (Punjab and Uttar Pradesh), making India the primary focus."
361,"Bharucha Z.P., Mitjans S.B., Pretty J.",2020,"Towards redesign at scale through zero budget natural farming in Andhra Pradesh, India*",10.1080/14735903.2019.1694465,high,"The paper studies Zero Budget Natural Farming implemented at scale in the Indian state of Andhra Pradesh, using state-level program data and farmer outcomes, making India (Andhra Pradesh) the primary study context."
370,"Das S., Mandal S., Mohanty S.",2021,Agribusiness Opportunities of Organic Agriculture in West Bengal – An Empirical Analysis,10.63040/25827510.2021.03.011,high,"The study is explicitly about organic agriculture in West Bengal (an Indian state), using local farmer and consumer data and discussing state-level marketing, production and policy implications in India."
363,Brown T.,2020,When food regimes become hegemonic: Agrarian India through a Gramscian lens,10.1111/joac.12344,high,"The paper uses rural/agrarian India as its primary case study across historical periods to illustrate Gramscian analysis of food regimes, so India is the central focus."
352,Sud N.,2020,The Unfixed State of Unfixed Land,10.1111/dech.12553,high,"The article is explicitly based on qualitative fieldwork in India and analyzes land, state, and policy processes within India, making India the primary case and study site."
379,"Aggarwal V., Mahajan R.",2021,Applying Circular Economy Principles to Agriculture: Selected Case Studies from the Indian Context,10.1007/978-981-16-3791-9_12,high,"The chapter analyzes circular farming case studies from specific Indian states (Rajasthan and Madhya Pradesh) and focuses on Indian farmers, making India the primary study context."
384,"Taylor M., Bhasme S.",2021,Between deficit rains and surplus populations: The political ecology of a climate-resilient village in South India,10.1016/j.geoforum.2020.01.007,high,"The paper explicitly examines a state-led climate-resilience project in a drought-prone region of south India, using village-level Indian case material and Indian policy context as its primary focus."
393,Flachs A.,2021,Charisma and agrarian crisis: Authority and legitimacy at multiple scales for rural development,10.1016/j.jrurstud.2021.10.010,high,The paper explicitly draws on multiple case studies from Indian agriculture at three scales and centers its analysis on agrarian development and politics in India.
386,"Ekabote S.D., Pruthviraj, Divyajyothi U., Nalina S.O.",2021,"Bio-efficacy and phytotoxicity of cymoxanil 8%+mancozeb 64% wp against downy mildew (Peronospora destructor), purple blotch (alternaria porri) and stemphylium blight of onion",10.5958/2249-524X.2021.00013.3,medium,"The paper reports two-year field trials on onion diseases published by the Society of Pesticide Science India, implying India as the study location and primary context, though the abstract does not explicitly state the site."
397,"Vincent A., Balasubramani N.",2021,"Climate-smart agriculture (CSA) and extension advisory service (EAS) stakeholders’ prioritisation: A case study of Anantapur district, Andhra Pradesh, India",10.2166/wcc.2021.329,high,"The study is a case study of Anantapur district in Andhra Pradesh and examines climate‑smart agriculture interventions and extension stakeholders within the Indian context, so India is the primary focus."
398,"Manjunatha T., Puttaswamaiah S.",2021,Comparative Economic Analysis of Organic and Conventional Farming in Karnataka,10.35716/IJED/21106,high,"The study explicitly focuses on farming systems in Karnataka (an Indian state) and analyzes crop yields and economics for ragi and maize there, so India is the primary study site and case."
7210,"Babalad, Hanamantraya; Gunabhagya; Saraswathi; Navali, Gurudevi",2021,Comparative Economics of Zero Budget Natural Farming with Conventional Farming Systems in Northern Dry Zone (Zone-3) of Karnataka,10.46852/0424-2513.2.2021.23,high,"The study is explicitly set in the Northern Dry Zone of Karnataka and uses primary data from farmers across multiple districts there, so an Indian state is the central study site."
409,"Swamy S.V.S.G., Wesley B.J.",2021,EVALUATION OF INDIGENOUS TECHNIQUES AGAINST PULSE BEETLE CALLOSOBRUCHUS MACULATUS (F.) IN BLACK GRAM,10.5958/0974-8172.2021.00012.2,high,"The experiment was conducted at the Post Harvest Technology Centre in Bapatla (India) and evaluates indigenous grain-protection techniques for black gram, making India the primary study site and population of interest."
411,"Koner N., Laha A.",2021,"Economics of alternative models of organic farming: empirical evidences from zero budget natural farming and scientific organic farming in West Bengal, India",10.1080/14735903.2021.1905346,high,"The study is empirically based on two specific districts (Purulia and Barddhaman) in West Bengal, using Indian farmers and contexts as the primary study sites, so India is the central focus."
412,"Mehjabeen, Saravanadurai A.",2021,Economies of mango cultivation in a whole-farm approach for smallholder farmers: A case study from India,10.18006/2021.9(Spl-3-NRMCSSA_2021).S286.S296,high,"The study is a case study of smallholder mango farmers in Srinivaspur, Kolar district, Karnataka, using primary data from 320 local growers, so India is the primary study site and focus."
420,"Kumar R., Chadha S., Upadhyay R.G., Sharma G.D., Kanwar S.",2021,Evaluation of different enriched composts under protected organic farming in capsicum-pea based cropping system,10.18805/LR-4300,high,"The experiments and farmer field trials were carried out at CSKHPKV Palampur and multiple locations in Himachal Pradesh (Akrot, Una, Rajol Kangra), making India the primary study site and dataset."
418,"Ekabote S.D., Pruthviraj, Divyajyothi U., Nalina S.O.",2021,Efficacy of Isopyrazam 12.5% and Difenoconazole 12.5% w/v (250 SC) against Pomegranate diseases under field condition,10.1007/s42360-021-00415-2,high,"The study reports a field experiment conducted at the College of Horticulture, Hiriyur (India) on pomegranate disease management, making an Indian location and population the primary focus."
445,"Das A., Datta D., Samajdar T., Idapuganti R.G., Islam M., Choudhury B.U., Mohapatra K.P., Layek J., Babu S., Yadav G.S.",2021,"Livelihood security of small holder farmers in eastern Himalayas, India: Pond based integrated farming system a sustainable approach",10.1016/j.crsust.2021.100076,high,"The study is explicitly about pond-based integrated farming systems tested with farmers in South Garo Hills district, Meghalaya, and focuses on livelihoods in the eastern Himalayan region of India, making India the central study site and population."
449,"Singh R.K., Singh A., Zander K.K., Mathew S., Kumar A.",2021,Measuring successful processes of knowledge co-production for managing climate change and associated environmental stressors: Adaptation policies and practices to support Indian farmers,10.1016/j.jenvman.2020.111679,high,"The paper explicitly examines agricultural adaptation policies, practices, and traditional knowledge in India and assesses knowledge co-production specifically for Indian farmers, making India the central study context."
446,"Goswami G., Datta S., Sharma S., Mukherjee J.",2021,"Locally informed “remediation” interventions: lessons of community (co)engagement from semi-arid Bundelkhand, India",10.1016/B978-0-12-823895-0.00028-2,high,"The study is explicitly a case study of Bundelkhand (a semi‑arid region in India) using quantitative and qualitative data from selected districts, so India is the primary study site and focus."
447,"Thakur A., Sharma R.P., Sankhyan N.K., Kumar R.",2021,"Maize Grain Quality as Influenced by 46 Years’ Continuous Application of Fertilizers, Farmyard Manure (FYM), and Lime in an Alfisol of North-western Himalayas",10.1080/00103624.2020.1854289,high,"The study is based on a 46-year field experiment conducted in Himachal Pradesh, India, with India-specific agronomic treatments and results, so India is the central study site and focus."
451,"Rani A., Saxena B.",2021,Microbial Mediated Natural Farming for Sustainable Environment,10.1007/978-981-16-3840-4_4,high,"The chapter explicitly frames its discussion around Indian agriculture and farming practices, addressing soil contamination and organic/natural farming in the Indian context, so India is the central focus."
455,"Suyal D.C., Soni R., Singh D.K., Goel R.",2021,Microbiome change of agricultural soil under organic farming practices,10.2478/s11756-021-00680-6,high,"The paper reports results from a field comparison of organic and conventional soils conducted at Pantnagar, India, so the Indian site and dataset are the central focus of the study."
459,"Móring A., Hooda S., Raghuram N., Adhya T.K., Ahmad A., Bandyopadhyay S.K., Barsby T., Beig G., Bentley A.R., Bhatia A., Dragosits U., Drewer J., Foulkes J., Ghude S.D., Gupta R., Jain N., Kumar D., Kumar R.M., Ladha J.K., Mandal P.K., Neeraja C.N., Pandey R., Pathak H., Pawar P., Pellny T.K., Poole P., Price A., Rao D.L.N., Reay D.S., Singh N.K., Sinha S.K., Srivastava R.K., Shewry P., Smith J., Steadman C.E., Subrahmanyam D., Surekha K., Venkatesh K., Varinderpal-Singh, Uwizeye A., Vieno M., Sutton M.A.",2021,Nitrogen Challenges and Opportunities for Agricultural and Environmental Science in India,10.3389/fsufs.2021.505347,high,"The paper explicitly focuses on nitrogen use, trends, management strategies, and projected outcomes in Indian agriculture, with India as the primary study context and target for recommendations."
463,"Das S., Chatterjee A., Pal T.K.",2021,Organic farming in India: A vision towards a healthy nation,10.1093/FQSAFE/FYAA018,high,"The paper explicitly focuses on organic farming in India, discusses India's adoption, growth and national impacts, making India the central case and study context."
465,"Manna M.C., Rahman M.M., Naidu R., Bari A.S.M.F., Singh A.B., Thakur J.K., Ghosh A., Patra A.K., Chaudhari S.K., Subbarao A.",2021,"Organic farming: A prospect for food, environment and livelihood security in Indian agriculture",10.1016/bs.agron.2021.06.003,high,"The paper explicitly focuses on organic farming in Indian agriculture, evaluates India-specific strategies, nutrient availability estimates for India, and discusses policy and practice within the Indian context, making India the central focus."
464,"Manjula M., Devi P.I.",2021,Organic farming in India: Catalysts that can help in transition,10.37773/ees.v4i1.337,high,"The paper explicitly investigates organic farming policy, market instruments, and transitions within India, referencing central and state government actions and national-level agricultural data, making India the primary focus."
467,"Singh P.K., Chudasama H.",2021,Pathways for climate change adaptations in arid and semi-arid regions,10.1016/j.jclepro.2020.124744,high,"The study is based on fuzzy cognitive maps from 427 community groups across 96 villages in 12 districts of arid and semi-arid India and evaluates adaptation pathways specifically for Indian drylands, making India the primary study site and focus."
469,"Veluguri D., Bump J.B., Venkateshmurthy N.S., Mohan S., Pulugurtha K.T., Jaacks L.M.",2021,"Political analysis of the adoption of the Zero-Budget natural farming program in Andhra Pradesh, India",10.1080/21683565.2021.1901832,high,"The study examines the state-wide Zero Budget Natural Farming program in Andhra Pradesh and draws on state government documents, fieldwork, and stakeholder interviews, making India (and a specific Indian state) the primary focus."
480,"Taylor M., Bargout R., Bhasme S.",2021,Situating Political Agronomy: The Knowledge Politics of Hybrid Rice in India and Uganda,10.1111/dech.12605,high,India (southern India) is one of the primary case studies and a central empirical focus (hybrid rice promotion) rather than a passing mention or one of many countries.
484,Sharma A.,2021,The Environment and Development Debate in India: The “Greening” of Developmental Discourse,10.1007/978-3-030-56096-6_9,high,"The chapter explicitly focuses on the evolution of environment and development discourse in India, using India as the primary country and context of analysis over seven decades."
487,"Pervez Bharucha Z., Attwood S., Badiger S., Balamatti A., Bawden R., Bentley J.W., Chander M., Davies L., Dixon H., Dixon J., D’Souza M., Butler Flora C., Green M., Joshi D., Komarek A.M., Ruth McDermid L., Mathijs E., Rola A.C., Patnaik S., Pattanayak S., Pingali P., Vara Prasad V.P., Rabbinge R., Ramanjaneyulu G.V., Ravindranath N.H., Sage C., Saha A., Salvatore C., Patnaik Saxena L., Singh C., Smith P., Srinidhi A., Sugam R., Thomas R., Uphoff N., Pretty J.",2021,The Top 100 questions for the sustainable intensification of agriculture in India’s rainfed drylands,10.1080/14735903.2020.1830530,high,The paper explicitly focuses on sustainable intensification in India’s rainfed drylands and frames research priorities and policy in the Indian geographic and agricultural context.
489,"Sharma S.B., Thivakaran G.A., Thakkar M.G.",2021,The game changing role of traditional ecological knowledge based Agri amendment systems in nutrient dynamics in the stress prone semi arid tropics,10.1038/s41598-021-88801-8,high,The paper’s primary study site and dataset are Kachchh in Western India and the analysis and conclusions are centered on Indian (regional) agricultural systems.
485,Besky S.,2021,"The Plantation's Outsides: The Work of Settlement in Kalimpong, India",10.1017/S0010417521000104,high,"The article is a historical case study centered on Kalimpong in Bengal's Himalayan foothills, examining colonial agricultural extension and settlement practices in an explicitly Indian regional context."
499,"Selvaraj T., Devadas P., Perumal J.L., Zabaniotou A., Ganesapillai M.",2022,A Comprehensive Review of the Potential of Stepwells as Sustainable Water Management Structures,10.3390/w14172665,high,"The paper explicitly focuses on stepwells in India, reviewing major Indian stepwells, their historical, architectural, and water-management roles within the Indian context, so India is the central study focus."
490,Münster D.,2021,"The nectar of life fermentation, soil health, and bionativism in indian natural farming",10.1086/715477,high,"The study is explicitly centered on India—based on ethnography in Wayanad, Kerala, analyzes an Indian practitioner (Subhash Palekar), and discusses Indian natural farming practices and political contexts, making India the primary focus."
494,"Pradhan S., Goswami G.",2021,Transitioning to a Low GHG Emissions Future for Agriculture in India: A Daunting Challenge,10.1007/978-3-030-57281-5_222,high,"The paper explicitly examines greenhouse gas mitigation in India’s agriculture sector, discussing India-specific mitigation measures, barriers, and policy implications, making India the central focus."
493,"Walker G., Osbahr H., Cardey S.",2021,Thematic Collages in Participatory Photography: A Process for Understanding the Adoption of Zero Budget Natural Farming in India,10.1177/1609406920980956,high,"The study’s primary empirical focus and fieldwork are in Andhra Pradesh, India—examining adoption of Zero Budget Natural Farming among local women’s self‑help groups across multiple agroecological zones, so India is the central case."
497,"Khadse A., Rosset P.",2021,Zero Budget Natural Farming in India - From inception to institutionalization [Agricultura natural de presupuesto cero en India - Desde su inicio hasta su institucionalización],10.5380/dma.v58i0.81370,high,"The paper explicitly analyzes Zero Budget Natural Farming within India, discussing its origins in Karnataka and institutionalization in Andhra Pradesh, so India is the primary study context."
507,"Soni S., Kumar S., Singh R., Badiyala A., Chandel R.S.",2022,"Aphid parasitoid, Diaeretiella rapae (McIntosh) (Hymenoptera: Braconidae): opportunities for its use in integrated management of aphids infesting rapeseed-mustard in north-western Indian Himalayas",10.1016/j.cropro.2021.105819,high,"The study is an empirical investigation conducted across multiple districts of Himachal Pradesh (north Indian Himalayas), using Indian field sites and pest populations as the primary focus for biological control of rapeseed‑mustard."
510,"Sahu R.K., Kumar B., Yadav B., Kumar K., Singh P.",2022,Assessment of IFS Model in Context of Doubling Farmers Income in District Banda: A Micro Study,10.46852/0424-2513.4.2022.11,high,"The study is a micro-level empirical analysis conducted in Banda District, Uttar Pradesh, using sampled Indian villages and farmers, so India (a specific Indian state/district) is the primary focus."
515,"Nagesh M., Sridhar J., Shah M.A., Venkateswarulu V., Bhatnagar A.",2022,Biological Suppression of Insect Pests of Potato,10.1007/978-981-16-7695-6_18,high,"The abstract explicitly frames potato pest biological control in the Indian context and states the chapter discusses potential biological control avenues for healthy potato production in India, making India the primary focus."
522,"Thorat C.A., Pawar S.",2022,Competing With Traditional Business Model: Zero Budget Natural Farming against Chemical farming,10.1149/10701.3091ecst,high,"The study explicitly investigates Zero Budget Natural Farming in Pune, Solapur and Ahmednagar districts of Maharashtra, surveying 435 farmers, so the Indian context is the primary focus."
524,"Mohapatra S., Sharp B., Sahoo A.K., Sahoo D.",2022,Decomposition of climate-induced productivity growth in Indian agriculture,10.1016/j.envc.2022.100494,high,"The study explicitly analyzes total factor productivity growth in Indian agriculture using district-level data and state comparisons, making India the primary study site and population of interest."
526,Shah M.,2022,Dismantling Barriers to Upscaling Agro-ecological Farming in India,10.37773/ees.v5i1.618,high,"The paper explicitly focuses on India, analyzing the country’s agricultural policy framework and proposing India-specific policy reforms to upscale agro-ecological farming."
527,"Dwivedi A.K., Soni A.",2022,Drivers and critical paths of carbon emissions in India: a structural path decomposition analysis,10.1080/15567249.2022.2084185,high,"The paper explicitly analyzes carbon emissions for India using India-specific input-output and structural path decomposition methods and discusses sectoral drivers and policy implications for the country, making India the primary focus."
533,"Reddy A.A., Melts I., Mohan G., Rani C.R., Pawar V., Singh V., Choubey M., Vashishtha T., Suresh A., Bhattarai M.",2022,Economic Impact of Organic Agriculture: Evidence from a Pan-India Survey,10.3390/su142215057,high,"The study evaluates India’s national organic farming program (PKVY) using a pan-India representative farmer sample and India-specific impact and economic analyses, so India is the central focus."
529,"Barakzai A.W., Chandel R.S., Sharma P.L., Verma S.C., Singh M.P., Yankit P.",2022,EFFECT OF FARMING SYSTEMS ON DIVERSITY AND SEASONAL ABUNDANCE OF INSECT PESTS AND THEIR NATURAL ENEMIES IN CAULIFLOWER,10.55446/IJE.2021.60,high,"The study compares zero budget natural farming (ZBNF), a distinctly Indian farming system, with conventional farming and is published by the Entomological Society of India, indicating an India-focused empirical context."
538,"Paul B., Patnaik U., Sasidharan S., Murari K.K., Bahinipati C.S.",2022,"Fertilizer Use, Value, and Knowledge Capital: A Case of Indian Farming",10.3390/su141912491,high,"The study explicitly uses microdata on Indian agriculture and focuses on fertilizer use, information channels, and farming outcomes in India, making India the primary study context and population."
531,"Arora S., Saraswat S., Verma A., Sutaria D.",2022,Earthworm-microorganisms interactions for sustainable soil ecosystem and crop productivity,10.1016/B978-0-323-89938-3.00006-2,medium,"The abstract frames the problem with India-specific statistics and policy context and discusses vermitechnology for rural/agricultural water issues in India, but it is a review and does not make clear whether the empirical examples or datasets are exclusively Indian."
542,Godbole G.,2022,"Gendered Impacts of Increasing Land Sale in Western Maharashtra, India",10.1177/09746862221082182,high,"The study is a case study conducted in Maval tehsil, Pune district in Maharashtra and analyzes land sale impacts on rural women and village society, making India (a specific state and district) the central focus."
541,Meek D.,2022,"From marginalized to miracle: critical bioregionalism, jungle farming and the move to millets in Karnataka, India",10.1007/s10460-021-10287-x,high,"The paper explicitly analyzes millet production and consumption in the southern Indian state of Karnataka, making an Indian state the primary study site and focus."
540,"Olsson S.B., Ameen M., Bajpai S., Gudasalamani R., Gajjar C., Gupta S., Hvilshøj S., Krishnakumar J., Lobo C., Mukherjee R., Naik A., Raghavan A., Singh H., Subaharan K.",2022,Framework For a Collective Definition of Regenerative Agriculture in India,10.37773/ees.v5i1.662,high,"The paper explicitly develops a unified framework and definition for regenerative agriculture specific to India, using interactions and workshops with stakeholders across India as its primary evidence base and focus."
539,"Meek D., Khadse A.",2022,Food sovereignty and farmer suicides: bridging political ecologies of health and education,10.1080/03066150.2020.1760248,high,"The study explicitly analyzes Zero-Budget Natural Farming and farmer suicides in the Indian context, focusing on an Indian agrarian social movement (Karnataka Rajya Raitha Sangha) and outcomes for farmers in India, so India is the primary study site and population."
543,"Fitzpatrick I.C., Millner N., Ginn F.",2022,Governing the soil: natural farming and bionationalism in India,10.1007/s10460-022-10327-0,high,"The paper centrally examines India’s soil health policies and natural farming movement, using a Himachal Pradesh case study and interviews, so India is the primary study site and policy context."
548,"Saini A., Manuja S., Kumar S., Hafeez A., Ali B., Poczai P.",2022,"Impact of Cultivation Practices and Varieties on Productivity, Profitability, and Nutrient Uptake of Rice (Oryza sativa L.) and Wheat (Triticum aestivum L.) Cropping System in India",10.3390/agriculture12101678,high,"The study explicitly investigates rice–wheat cultivation practices and varieties in India (including Indo-Gangetic plains) using field experiments at Indian locations and Indian crop varieties, making India the primary study context."
549,"Laishram C., Vashishat R.K., Sharma S., Rajkumari B., Mishra N., Barwal P., Vaidya M.K., Sharma R., Chandel R.S., Chandel A., Gupta R.K., Sharma N.",2022,"Impact of Natural Farming Cropping System on Rural Households—Evidence From Solan District of Himachal Pradesh, India",10.3389/fsufs.2022.878015,high,"The study is an empirical analysis of natural farming practices in Solan district, Himachal Pradesh, India, making India the primary study site and population of interest."
550,"Duddigan S., Collins C.D., Hussain Z., Osbahr H., Shaw L.J., Sinclair F., Sizmur T., Thallam V., Winowiecki L.A.",2022,"Impact of Zero Budget Natural Farming on Crop Yields in Andhra Pradesh, SE India",10.3390/su14031689,high,"The study is based on field experiments conducted across six districts of Andhra Pradesh (southeastern India) and evaluates farming systems and yields in that Indian state, making India the central focus."
554,"Sethi A., Lin C.-Y., Madhavan I., Davis M., Alexander P., Eddleston M., Chang S.-S.",2022,Impact of regional bans of highly hazardous pesticides on agricultural yields: the case of Kerala,10.1186/s40066-021-00348-z,high,"The study explicitly analyzes the effects of pesticide bans using district- and state-level agricultural data from Kerala, India, making an Indian state the primary study site and focus."
552,"Joshi P., Siddaiah N.S., Dixit A.",2022,Impact of different management systems on soil quality of farms in a semi-arid tropical setting,10.1080/03067319.2020.1811266,high,"The paper reports empirical fieldwork and soil analyses carried out in a semi‑arid tropical region of India comparing management systems, so India is the primary study site and focus."
553,"Jaacks L.M., Serupally R., Dabholkar S., Venkateshmurthy N.S., Mohan S., Roy A., Prabhakaran P., Smith B., Gathorne-Hardy A., Veluguri D., Eddleston M.",2022,"Impact of large-scale, government legislated and funded organic farming training on pesticide use in Andhra Pradesh, India: a cross-sectional study",10.1016/S2542-5196(22)00062-6,high,"The paper directly evaluates a government organic farming programme in Andhra Pradesh using surveys of farmers and pesticide retailers in Kurnool District, making India (an Indian state and its farmers) the primary study site and dataset."
555,"Jaacks L.M., Gupta N., Plage J., Awasthi A., Veluguri D., Rastogi S., Dall’Agnese E., Ramanjaneyulu G.V., Jain A.",2022,Impact of the COVID-19 pandemic on agriculture in India: Cross-sectional results from a nationally representative survey,10.1371/journal.pstr.0000026,high,"The study uses a nationally representative sample of Indian farmers and analyzes pandemic impacts on cropping, inputs, sustainable practice adoption, and COVID-19 symptoms in India, so India is the primary study setting and population."
551,"Sharma R., Thakur I.",2022,Impact of bioorganic nutrients and chemical fertilizers on sustainable production of French bean and soil health,10.22438/jeb/43/3/MRN-1948,high,"The study reports field experiments using India-specific organic inputs and Indian currency/affiliation, indicating the research was conducted in and focused on Indian agricultural conditions."
557,"Bhargavi Y., Sudhakar P., Raja Rajeswari V., Giridhara Krishna T.",2022,Influence of Natural Liquid Organics on Morphology and Growth Attributes of Blackgram (Vigna mungo L.),10.18805/ag.D-5288,high,"The field experiment was conducted at S.V. Agricultural College in Tirupati (India) during the Kharif season and studies India-specific natural farming inputs (panchagavya, beejamrutha, jeevamrutha), so India is the primary study context."
567,"Dutta D., Shambu Prasad C.",2022,Motivating youth engagement in sustainable agriculture: institutional innovations in Andhra Pradesh community-managed natural farming,10.1080/09614524.2022.2049215,high,"The paper centrally studies the Andhra Pradesh Community‑managed Natural Farming program in India, focusing on Indian youth (Natural Farming Fellows) and farmer transitions within that specific state."
565,"Mukherjee S., Sain S., Ali M.N., Goswami R., Chakraborty A., Ray K., Bhattacharjee R., Pradhan B., Ravisankar N., Chatterjee G.",2022,"Microbiological properties of Beejamrit, an ancient Indian traditional knowledge, uncover a dynamic plant beneficial microbial network",10.1007/s11274-022-03296-3,high,"The paper explicitly studies Beejamrit, an ancient Indian seed‑treatment formulation and its microbial properties, framing the practice and application in the Indian agricultural context, so India is the central focus."
558,"Sharma S., Rana V.S., Rana N.S., Bhardwaj V., Pawar R.",2022,"Influence of organic amendments on growth, yield, fruiting and nutritional status of kiwifruit vineyard",10.5958/0974-0112.2022.00009.3,high,"Published in the Horticulture Society of India and using India-specific organic inputs and practices (e.g., Panchgavya, Jeevamrit, neem cake) indicates the study was conducted in and is focused on the Indian context."
573,"Aulakh C.S., Sidhu A.S., Singh S., Singh D.",2022,ORGANIC AND NATURAL FARMING IN NORTH-WEST INDIA: FARMERS’ PERSPECTIVE,10.5958/2395-146X.2022.00150.8,high,"The study is based on a geo-tagged survey of organic/natural farmers in five districts of Punjab, north-west India, making an Indian state and its farmer population the primary focus."
579,"Thakur J.S., Kaur H., Thakur C.D.S.",2022,"Power of Millets- Critical for addressing Ecological, Agrarian, and Emerging health crisis in Punjab",10.47203/IJCH.2022.v34i04.022,high,"The study explicitly focuses on the Indian state of Punjab as the primary study site, discussing its agricultural, ecological, and health challenges and proposing millet-based solutions for that context."
584,"Mahajan A., Dev K.",2022,Resource Use Efficiency of Natural Farming Systems in Low Hills of Himachal Pradesh,10.35716/IJED/21314,high,"The study specifically investigates natural farming systems in the low hills of Himachal Pradesh with a sample of local farmers, making an Indian state the primary study site and focus."
588,"Dev P., Paliyal S.S., Rana N.",2022,"Subhash palekar natural farming-scope, efficacy and critics",10.36953/ECJ.021896-2158,high,"The paper centrally discusses Subhash Palekar/Zero Budget Natural Farming in the context of India’s population, agricultural policy (including the 2018–19 economic survey) and national food/nutrition goals, so India is the primary focus."
600,Dorin B.,2022,"Theory, Practice and Challenges of Agroecology in India",10.1080/14735903.2021.1920760,high,"The paper explicitly examines agroecology in India with a detailed case study of Andhra Pradesh and discusses India-specific policies, practices, and debates, making India the central focus."
594,"Ajl M., Sharma D.",2022,The Green Revolution and transversal countermovements: recovering alternative agronomic imaginaries in Tunisia and India,10.1080/02255189.2022.2052028,high,"This comparative historical article treats India as one of the two primary case studies, explicitly analyzing Indian dissident agronomists and political thinkers and their alternative agronomic imaginaries, making India a central focus of the analysis."
604,"Balla J., Goswami K.",2022,"Understanding the constraints and reasons to adopt natural farming - a study on rice growing farmers of Andhra Pradesh, India",10.1080/14735903.2022.2070340,high,"The paper investigates adoption and constraints of natural farming among rice farmers in Andhra Pradesh, using a large India-specific sample and Andhra Pradesh as the primary study site and dataset."
603,Sharma S.B.,2022,Trend setting impacts of organic matter on soil physico-chemical properties in traditional vis -a- vis chemical-based amendment practices,10.1371/journal.pstr.0000007,high,"The study is conducted in the Kachchh region of Western India and analyzes soil amendment practices and soil properties specific to that Indian agro-ecological context, making India the central study site."
609,"Jeevana Lakshmi E., Kumar M D., Sawargaonkar G.L., Naik A. H K., Dhananjaya B.C.",2022,Zinc and iron biofortification in pearl millet cultivars as influenced by different fertifortification strategies in semi arid tropics,10.1080/01904167.2022.2067052,high,"The study reports field experiments conducted at a research station in Hiriyur, Karnataka, evaluating pearl millet cultivars and micronutrient fertifortification in an Indian semi‑arid context, so India is the primary study site."
612,Raina R.S.,2023,AGRICULTURE AND THE DEVELOPMENT BURDEN,10.4324/9781003278436-8,high,"The chapter explicitly analyzes the political economy, policy changes, and historical phases of agriculture in India (including the 2020 Farm Laws), making India the primary case and focus."
606,"P D., Kongkham B., Satya S., P H.",2022,Untangling microbial diversity and functional properties of Jeevamrutha,10.1016/j.jclepro.2022.133218,high,"The paper centers on Jeevamrutha, a traditional microbial bioformulation used in Indian organic agriculture, and reports field trials and soil health impacts tied to that India-specific farming practice, making India the primary context."
616,"Nair M.S., Augustine A.",2023,"Agroecological transitions during COVID-19: evidence from Kerala, India",10.1080/21683565.2023.2275154,high,"The paper is a case study of agroecological transitions in Kerala, focusing on Kerala government policies, programs (Subhiksha Keralam) and farm-level outcomes during COVID-19, so an Indian state is the primary focus."
619,"Ghuriani V., Wassan J.T., Deolal P., Sharma V., Dalal D., Goyal A.",2023,An Integrative Approach Towards Recommending Farming Solutions for Sustainable Agriculture,10.18006/2023.11(2).306.315,high,"The study uses a dataset collected from multiple Indian states and evaluates Zero Budget Natural Farming (an Indian farming program), making India the primary study context."
617,Abrol D.,2023,Agroecology and Agrarian Transitions: Current Debate in India,10.1177/22779760231164861,high,"The paper centers on India’s national policy and programs (ZBNF/NMNF) and analyzes agrarian structures, impacts, and barriers within the Indian context, making India the primary focus."
623,"Saharan B.S., Tyagi S., Kumar R., Vijay, Om H., Mandal B.S., Duhan J.S.",2023,Application of Jeevamrit Improves Soil Properties in Zero Budget Natural Farming Fields,10.3390/agriculture13010196,high,"The paper studies Jeevamrit within Zero Budget Natural Farming, an explicitly Indian farming practice, measures soil/microbial impacts and economics in Indian cropping systems, making India the central focus."
626,"Monicaa M., Krishnan R., Sunitha R., Sanbagavalli S., Manickam S., Senthil A., Sangeetha S.P.",2023,Assessing the Impact of Natural Farming Practices on Quality Parameters of Cotton (Gossypium hirsutum),10.18805/IJARe.A-6115,high,"The study is a field experiment conducted at Tamil Nadu Agricultural University in Coimbatore (India) and focuses on cotton production and farming practices in an Indian state, so India is the primary study site and context."
627,"Garg A.K., Kaushal R., Rana V.S., Singh P.",2023,"Assessment of Yield, Quality and Economics of Kiwifruit (Actinidia deliciosa cv. Allison) Production as Influenced by Integrated Nitrogen Management Strategies in Indian Lower Himalayas",10.1007/s42729-023-01429-7,high,"The study is an empirical, site-specific assessment of kiwifruit yields, quality, soil properties and economics conducted in the Indian Lower Himalayas and evaluates Indian farming systems (e.g., Subhash Palekar’s Natural Farming), so India is the central focus."
636,"Raj H.M.P., Dhananjaya B.N., Prasad B.N.M., Raghunatha Reddy R.L., Shankarappa T.H.",2023,"Characterization of soils under different periods of eucalyptus cultivation and restoration in Malur and Hoskotetaluks of Karnataka, India",10.36953/ECJ.16382521,high,"The study is explicitly focused on soil conditions in Malur and Hosakote taluks of Karnataka and references Karnataka government policy and local agricultural sites, making India the central study context."
638,"Singh M., Hasan F.Q.",2023,Climate Smart Agriculture Practices in India,10.4108/EW.4645,high,"The paper explicitly focuses on climate-smart agriculture in India, uses India-specific statistics (population, GHG share, climate risk ranking) and examines Indian policies, institutions, and financial models, making India the central case and study context."
642,"Senthil S., Raja K.",2023,Comparison of Machine Learning Algorithms for the prediction of Rice Crop Yield in Karnataka,10.1109/ICSTCEE60504.2023.10585142,high,"The study uses data from the Government of Karnataka and explicitly focuses on predicting rice crop yield in Karnataka, making an Indian state the central study site and population of interest."
641,"Monicaa M., Krishnan R., Sunitha R., Sanbagavalli S., Manickam S., Senthil A., Sangeetha S.P.",2023,Comparing the influence of natural farming on cotton (Gossypium hirsutum) yield and economics with integrated and organic farming,10.31018/jans.v15i3.4882,high,"The study is based on field experiments conducted in Coimbatore, Tamil Nadu and evaluates Indian natural farming practices (e.g., Beejamrit, Jeevamrit) for cotton, so India is the primary study site and policy/practice context."
640,"Korat H., Mathukia R., Talaviya H.",2023,"Comparative evaluation of low-cost natural farming, organic farming and conventional farming in major crops of South Saurashtra region at Junagadh, Gujarat, India",10.36953/ECJ.14912463,high,"The study is a field experiment carried out in Junagadh, Gujarat (India) comparing farming systems in Indian crops, so India is the primary study site and focus."
639,"Jaacks L.M., Bliznashka L., Craig P., Eddleston M., Gathorne-Hardy A., Kumar R., Mohan S., Norrie J., Rajan S., Roy A., Yandrapu B., Venkateshmurthy N.S., Prabhakaran P.",2023,Co-Benefits of Largescale Organic farming on huMan health (BLOOM): Protocol for a cluster-randomised controlled evaluation of the Andhra Pradesh Community-managed Natural Farming programme in India,10.1371/journal.pone.0281677,high,"The study is a cluster-randomised evaluation of the Andhra Pradesh Community-managed Natural Farming programme conducted across districts in Andhra Pradesh, India, making the Indian state and its policy the primary study site and focus."
646,"Ghosh R., Ghosh A.",2023,"Conventional farmers’ attitude toward the organic farming: a study on North 24 Parganas, West Bengal, India",10.1007/s13165-023-00433-6,high,"The study is explicitly focused on conventional farmers in North 24 Parganas, West Bengal (India) and uses India-specific data and context, so India is the central focus."
648,"Mawar R., Manjunatha B.L., Sanyal A., Sharma S.K., Singh H.B., Dubey S.C.",2023,"Current Regulatory Requirements for PGPM Products for Management of Seed, Soil and Plant Health: An Overview",10.1007/978-981-19-4124-5_16,high,"The paper explicitly analyzes regulatory mechanisms, challenges, and needed modifications for PGPM product development and commercialization in India, making India the primary policy and study context."
651,"Kumar S., Nain M.S., Sangeetha V., Satyapriya",2023,Determinants and Constraints for Adoption of Zero Budget Natural Farming (ZBNF) Practices,10.48165/IJEE.2023.59427,high,"The study is an empirical analysis conducted in Wardha district, Maharashtra, focusing on Indian farmers, local constraints, and institutions (ZBNF adoption in an Indian state) as the primary case study."
650,"Mandal U.K., Nayak D.B., Ghosh A., Bhardwaj A.K., Lama T.D., Mahajan G.R., Das B., Nagaraja M.S., Kuligod V.B., Rani P.P., Mal S., Samui A., Mahanta K.K., Mandal S., Raut S., Burman D.",2023,Delineation of saline soils in coastal India using satellite remote sensing,10.18520/cs/v125/i12/1339-1353,high,"The study explicitly focuses on coastal India as its primary study area (including ground sampling in the Sundarbans) and provides India-specific estimates and state-level results, so India is the central focus."
657,"Thakur V., Sharma P., Sharma P., Sharma S.",2023,EFFICACY OF BIOLOGICAL WASTE ON CROPPING TRAITS AND NUTRIENT STATUS OF SOIL IN GARDEN PEA UNDER PROTECTED ENVIRONMENT,10.30638/eemj.2023.172,high,"The field experiment was conducted at CSKHPKV in Palampur, Himachal Pradesh, making an Indian state the primary study site and focus of the research."
654,"Shilpa, Sharma P., Kaur M., Sharma A., Rana R.S., Kumar P.",2023,Dynamics of bell pepper using bio nutrient sources in the northwestern Himalayas,10.36953/ECJ.22872585,high,"The study is an experimental field trial conducted in the mid-hill region of Himachal Pradesh (northwestern Himalayas), making an Indian state the primary study site and focus of the research."
663,"Verma H.P., Sharma O.P., Shivran A.C., Yadav L.R., Yadav R.K., Yadav M.R., Meena S.N., Jatav H.S., Lal M.K., Rajput V.D., Minkina T.",2023,"Effect of Irrigation Schedule and Organic Fertilizer on Wheat Yield, Nutrient Uptake, and Soil Moisture in Northwest India",10.3390/su151310204,high,The study is a field experiment conducted in semiarid northwestern India and reports India-specific results and recommendations for wheat irrigation and organic manure management.
660,"Kamal N., Parshad J., Saharan B.S., Kayasth M., Mudgal V., Duhan J.S., Mandal B.S., Sadh P.K.",2023,Ecosystem Protection through Myco-Remediation of Chromium and Arsenic,10.3390/jox13010013,high,"The study's samples and field sites are located in Hisar and Panipat, and the research centers on fungal bioremediation of chromium and arsenic in those Indian contaminated soils, making India the primary study context."
667,"Jaswal R., Sandal S.K.",2023,Effect of tillage and irrigation on growth and productivity in maize-wheat sequence,10.1016/j.jafr.2023.100594,high,"The field experiment was conducted at CSK HPKV Palampur in Himachal Pradesh and the study evaluates tillage and irrigation treatments in maize–wheat systems at that Indian location, so India is the primary study site and focus."
669,"Singla N., Verma G.",2023,Emerging Opportunities for Restructuring Livestock Products and Supply Chains in Post-COVID-19 in India: A Review,10.35716/IJED-23335,high,"The paper explicitly examines the livestock sector and supply-chain restructuring in post-COVID-19 India, reviewing India-specific developments, policy implications, and recommendations, making India the primary focus."
653,"Babajani A., Muehlberger S., Feuerbacher A., Wieck C.",2023,Drivers and challenges of large-scale conversion policies to organic and agro-chemical free agriculture in South Asia,10.1080/14735903.2023.2262372,high,"The paper analyzes large-scale organic conversion programs including Sikkim (an Indian state) as one of the central case studies, making India a primary focus of the study."
674,"Nagesh, Hongal S., Raghunatha R., Gurumurthy S.B., Parameswarappa M.H., Meti S., Bhat D.S.",2023,Evaluation of different management practices against yellow Sigatoka disease of banana (Musa spp.) caused by Mycosphaerella musicola Leach,10.36953/ECJ.22942591,high,"The study reports an experiment conducted in Sirsi, Uttara Kannada district of Karnataka and evaluates management practices for banana disease in an Indian research field, making India the primary study site and context."
666,"Sharma T., Singh J., Singh A., Sharma R., Chauhan G.",2023,"Effect of organic nutrient sources on the yield, nutrient uptake and nodulation in Cowpea (Vigna unguiculata) under mid-hill conditions of Western Himalayas",10.36953/ECJ.13232381,high,"The study is a field experiment carried out at CSK Himachal Pradesh Krishi Vishwavidyalaya in Palampur and examines cowpea production under Western Himalayas mid‑hill conditions, making an Indian state the primary study site and context."
675,"Arif M., Kumar R., Kumar A., Gupta D.L.",2023,Evaluation of forage qualities of sorghum (Sorghum bicolor L.) under varying jeevamrit formulations and their spraying interval,10.56093/ijans.v93i7.131922,high,"The study is an on-farm experiment conducted at an ICAR research institute in Makhdoom using jeevamrit (an Indian natural farming input), so India is the primary study site and policy/context focus."
680,"Boora S., Kaur B., Tyagi R., Bishnoi D.K., Manisha, Rohit",2023,Extent of Adoption of Intercropping Practices Among Farmers of Haryana,10.48165/IJEE.2023.59105,high,"The study is explicitly conducted in Haryana (an Indian state) using primary data from local farmers, making India the central study context and population."
685,Bhattacharjee S.,2023,From Farmer to Consumer: Exploring Proximity and Direct Selling Initiatives of Organic Farmers of Delhi NCR During COVID-19,10.48416/ijsaf.v29i2.532,high,"The study specifically investigates organic farmers in Delhi NCR (National Capital Region), India, using India as the primary study site and population of interest."
681,Lyngkhoi D.R.,2023,Factors Associated with Shifting Cultivation in Meghalaya: Policy Perspective Probit Approach,10.63040/25827510.2023.02.005,high,"The study explicitly focuses on shifting cultivation in Meghalaya (an Indian state), uses a household survey of 250 farmers there, and assesses policy implications for that Indian region, so India is the central context."
684,"Karmakar M., Banerjee M., Ghosh D.",2023,Formulation of Geotourism Development Strategies for Potential Geoheritage Sites in Subarnarekha-Kangsabati Interfluve Zone Using Tourist Assessment Value and SWOT-AHP Hybrid Model,10.1007/978-3-031-31399-8_29,high,"The paper evaluates geotourism potential and develops strategies for specific geoheritage sites in the Subarnarekha–Kangsabati interfluve (individual hills such as Ajodhya, Dalma, Jhilimili), a clearly Indian region, so India is the central study focus."
688,"Sood R., Katna G., Chand U., Sood V.K.",2023,G × E interaction studies under natural farming and inorganic production system in maize (Zea mays L.),10.37992/2023.1404.175,high,"The study's field experiments were carried out in Palampur and Kangra (locations in India) and analyze maize genotype-by-environment interactions specifically under Indian natural and inorganic farming systems, making India the central focus."
693,"Saini A., Manuja S., Singh G., Upadhyay R.G., Kumar A., Sharma R.P.",2023,"Growth, yield and yield components of rice (Oryza sativa) as influenced by tillage methods and cultivars",10.56093/ijas.v93i7.135376,high,"The study was conducted at a research farm in Palampur, Himachal Pradesh and evaluates rice cultivars and tillage methods in that specific Indian state, making India the clear primary study site and focus."
695,"Shraddha, Shukla Y.R., Thakur K., Vashishat R.K., Sharma S., Chandel R.S., Dhingra S., Alam T., Khargotra R., Jyoti K.",2023,Impact of fermented organic formulations combined with inorganic fertilizers on broccoli (Brassica oleracea L. var. italica Plenck) cv. Palam Samridhi,10.1016/j.heliyon.2023.e20321,high,"The field experiment was conducted in the mid-hills of Himachal Pradesh (an Indian state) and focuses on India-specific farming inputs, practices, and economic outcomes, making India the central study context."
691,"Thakur G., Paul S., Katna G., Chandel U.",2023,Genotype by environment (G × E) interaction analysis for seed yield and other contributing traits in linseed (Linum usitatissimum L.) across conventional and zero budget natural farming production systems in north-western Himalayas,10.31742/ISGPB.83.4.12,high,"The study is conducted in Himachal Pradesh (north-western Himalayas) and evaluates linseed genotypes and production systems (including ZBNF) at specific Indian locations, so India is the central study context."
697,"Shyam A., Sharma D.P., Dogra R.K., Kaushal R.",2023,"Improved soil physico-chemical characteristics, soil moisture and plant growth properties through vertical mulching in a plum orchard",10.1080/01448765.2023.2217526,high,"The study is empirically focused on plum orchards in Himachal Pradesh, India, using local manures and mulching practices, so India is the primary study site and context."
699,Nichols C.E.,2023,Inflammatory agriculture: Political ecologies of health and fertilizers in India,10.1177/25148486221113557,high,"The study explicitly investigates farmers’ perceptions and health–fertilizer relations using qualitative data from two eastern Indian districts, making India the primary study site and focus."
703,"Kaur J., Singh D.",2023,"LONG TERM EFFECTS OF ORGANIC LAND USE SYSTEMS ON SOIL QUALITY IN A SEMI-ARID CLIMATE OF PUNJAB, INDIA",10.5958/2395-146X.2023.00112.6,high,"The study explicitly examines long-term organic land use systems and soil quality in Punjab, India, making an Indian state the central study site and primary context of the research."
689,Mulia P.,2023,GANDHI’S ECOSOPHY: A PROBLEM OR PANACEAS FOR ENVIRONMENTAL SUSTAINABILITY,10.5840/du202333334,medium,"The paper centrally analyzes Mohandas K. Gandhi’s ecosophy and specifically Indian concepts (swarajya, sarvodaya, trusteeship, etc.), so its primary focus is on Indian thought and implications for village economy/rural sustainability even though no empirical Indian dataset is cited."
705,"Turnbull J., Barua M.",2023,"Living waste, living on waste: A bioeconomy of urban cows in Delhi",10.1111/tran.12573,high,"The paper is explicitly centered on urban bovine biopolitics in Delhi, drawing on Indian archival material, ethnography, and local institutions (gaushalas), so India is the primary case and context."
700,"Sharma R., Gautam S., Verma S.C., Sood G., Bharat N.K., Thakur K.S., Chandel A., Thakur U.S., Bishist R., Sharma S., Kumar P., Chandel R.S.",2023,Influence of Modified Atmospheric Packaging on Shelf-Life and Quality of Naturally Grown Tomato (Solanum lycopersicum L.) Stored Under Different Conditions,10.1590/1678-4324-2023220466,high,"The study specifically compares tomatoes produced using Subhash Palekar Natural Farming (an India-origin farming system) and employs ZECC storage methods common in Indian horticulture, indicating an India-specific agricultural context and dataset."
711,"Kumar R., Kumar S., Yashavanth B.S., Venu N., Meena P.C., Dhandapani A., Kumar A.",2023,Natural Farming Practices for Chemical-Free Agriculture: Implications for Crop Yield and Profitability,10.3390/agriculture13030647,high,"The paper is an empirical study conducted in India using survey data from farmers in three Indian states (Andhra Pradesh, Karnataka, Maharashtra), making India the central study site and population."
713,"Duddigan S., Shaw L.J., Sizmur T., Gogu D., Hussain Z., Jirra K., Kaliki H., Sanka R., Sohail M., Soma R., Thallam V., Vattikuti H., Collins C.D.",2023,Natural farming improves crop yield in SE India when compared to conventional or organic systems by enhancing soil quality,10.1007/s13593-023-00884-x,high,"The study is an empirical field experiment conducted across 28 farms in six districts of Andhra Pradesh, India, with India (a specific Indian state and districts) as the primary study site and context."
718,"Mukherjee S., Biswas S., Sankar A., Biswas R., Sarkar B., Yadav P., Dey S., Pathak S., Gowtham R., Biswas S., Dhote V.W., Mishra P.K., Singh A.K., Dutta A.K.",2023,Optimizing the Application Timing of Liquid Organic Formulations and Their Effect on Sustainable Cowpea Production in Soils of Eastern Indian Plateau,10.1007/s42729-023-01439-5,high,"The study is conducted on the Eastern Indian Plateau, evaluates indigenous Indian organic formulations (beejamrit, jeevamrit) and their effects on cowpea within a 13-year Indian organic production system, so India is the primary study context."
725,"Naikah K., Goudra S., Govinda K., Anantha Rama A., Divyajyothi U., Sujatha S., Pallavi M.",2023,"Performance of maize (Zea mays)+ field bean (Dolichos lablab) intercropping system under natural, organic and conventional farming practices",10.56093/ijas.v93i9.136842,high,"The study was conducted at a research station in Hiriyur, Chitradurga, Karnataka and evaluates farming practices, yields, and economics in an Indian agricultural context, making India the primary focus."
716,Ram R.A.,2023,On-Farm Organic Inputs Generation for Quality Vegetable Production,10.1007/978-981-19-9016-8_7,high,"The paper uses India-specific data on crop residues and municipal waste and discusses Indian on-farm input practices (e.g., Jeevamrita, Amritpani, cow pat pit) and rooftop gardening in India, indicating India is the central focus."
723,"Rana N., Kumar R., Punam, Sharma G.D., Sharma R.P., Pareek B., Upadhyay R.G.",2023,Performance of Different Farming Practices in Legume based Cropping System under Mid-hills of H.P. Himalayas,10.18805/LR-4722,high,"The paper is based on field experiments conducted in Palampur, Himachal Pradesh (mid-hills of the H.P. Himalayas) and analyzes farming practices and cropping systems specific to that Indian region, so India is the central study site."
726,Das S.,2023,Politically Branding India’s “First Fully Organic State”: Re-Signification of Traditional Practices and Markets in Organic Agriculture,10.1007/s10806-023-09915-9,high,"The study focuses on Sikkim, a specific Indian state, using ethnographic interviews and policy/discourse analysis of the state's transition to fully organic agriculture, making India the central case and policy context."
728,Stock R.,2023,Power for the Plantationocene: solar parks as the colonial form of an energy plantation,10.1080/03066150.2022.2120812,high,"The paper explicitly analyzes solar park development and land dispossession in India, using Indian caste and agrarian land politics as the central case and policy/context for its arguments."
729,"Sambrajyam J.T., Rao J.R., Reddy E.E., Chowdary K.Y.",2023,Prakruthi Sedhya: A Natural Farming Mobile App,10.1109/ICECONF57129.2023.10084002,high,"The study is centered on Andhra Pradesh, India (APCNF/RySS programs), uses India-specific data, language (Telugu), and policy information (MSP), so India is the primary focus."
734,"Gorripati R., Thakur M., Kolagani N.",2023,Promoting Climate Resilient Sustainable Agriculture Through Participatory System Dynamics with Crop-Water-Income Dynamics,10.1007/s11269-023-03533-w,high,"The study is a case study of groundwater and agricultural dynamics in an upland village in southern India, using local stakeholders and India-specific data and context, so India is the central focus."
732,"Thakur M., Aulakh C.S., Sidhu A.S.",2023,Productivity and economic feasibility of vegetable-based cropping system under organic and natural farming conditions in Indo-Gangetic plains of India,10.58993/ijh/2023.80.4.13,high,"The study is an empirical field experiment conducted in the Indo-Gangetic Plains (northwest India) and evaluates Indian vegetable-based cropping systems and farming practices, so India is the central study context."
738,"Singh I., Hussain M., Manjunath G., Chandra N., Ravikanth G.",2023,Regenerative agriculture augments bacterial community structure for a healthier soil and agriculture,10.3389/fagro.2023.1134514,high,"The study explicitly examines regenerative farming practices used by Indian farmers and analyzes soil microbial and nutrient outcomes in plots growing ragi and vegetables, indicating India is the primary study context."
743,"Gill S., Johal R.K.",2023,"Resurrecting sustainable farming in India’s Granary: current practices, challenges and solutions",10.1080/21683565.2023.2251430,high,"Study explicitly examines farmers’ practices, challenges, and scaling solutions in Punjab (an Indian state), making India the primary study site and population of interest."
741,"Maity S., Sinha A., Rath M.K., Barlaskar U.R.",2023,Resource Use Efficiency and Cleaner Agricultural Production: An Application of Technical Inefficiency Effects Model for Paddy Producing Zones of West Bengal,10.7160/aol.2023.150205,high,"The study analyzes resource use and technical inefficiency using a dataset of 14,960 farms across five paddy-producing zones in West Bengal, making an Indian state the central study site and population of interest."
750,"Bahinipati C.S., Singh A.K., Patnaik U.",2023,Soil-based interventions for economic returns in India,10.18520/cs/v124/i5/547-553,high,"The abstract explicitly analyzes empirical evidence on soil-based interventions and economic returns in India, cites India-specific crops and the national Soil Health Card policy, so India is the central focus."
745,"Thakur G., Paul S., Gautam R.K., Langyan S.",2023,Revelation of Genotype × Environment Interaction in Linseed (Linum usitatissimum L.) under Conventional and Natural Farming Production Systems in the North-Western Himalayas,10.1155/2023/3768192,high,"The study evaluates linseed genotypes across multiple specific locations in the North‑Western Himalayas (Palampur, Bajaura, Kangra, Dhaula Kuan), indicating India is the primary study site and focus."
752,"Paul B., Murari K.K., Patnaik U., Bahinipati C.S., Sasidharan S.",2023,Sustainability transition for Indian agriculture,10.1038/s41598-023-34092-0,high,"The paper explicitly analyzes the transition to sustainable inputs in Indian agriculture, uses India-specific statistics and farmers as the study population, and discusses Indian policy and state investment needs, making India the central focus."
751,"Sangappa, Rafi D., Laxmi B., Charishma E., Srinivasa Babu K.",2023,Strengthening Millet Value Chain through Farmer Producer Organizations,10.48165/IJEE.2023.59305,high,"The study uses Indian institutions and programs (ICAR-IIMR, GeM, ONDC, state MSP policies) and focuses on Farmer Producer Organizations and value-chain interventions in the Indian millet context, so India is the primary setting and focus."
755,"Yadav R., Sudhishri S., Khanna M., Lal K., Dass A., Kushwaha H.L., Bandyopadhyay K., Dey A., Kushwah A., Nag R.H.",2023,Temporal characterization of biogas slurry: a pre-requisite for sustainable nutrigation in crop production,10.3389/fsufs.2023.1234472,high,"The study analyzes biogas slurry samples from specific Indian locations (IARI New Delhi, Daryapur Kalan, Madanpur in Uttar Pradesh), so India is the primary study site and dataset."
753,"Das T.K., Kumar S., Das A., Ansari M.A., Raj R., Ghosh S.",2023,Sustainable Production Systems,10.1007/978-981-19-7997-2_21,high,"The abstract explicitly centers on India’s agricultural experience (Green Revolution, Green Revolution belts, rice–wheat growing areas, rainfed agro-ecosystems) and gives India-specific recommendations, so India is the primary focus."
761,Kumpf D.,2023,The Organic Monocrop Experimenting with Green Growth on Indian Tea Plantations,10.1215/22011919-10422256,high,"The study is based on ethnographic data from Indian tea plantations and focuses on the processes of converting those plantations to organic agriculture, making India the primary study site and central focus."
763,"Seufert V., Austin S.E., Badami M.G., Turner S., Ramankutty N.",2023,"The diversity of organic farmer motivations and livelihoods in the Global South – A case study in Kerala, India",10.1016/j.geoforum.2022.103670,high,"The paper is a case study explicitly focused on organic farmers in the Indian state of Kerala (districts Thrissur and Wayanad), using India-specific data and policy implications, so India is the central study context."
766,"Smith J., Nayak D., Yeluripati J.",2023,The potential use of biochar to reduce nitrogen waste from farming systems in India,10.1016/j.crsust.2023.100224,high,"The study explicitly quantifies the impacts of biochar on nitrogen waste in India and uses India-specific assumptions and national-level estimates, making India the central focus of the analysis."
768,"Dutta D., Prasad C.S., Chakraborty A.",2023,Thinking beyond Ecology: Can Reskilling Youth Lead to Sustainable Transitions in Agri-Food Systems?,10.3390/socsci12090478,high,"The paper explicitly examines agroecological initiatives across India and uses two India-specific case studies (Natural Farming Fellows and a Gandhian university) to analyse youth reskilling for sustainable agri-food systems, making India the central focus."
770,"Bankar R.S., Lihitkar S.R.",2023,Trends in organic farming research in India (2002–2021),10.18520/cs/v125/i5/483-489,high,"The study explicitly analyzes organic farming research in India over 2002–2021, uses India-focused data (e.g., Indian journals, institutions) and benchmarks research activity specific to India, making India the central focus."
771,"Sharma B.M., Scheringer M., Chakraborty P., Bharat G.K., Steindal E.H., Trasande L., Nizzetto L.",2023,"Unlocking India’s Potential in Managing Endocrine-Disrupting Chemicals (EDCs): Importance, Challenges, and Opportunities",10.1007/s12403-022-00519-8,high,"The paper explicitly analyzes India’s current endocrine-disrupting chemical management, assesses limitations within the Indian policy and monitoring context, and proposes India-specific reforms, making India the central focus."
778,"Sony R.K., Münster D., Krishnan S.",2023,"What counts as evidence? Examining the controversy over pesticide exposure and etiology in an environmental justice movement in Kerala, India",10.1080/23251042.2022.2124625,high,"The paper is a sociological case study focused on endosulfan exposure and environmental justice in northern Kerala, India, with Indian actors, population, and policy context central to the analysis."
784,"Ramdas S.R., Pimbert M.P.",2024,A cog in the capitalist wheel: co-opting agroecology in South India,10.1080/03066150.2024.2310739,high,"The paper focuses explicitly on Andhra Pradesh’s Zero Budget/Community Managed Natural Farming programme and analyses agroecology and agrarian change in that Indian state, making India the central case and policy context."
783,"Kumar M., Gupta T., Baghel V.",2024,A Comprehensive Analysis of the 2023 Himalayan Disasters in Himachal Pradesh: Multi-Sectoral Impacts and Strategic Mitigation Approaches,10.1051/e3sconf/202459601009,high,"The paper explicitly analyzes 2023 monsoon disasters in Himachal Pradesh and examines multi-sectoral impacts and mitigation within that specific Indian state, making India the primary focus."
781,"Meena D.K., Das B.K., Das A.K., Sahoo A.K.",2024,13th Indian fisheries and aquaculture forum focuses on natural farming solutions: a promising path towards sustainable fish production,10.22034/iar.2024.2008481.1625,high,"The article centers on the 13th Indian Fisheries and Aquaculture Forum, discusses natural farming in the Indian aquaculture context, and references Indian government officials and national policy implications, making India the primary focus."
782,"Sadhukhan R., Sharma L.D., Lalhmingsanga, Thangjam R., Chanbisana C.",2024,"A Case Study of Natural Farming in Mizoram, North-East India",10.1201/9781003309581-18,high,"The paper is a case study focused on natural farming in Mizoram, a specific state in northeast India, making India the central study site and context."
792,"Srinivasa Reddy M., Mishra B.",2024,Advancing Women’s Empowerment and Labour Market Mobility Through MGNREGA in Andhra Pradesh and Telangana,10.1007/978-981-97-9218-4_11,high,"The study centers explicitly on India—analyzing MGNREGA impacts and APCNF in the Indian states of Andhra Pradesh and Telangana, making India the primary case and policy context."
790,"Pathak S.K., Kushwaha R.A., Sah A.K.",2024,Adoption of Trench Method Cane Planting and its Role in Increasing Cane Yield and Sugar Recovery in Uttar Pradesh,10.1007/s12355-023-01333-5,high,"The study is explicitly focused on Uttar Pradesh, India, using district- and village-level farmer samples and India-specific adoption and yield outcomes, so India is the primary study context."
789,"Bharamappanavara S.C., Srivastava Y., Baraj B., Mishra A.K.",2024,Adoption and Scaling Regenerative Agriculture: Strategies for Sustainable Resource Management in Rice-Based Systems,10.1007/978-981-97-7564-4_10,high,"The paper centrally examines natural/sustainable farming adoption in India, cites the Indian Green Revolution context, discusses Indian farmers and specific Indian states (e.g., Andhra Pradesh), and uses Indian rice-based systems as the primary case and population."
794,"Gill S., Johal R.K.",2024,Agrarian Distress in Indian Punjab: A Public Policy Paralysis,10.1525/cse.2024.2168761,high,"The paper focuses specifically on agrarian distress and policy options in Punjab (an Indian state) and discusses the Indian policy context and stakeholders, making India the central study site."
799,"Shubham, Mukteshawar R., Rohila A.K., Chahal P.K., Ghanghas B.S., Kumar R.",2024,Analysis of constraints on the adoption of management practices for water conservation in Haryana,10.36953/ECJ.26032748,high,"The study is explicitly based on primary fieldwork in five districts of Haryana, India, focusing on Indian farmers and local water-conservation management constraints, so India is the central study context."
805,Mishra B.,2024,Assessing Farm Income and Input Efficiency Under Zero-budget Natural Farming in India,10.1177/00194662241265469,high,"The study explicitly examines Zero-budget Natural Farming among Indian farmers using household survey data and Indian policy/contextual analysis, making India the primary study site and population of interest."
806,"Habanyati E.J., Paramasivam S., Seethapathy P., Manalil S.",2024,"Assessing Organic Farming Adoption in Selected Districts of Tamil Nadu: Challenges, Practices, and Pathways for Growth",10.3390/agronomy14112537,high,"The paper is centrally focused on organic farming adoption in Tamil Nadu (India), using a primary survey of farmers across specific Indian districts and region-specific analyses, so India is the primary study context."
812,"Saini A., Manuja S., Upadhyay R.G., Manhas S., Sahoo C., Singh G., Sharma R.P., Johnson R., Joel J.M., Puthur J.T., Imran M., Fayezizadeh M.R.",2024,"Assessing the effect of soil cultivation methods and genotypes on crop yield components, yield and soil properties in wheat (Triticum aestivum L.) and Rice (Oryza sativa L.) cropping system",10.1186/s12870-024-05001-y,high,"The study explicitly investigates rice–wheat cropping systems, tillage practices, and Indian crop genotypes in the Indo‑Gangetic plains/North‑Western states of India using field experiments, so India is the central study context."
808,"Thakur P., Paliyal S.S., Gill A., Thakur P., Butail N.P., Dev P., Thakur A., Kumar P.",2024,Assessing Soil Quality and Wheat Productivity under Manure Augmented Natural Farming,10.1007/s42106-024-00312-4,medium,"The study evaluates natural farming using Jeevamrit and farmyard manure in a rainfed wheat–chickpea system—Jeevamrit is a specifically Indian natural-farming input and the cropping seasons (2018–19, 2019–20) and practices indicate an India agricultural context, though no explicit state/country is named in the abstract."
814,"Pradhan A., Srijaya M.",2024,"Assessment of postharvest quality attributes and storability of sweet lime (Citrus limonia) var. Rangpur: a comparative investigation of conventional and indigenous organic cultivation in Andhra Pradesh, India",10.1007/s13165-024-00475-4,high,"The study is explicitly conducted in Andhra Pradesh, India and focuses on Indian sweet lime cultivation and indigenous organic inputs, making India the central study site and context."
813,"Pathania S., Ram Dhiman S., Kashyap B., Kumar A., Kaushal R., Kumar Gupta R., Alkahtani J., AlMunqedhi B.M.",2024,"Assessing the influence of planting time and fertilization on growth, flowering, yield and soil properties of chrysanthemum",10.1016/j.jksus.2024.103418,high,"The experiment and dataset come from a university research station in Himachal Pradesh, India, making India the primary study site and central focus of the paper."
818,"Kuruganti K., Prasad C.S., Shah K.",2024,Balancing Collaboration with Autonomy: Civil Society and Agroecology Movement in India,10.1177/09730052241301501,high,"The paper explicitly examines the agroecology movement and civil society actions within India, traces historical and policy developments in the Indian context, and focuses on Indian state-level scaling of natural farming, making India the central study site."
830,"Keller C., Joshi S., Joshi T., Goldmann E., Riar A.",2024,Challenges for crop diversification in cotton-based farming systems in India: a comprehensive gap analysis between practices and policies,10.3389/fagro.2024.1370878,high,The study explicitly examines crop diversification in cotton-based farming systems across multiple specific Indian states and uses India-focused stakeholders and national policy analysis as its core focus.
827,"Pattanayak K.P., Mallik B., Tripathy S., Rao S.K., Padhy C.",2024,COST-RETURN STRUCTURE AND FARMERS’ OPINIONS ON CASHEW NUT CULTIVATION: A COMPARATIVE STUDY OF SMALL AND LARGE SCALE FARMERS FROM INDIA [ESTRUTURA DE RETORNO DE CUSTOS E OPINIÕES DOS AGRICULTORES SOBRE O CULTIVO DE CASTANHA DE CAJU: UM ESTUDO COMPARATIVO DE PEQUENOS E GRANDES AGRICULTORES DA ÍNDIA],10.24857/rgsa.v18n4-067,high,"The study explicitly analyzes cost-return and farmer perspectives on cashew cultivation using primary data from farmers in India, making India the central study site and population."
829,"Upadhyay S., Mehta N., Jaishri",2024,Challenges and opportunities of linseed crop for multipurpose-multisector industrial applications,10.1016/B978-0-443-15439-3.00011-4,medium,"The abstract discusses country-specific issues (low-resource rainfed systems, underdeveloped market chains, and imports of high-quality linen) and explicitly references India, indicating the paper focuses on India's linseed production and industrial constraints."
835,"Chauhan N., Bakshi M., Singh S.K., Sharma J.B., Shaifali",2024,Comparative evaluation of strawberry cultivars under Subhash Palekar natural farming and conventional farming regimes in Doaba region of Punjab conditions,10.31018/jans.v16i1.5309,high,The study is a field experiment conducted in the Doaba region of Punjab (India) with Indian farming systems and cultivars as the central focus.
837,"Malakannavar S., Ananthakumar M.A., Sanjay M.T., Divyashree K.S., Nagaraju M.C., Bindushree C., Shivakumar M.N.",2024,Comparison of natural farming with organic and conventional farming practices in green gram-paddy cropping system,10.56042/ijtk.v23i8.2914,high,"The field experiments were conducted at a research station in Mandya, Karnataka and the study compares farming practices in the Indian context (including UAS Bengaluru recommendations), so India is the primary study site and focus."
836,"Mishra A.K., Yadav P., Sharma S., Maurya P.",2024,Comparison of microbial diversity and community structure in soils managed with organic and chemical fertilization strategies using amplicon sequencing of 16 s and ITS regions,10.3389/fmicb.2024.1444903,high,"The study's empirical data and case sites are from the IRRI-South Asia Regional Centre in Varanasi, India, comparing farming management practices there, so India is the central study location and focus."
839,"Hasanain M., Singh V.K., Rathore S.S., Meena V.S., Meena S.K., Shekhawat K., Singh R.K., Dwivedi B.S., Singh R., Babu S., Upadhyay P.K., Kumar A., Kumar A., Fatima A., Verma G., Kumar S.",2024,"Crop establishment and nutrient management options: Optimizing productivity, maximize profitability and mitigating adverse climatic conditions in the maize-based production system of Northwest India",10.1016/j.fcr.2024.109606,high,"The study is explicitly conducted in the Northwestern Indo‑Gangetic Plains and frames maize crop establishment and nutrient management recommendations for Northwest India, making India the central study site and context."
841,"Senapati U., Das T.K.",2024,"Delineation of potential alternative agriculture region using RS and AHP-based GIS techniques in the drought prone upper Dwarakeswer river basin, West Bengal, India",10.1016/j.ecolmodel.2024.110650,high,"The paper’s primary study site and analysis are explicitly the drought‑prone upper Dwarakeswer river basin in West Bengal, India, so India (a specific Indian region) is the central focus."
845,"Patil D., Jha S.K., Bellagi R.D., Priyanka B.N., Gunashekhar H., Chethan Patil N.D.",2024,Diverging Views on Zero Budget Natural Farming (ZBNF): Insights from Farmers in Northern Karnataka,10.48165/IJEE.2024.60402,high,"The study is based on primary survey data from farmers in two districts of Northern Karnataka, India, making an Indian state the central study site and the Indian farming population the primary focus."
847,"Verma P., Kaur H.",2024,Economic analysis of inefficiency in wheat production: An empirical study from India,10.55493/5008.v12i2.4998,high,"The paper uses primary data from 320 farmers in Uttar Pradesh and analyzes wheat production inefficiency in that Indian state, making India (Uttar Pradesh) the central focus of the study."
848,"Ajatasatru A., Prabhu V., Pal B.D., Mukhopadhyay K.",2024,Economy-wide impact of climate smart agriculture in India: a SAM framework,10.1186/s40008-023-00320-z,high,"The paper uses an Indian Social Accounting Matrix (2017–18) and evaluates climate-smart agriculture interventions, cropping shifts, and policy implications specifically for India, making India the primary study context and dataset."
846,"Athawale S., Singh R., Bey B.S., Singh R.J.",2024,Dynamics and Determinants of Crop Diversification Under Natural Farming Regime in Arunachal Pradesh: Application of Tobit Model,10.63040/25827510.2024.02.010,high,"The paper is a primary empirical study of crop diversification in specific blocks of East Siang District, Arunachal Pradesh, using data from Indian farmers, so India (an Indian state) is the central focus."
849,"Kumari P., Kumar N.",2024,"Effect of different nutrient management practices on productivity, profitability and nutrient dynamics in forage-based cropping systems under mid-hill conditions of north-western Himalayas",10.59515/rma.2024.v45.i1.13,high,The study is an experimental field trial conducted at CSKHPKV Palampur in the north-western Himalayas and focuses on nutrient management and cropping systems specific to an Indian mid-hill context.
857,"Darjee S., Singh R., Dhar S., Pandey R., Dwivedi N., Sahu P.K., Rai M.K., Alekhya G., Padhan S.R., Ramalingappa P.L., Shrivastava M.",2024,"Empirical observation of natural farming inputs on nitrogen uptake, soil health, and crop yield of rice-wheat cropping system in the organically managed Inceptisol of Trans Gangetic plain",10.3389/fsufs.2024.1324798,high,"The study is an on‑farm field experiment conducted in the Trans-Gangetic Plain of India, uses Indian cropping systems (rice–wheat), local cultivars and region-specific natural farming inputs, making India the central study context."
859,"Mishra A.K., Tiwari A., Maurya P.K., Sharma S.",2024,Enhancing ecosystem dynamics: organic and regenerative practices in rice–wheat systems and their impact on soil arthropod biodiversity,10.3389/fenvs.2024.1407954,high,"The empirical study was conducted at IRRI’s South Asia regional centre in Varanasi and analyzes farming practices and soil arthropods in rice–wheat systems located in India, making India the primary study site and focus."
855,"Umesh S.R., Naik B.S., Karthik V.C., Chethan Kumar K.B., Veershetty, Hadimani B.N., Vyas A.K., Gangaraj R.",2024,Efficacy of botanicals against red pumpkin beetle and their impact on pollinator diversity in pumpkin (Cucurbita pepo L.) cultivation,10.58993/ijh/2024.81.3.7,medium,"The study names pollinators (Apis dorsata, Apis florea) and a pest species typical of Indian agroecosystems and is published by the Indian Academy of Horticultural Sciences, strongly implying the research was conducted in India even though the abstract does not explicitly state the study location."
862,"Sahu R.S., Tiwari M.",2024,Ensuring sustainable livelihoods and inclusive growth of Indian smallholder farmers through organic farming: a systematic literature review,10.1007/s42532-024-00190-0,high,"The paper explicitly investigates organic farming and its impacts on smallholder and marginal farmers in India, using a systematic review focused on the Indian context, so India is the central study population and policy context."
860,"Yadav R., Pandey S.T., Supriya, Choudhary L., Yaying M., Kumar A., Sharma A.",2024,"Enhancing sweet basil (Ocimum basilicum L.) yield, soil health and economic returns using Jeevamrit and Kunapajala in the Shivalik Himalayan Region of India",10.53552/ijmfmap.10.2.2024.42-51,high,"The study is a field experiment carried out at G.B. Pant University in Pantnagar, Uttarakhand, within the Shivalik Himalayan Region, making India the primary study site and context."
864,"Soni S.K., Dogra S., Sharma A., Thakur B., Yadav J., Soni R.",2024,Enzyme-powered waste valorization: Simultaneous hydrolysis and fermentation of kitchen waste for biofertilizer production,10.1016/j.biteb.2023.101700,high,"The paper includes Chandigarh (an Indian city) among study keywords and reports local waste valorization and plant trials, indicating the primary study site and data are India-specific."
872,"Thangjam B., Jha K.K., Sharma S., Singh H.",2024,Factors Affecting on Adoption of Sustainable Agricultural Practices in Manipur,10.48165/IJEE.2024.60213,high,"Study is explicitly conducted in Manipur (an Indian state) with India-specific data and sample, making India the central focus of the paper."
870,"Kumar A., Kumar S., Sharma D., Bakshi P., Singh S.K., Samnotra R.K.",2024,Exploring possibilities of broccoli (Brassica oleracea L. var. italica) production under organic management,10.1080/26895293.2024.2407899,high,"The study explicitly investigates organic broccoli production and management practices for farmers in Jammu & Kashmir within the Indian government’s agricultural context, making India the primary study site and population of interest."
867,"Ghasal P.C., Mishra R.P., Choudhary J., Dutta D., Bhanu C., Meena A.L., Ravisankar N., Kumar A., Panwar A.S.",2024,"Evaluation of integrated crop management, organic management and natural farming in basmati rice-wheat system under Upper Indo-Gangetic Plains",10.1080/01904167.2023.2209117,high,"The study is conducted in the Upper Indo-Gangetic Plains and focuses on the basmati rice–wheat system and locally used Indian management practices (e.g., Beejamrit, Jeevamrit, natural farming), so India is the primary study context."
871,Mishra A.,2024,Extension Strategies for Climate Resilient Agriculture in Eastern Himalayan,10.1007/978-981-99-8014-7_13,high,"The study explicitly analyzes farmer perceptions, adaptation strategies, and extension policies for climate-resilient agriculture in India’s Eastern Himalayan region (Central Agricultural University, Imphal, Manipur and the seven North East states), making India the central focus."
868,"Ch L.D., Bharath Y., Bliznashka L., Kumar V.T., Jonnala V., Chekka V., Yebushi S., Roy A., Venkateshmurthy N.S., Prabhakaran P., Jaacks L.M.",2024,"Evidence of potential impacts of a nutrition-sensitive agroecology program in Andhra Pradesh, India, on dietary diversity, nutritional status, and child development",10.1371/journal.pone.0286356,high,"The study evaluates a large-scale nutrition-sensitive agroecology program implemented in Andhra Pradesh and analyzes dietary, nutritional, and child development outcomes in Indian villages, making India the primary study site and population."
869,"Nayak R., Hazarika S.",2024,Existing Policy Mechanisms and Their Pros and Cons of the Existing System in the Developing World with a Special Emphasis on India,10.1007/978-3-031-57283-8_20,high,"The chapter explicitly centers on India (special emphasis) and evaluates Indian food-security policy mechanisms (e.g., PDS and related programs), making India the primary case and policy context."
875,"Thangjam B., Jha K.K.",2024,Farmers’ Attitude towards Adoption of Sustainable Agricultural Practices: A Study in Manipur,10.48165/IJEE.2024.60407,high,"The study is conducted in four districts of Manipur (an Indian state) with data from local farmers, making India the primary geographic and population focus."
873,"Janakanandhini P., Malarkodi M., Divya K., Padma S.R., Vidhya D.",2024,"Farmers' preference of organic farming in Coimbatore district, India",10.14719/pst.5772,high,"The study is explicitly conducted in Coimbatore district and analyzes Indian farmers' preferences and barriers to organic farming, making India the primary study site and population of interest."
876,"Jayaraman A., Rajan S.C., Ramu P.",2024,Food system resilience: Unraveling power relations and the Matthew effect in farmers networks,10.1016/j.techfore.2023.123144,high,"The study uses field data from two natural farming Farmer Producer Companies in rural India and analyzes India-specific institutions, populations, and governance, making India the central focus."
879,"Rao B.R., Batni A.R., Shrivastava P.",2024,Fostering Agriculture Ecosystem for Sustainability,10.1002/9781394242962.ch12,high,"The chapter explicitly analyzes technology, digitization, policy framework, and corporate interventions across the agriculture value chain in the Indian context, making India the primary focus."
883,"Katsir S., Biswas A.K., Urs K., Lenka N.K., Jha P., Arora K.",2024,Governing soils sustainably in India: Establishing policies and implementing strategies through local governance,10.1016/j.soisec.2024.100132,high,"The paper explicitly examines soil degradation and governance in India, focusing on Indian institutions (Panchayats), national policy proposals, and India-specific agricultural practices, making India the central case."
899,"Ponnusamy J., Santhy Poongavanam L.K., Ettiyagounder P., Murugesan M., Ramanujam K., Rangasamy S., Mariappan S., Shanmugam K.P.",2024,Impact of regenerative farming practices on soil quality and yield of cotton-sorghum system in semi arid Indian conditions,10.1007/s10661-024-12608-z,high,"The study explicitly examines regenerative farming in semi-arid Indian conditions (cotton–sorghum system) and evaluates soil and economic outcomes in an Indian agricultural context, making India the central study setting."
895,"Gurjar R.P.S., Bhati D., Singh S.K.",2024,Impact of Jeevamrut formulations and biofertilizers on soil microbial and chemical attributes during potato cultivation,10.7324/JABB.2024.165084,medium,"The study focuses on jeevamrut (a traditional Indian organic input) and uses the Indian potato variety Kufri Bahar, indicating an India-specific agricultural context even though the abstract does not explicitly name a location."
901,"Philip B., Suresh G.",2024,India's Agriculture Sector's Journey towards Sustainable Development Goals: Assessing Governmental Interventions and Sectoral Outcomes,10.13189/ujar.2024.120212,high,"The paper explicitly focuses on India’s agriculture sector and government interventions to achieve the SDGs, using India as the primary country and policy context for analysis."
900,"Saini A., Manuja S., Singh G., Sahoo C., Shilpa, Singh A., Guleria A., Kumar M., Bhardwaj B.",2024,Impact of tillage methods and cultivars on phenology & productivity of wheat-rice system under irrigated conditions,10.14719/pst.4312,high,"The study is a field experiment carried out at agricultural research centers in Himachal Pradesh and evaluates tillage methods and cultivars for wheat and rice in those Indian locations, making India the primary study context."
902,"Verma R., Verma K., Verma J., Singh T., Bisen P.S.",2024,Indian rural development: a review of technology and society,10.1007/s43545-024-00831-x,high,"The title and abstract explicitly focus on rural India and discuss technology, society, and development in the Indian rural context, making India the central study focus."
898,"Mishra A.K., Maurya P.K., Sharma S.",2024,Impact of different farming scenarios on key soil sustainability indicators driving soil carbon and system productivity of rice-based cropping systems,10.3389/fpls.2024.1408515,high,"The study was conducted in India (at the International Rice Research Institute site) and analyzes rice-based farming scenarios and soil sustainability indicators for Indian cropping systems, making India the primary study site."
906,"Yadav R., Pandey S.T., Supriya, Dash S., Yaying M., Negi M.S.",2024,Influence of jeevamrit and kunapajala on growth and herbage yield of sweet basil (Ocimum basilicum L.) under Mollisol region of Uttarakhand,10.53552/ijmfmap.10.2.2024.32-41,high,"The study is an India-specific field experiment conducted at G.B. Pant University in Pantnagar, Uttarakhand, with Uttarakhand as the primary study site and focus."
909,"Kumar A., Singh R., Babu S., Avasthe R.K., Das A., Pandey A., Gudade B.A., Devadas R., Saha S., Rathore S.S.",2024,Integrated organic nutrient management: a sustainable approach for cleaner maize (Zea mays L.) production in the Indian Himalayas,10.1007/s13165-024-00471-8,high,"The study was conducted in Sikkim in the Indian Himalayas and focuses on maize production, soil health, and nutrient management within an Indian state, making India the primary study site and context."
904,"Dorin B., Degron R., Landy F.",2024,"Industrial agriculture, organic farming and agroecology: Europe-India cross-perspectives [Agriculture industrielle, agriculture biologique et agroécologie: regards croisés Europe-Inde]",10.1051/cagri/2024026,high,"The paper is a Europe–India comparative study that explicitly examines Indian agricultural models and policies, including a specific case (Andhra Pradesh’s Natural Farming), so India is a central focus."
903,"Rezitis A.N., Mishra A.K., Kumar S.",2024,"Indians Demanding More Plant-Based Protein, but Farmers’ Profits Drop: Empirical Evidence to Understand the Dilemma",10.22004/ag.econ.330844,high,"The paper analyzes productivity, profitability, and technical efficiency for pigeon peas and chickpeas using India-specific data and outcomes, making India the central study context."
905,"Rahmanullah, Sharma D.P., Shyam A., Singh U.",2024,Influence of Organic Liquid Formulations on Growth and Nutrient Status in a Juvenile Plum Orchard,10.1007/s10341-024-01174-w,high,"The study was conducted in the North‑Western Himalayan region and evaluates India‑specific organic formulations (e.g., jeevamrit) on plum orchards, indicating India is the primary study context."
917,"Yadav R., Goyal V., Bhardwaj K.K., Kumar R., Duhan D.",2024,Land configuration and nutrient management model increased the productivity through improved soil enzyme activities in an organic cotton wheat production system,10.1080/01904167.2024.2333315,high,"The study explicitly examines land configuration and nutrient management in semi-arid Inceptisols of India and reports India-specific cropping system results, so India is the central study context."
914,"Kaushal N., Kashyap B., Bhatia S., Kumar M., Shah A.H., Bhardwaj R., Dilta B.S., Thakur P.",2024,Jeevamrit: A Sustainable Alternative to Chemical Fertilizers for Marigold (Tagetes erecta cv. Siracole) Cultivation under Mid-Hills of Himachal Pradesh,10.3390/horticulturae10080846,high,"The study is a field experiment conducted in the mid-hills of Himachal Pradesh and evaluates an India-specific traditional input (Jeevamrit), so India (a specific Indian state) is the central focus."
908,"Sagar S., Singh A., Bala J., Chauhan R., Kumar R., Bhatia R.K., Walia A.",2024,Insights into Cow Dung-Based Bioformulations for Sustainable Plant Health and Disease Management in Organic and Natural Farming System: a Review,10.1007/s42729-023-01558-z,medium,"The review focuses on traditional cow-dung/urine bioformulations and explicitly lists Indian-specific preparations (Panchagavya, Jeevamrit, Beejamrit, Dashparni, Brahmastra) and indigenous farming practices, indicating an Indian-context centrality even though India is not named explicitly in the abstract."
919,"Vijayan A.K., Saju K.A., Dhanapal K.",2024,Large (black) cardamom,10.1007/978-981-19-3728-6_38,high,"The chapter centers on large (black) cardamom production, varieties, post-harvest value chain and agroforestry specifically in North East India (including Sikkim), making India the primary geographic and case-study context."
923,Bhutani S.,2024,"MILLETS SECTOR IN INDIA: TRENDS, ROLE, CHALLENGES, AND WAY AHEAD",10.5958/2395-146X.2024.00064.3,high,"The paper explicitly examines the millets sector in India, uses India-specific policy context and production analysis, and focuses on Indian agricultural challenges and recommendations."
924,Yadava A.K.,2024,Macroeconomic determinants of organic farming efficiency: Double bootstrap DEA estimates from the Indian states,10.1016/j.rspp.2024.100036,high,"The paper uses state-level data for 22 Indian states and empirically analyzes macroeconomic determinants of organic farming efficiency in India, making India the primary study context."
928,"Koner N., Laha A.",2024,Measuring the Progress of Organic Farming in Indian States: Are There any Agro-Climatic Implications?,10.33462/jotaf.1233377,high,"The paper specifically evaluates state-level progress in organic farming across India, uses Indian states as the primary units of analysis and discusses Indian policy and agro-climatic variation, making India the central focus."
926,"Bharath M., Sriram N., Nirmala Devi M., Padma S.R., Gangai Selvi R.",2024,"Maladies and Remedies for KVK trained Paddy Growers in Cuddalore District of Tamilnadu, India",10.48165/IJEE.2024.604RN4,high,"The paper reports an empirical study of KVK-trained paddy growers in Cuddalore District, Tamil Nadu, so India (a specific Indian state and districts) is the primary study site and population."
930,"Suri D., Sharma R.P., Sankhyan N.K., Manuja S., Singh J.",2024,"Micronutrient availability in soil–plant system as influenced by 47 years long application of chemical fertilizers, organics and lime under maize–wheat cropping in an acid Alfisol",10.1007/s42976-023-00450-x,high,"The field experiment and dataset are from a long-term fertilizer trial at CSK HPKV, Palampur, Himachal Pradesh, India, making India the primary study site and focus."
934,"Jeet S., Verma R., Yadav G.K., Bhagat S., Tabassum S., Kumar K., Bhanwaria R.",2024,"Morphological and phenological characteristic, oil yield, quality and economics of Lemon bee balm (Monarda citriodora Cerv. ex-Lag) at diverse environment condition, India",10.1080/0972060X.2024.2387653,high,"The study is a multilocation field trial carried out across eight specific sites in India (named locations) and reports India-specific yield, quality and economic results, making India the primary study context."
944,"Behl P., Osbahr H., Cardey S.",2024,"New Possibilities for Women’s Empowerment through Agroecology in Himachal Pradesh, India",10.3390/su16010140,high,"The paper is a qualitative case study of a specific Indian state (Himachal Pradesh) and its state-led natural farming programme, with Indian women farmers and local policy context as the central focus."
951,"Parameswaran S., Sanghvi M., Josephine Williams M., Tandon A., Rawat G., Som A., Monica L.",2024,Optimizing Food Production with a Sustainable Lens: Exploring Blockchain Technology in Raw Plant Materials and Organic Techniques in Achieving Sustainable Development Goals,10.1109/TQCEBT59414.2024.10545026,high,"The abstract repeatedly frames the analysis and policy recommendations specifically for India (including Indian agricultural sector, SDG targets for India, and a customized Indian policy framework), making India the central focus rather than a peripheral example."
939,"Sarkar S., Dhar A., Dey S., Chatterjee S.K., Mukherjee S., Chakraborty A., Chatterjee G., Ravisankar N., Mainuddin M.",2024,Natural and Organic Input-Based Integrated Nutrient-Management Practices Enhance the Productivity and Soil Quality Index of Rice–Mustard–Green Gram Cropping System,10.3390/land13111933,high,"The paper reports a multiyear field experiment conducted at a research farm in Narendrapur, West Bengal and analyzes INM practices, soil quality, and crop productivity in an Indian (coastal saline) context, making India the primary study site and focus."
959,"Mastiholi A.B., B S., H P M., Dasar V., T S., D L R., R T P.",2024,"Organic and Natural Farming Practices Effect on Microbial Population, Dehydrogenase Activity and Microbial Biomass Carbon in the Rhizosphere Soil of Cabbage",10.1080/00103624.2024.2303102,medium,"The study evaluates organic and natural farming treatments using India-specific inputs (jeevamrutha, ghanajeevamrutha, FYM) on cabbage rhizosphere soils, indicating an India-focused field experiment even though the abstract does not explicitly name a location."
963,"Sidhu A.S., Aulakh C.S., Salaria A., Rani N., Singh S., Pandove G.",2024,"PRODUCTIVITY, PROFITABILITY AND SOIL HEALTH OF GOBHI SARSON (Brassica napus L.) AS INFLUENCED BY ORGANIC NUTRITION AND PLANTING GEOMETRY",10.5958/2395-146X.2024.00066.6,high,"The study is conducted by Punjab Agricultural University and examines gobhi sarson agronomy, soil health, and organic practices in the Indian context, indicating India (Punjab) is the central study site and focus."
960,"Kumari P., Sagar S., Akriti, Rana P., Mahajan R., Bala J., Chauhan R., Kumar R., Walia A.",2024,Organic and Natural Farming to Boost Soil Immunity,10.1007/978-981-99-9482-3_12,high,"The abstract explicitly frames the topic in the Indian context (referring to agriculture as the foundation of the Indian economy, post‑Green Revolution impacts, and Indian farmers), indicating India is the central focus of the paper."
967,"Nafeesa M., Murugan M., Remya J.S., Preethy T.T., Abraham J.K.",2024,Pesticide scenario and reduction strategies in Indian cardamom farming – present and future perspectives,10.18520/cs/v126/i8/894-902,high,"The paper explicitly focuses on cardamom farming in India, discussing India-specific pesticide use, pests, and reduction strategies, so India is the primary study context."
966,"Valluri J.H.V., Rao C.S., Chiranjeevi C., Rao V.S., Varma P.K.",2024,Pesticide Usage Pattern by Paddy Growers in Palnadu District of Andhra Pradesh,10.18805/ag.D-5942,high,"The paper is an empirical study of pesticide use among paddy farmers in Palnadu district, Andhra Pradesh, with Indian villages as the primary study site and dataset, so India is the central focus."
969,"Verma P., Chauhan J.K., Bodh S.",2024,"Plant Growth, Fruit Yield and Quality of Strawberry (Fragaria × ananassa Duch.) as Affected by Bioorganic Nutrient Sources",10.1590/1678-4324-2024230725,high,"The study experimentally tests Jeevamrit and Ghanjeevamrit on strawberry under mid-hill conditions of Himachal Pradesh, India, so India (a specific Indian state and farming system) is the central focus."
974,Frazier C.,2024,Productive leisure on the farm: The experimental ethics of agriculture among India's techie farmers,10.1111/amet.13281,high,"The study is centered on Bengaluru, India and examines India-specific actors (IT professionals turned ‘techie farmers’) and dynamics, making India the primary case and context of the research."
961,"Sharma T., Singh J., Madaik S., Kumar P., Singh A., Rana B.B., Chauhan G.",2024,Organic input incorporation for enhancing sustainability and economic viability of cowpea in North-Western Himalayan region,10.3389/fagro.2024.1458603,high,"The field experiment was carried out at CSKHPKV Research Farm in Palampur and explicitly targets cowpea productivity and organic input recommendations for the North‑Western Himalayan agro‑ecological region (Himachal Pradesh, India), so India is the central study context."
973,"Payasi D.K., Garg D., Payasi S., Yogranjan",2024,Preharvesting processing of linseed crop,10.1016/B978-0-443-15439-3.00018-7,high,"The abstract repeatedly frames linseed cultivation, challenges, research (All India Coordinated Research Project), and agronomic strategies specifically in the Indian context, indicating India is the primary focus."
977,"Verma G., Dhaka A.K., Singh B., Kumar A., Choudhary A.K., Kumar A., Kamboj N.K., Hasanain M., Singh S., Bhupenchandra I., Shabnam, Sanwal P., Kumar S.",2024,"Productivity, soil health, and carbon management index of soybean-wheat cropping system under double zero-tillage and natural-farming based organic nutrient management in north-Indian plains",10.1016/j.scitotenv.2024.170418,high,"The study is conducted in and explicitly targets the north-Indian plains as the primary study site, evaluating cropping, tillage, and natural-farming nutrient practices for soybean–wheat systems in an Indian context."
976,"Saini A., Manuja S., Upadhyay R.G., Guleria A.",2024,"Productivity, nutrient status and energy dynamics of rice (Oryza sativa) genotypes under different tillage systems in unirrigated ecosystem",10.56093/ijas.v94i9.134752,high,"The study is a field experiment conducted at Chaudhary Sarwan Kumar Himachal Pradesh Krishi Vishvavidyalaya in Palampur, Himachal Pradesh, using Indian rice genotypes and local tillage systems, so India is the primary study site and focus."
975,"Sidhu A.S., Bhullar S.S., Aulakh C.S., Singh S.",2024,Productivity and energetics of basmati rice-wheat cropping systems under different farming conditions in northwest India,10.1080/01448765.2024.2409757,high,"The paper reports field experiments and economic/energetic analysis of basmati rice–wheat systems conducted at Punjab Agricultural University in Ludhiana, Punjab, and explicitly focuses on Indian farming systems and outcomes."
979,"Duddigan S., Shaw L.J., Sizmur T., Hussain Z., Jirra K., Kaliki H., Sanka R., Soma R., Thallam V., Vattikuti H.P., Collins C.D.",2024,Quantifying the contribution of individual inputs used in Zero Budget Natural Farming,10.1111/sum.13126,high,"The paper reports controlled field experiments on Zero Budget Natural Farming conducted across multiple agro-climatic zones in Andhra Pradesh, India, making an Indian state the primary study site and focus."
984,Fazli C.E.,2024,Reflections on &#x2028;Agroecology and Social Justice in Malwa-Nimar,10.1177/09730052241284708,high,"The paper explicitly studies agroecology and social justice in the Malwa-Nimar region of India, using Indian regional social dynamics (caste, gender, class) and local practice as the primary case and analytic focus."
985,"Shivanand H., Maheswarappa H.P., Gopal G.S., Gurumurthy S.B., Raghunatha R., Raghavendra K.S., Sowjanya T.V., Bhat D.S., Rahul P., Ashoka N.",2024,Reflex of Different Pest Management Modules against Sucking Insect-pests and Pod Borer for the Safety of Beneficial Insects in Vegetable French Bean (Phaseolus vulgaris L.),10.18805/LR-5068,high,"The study is an on-field experiment conducted in Sirsi, Uttar Kannada in Karnataka and evaluates Indian farming modules (natural/organic/farmers’ practice/RPP), so India is the primary study site and context."
988,"Prasad D., Singh R.P., Anand J., Roy R., Khan M.I.",2024,Renewable energy for agriculture sustainability conservations: A step towards green revolution,10.4018/9798369328651.ch003,high,"The study explicitly focuses on sustainable agriculture and renewable energy interventions in Simdega District, India, making an Indian district the primary study site and central context."
991,"Kulkarni S., Rao S., Ramarao, Shobharani M., Jadhav R.L., Satihal D.G., Hebbal N., Sidramappa",2024,Response of Blackgram (Vigna mungo L.) to Different Management Practice under North Eastern Transition Zone of Karnataka,10.18805/LR-4974,high,"The study is based on field experiments conducted in the North Eastern Transition Zone of Karnataka, India, making an Indian state the primary study site and focus."
989,"Anand P.S.S., Aravind R., Balasubramanian C.P., Francis B., Rajan R.V., Vinay T.N., Kumar S., Sudheer N.S., Antony J., Rajamanickam S., Ambasankar K., Vijayan K.K.",2024,Reproductive and nursery performance of Kuruma shrimp Penaeus (Marsupenaeus) japonicus Form II: effect of sandy bottom and light intensity in the rearing system,10.1007/s10499-024-01552-x,high,"The experiments and conclusions are explicitly framed to support shrimp farming in India and the study was conducted to develop culture and seed production techniques for the Indian aquaculture context, making India the central focus."
992,"Singh S., Singh A.B., Mandal A., Thakur J.K., Sinha N.K., Das A., Elanchezhian R., Rajput P.S., Sharma G.K.",2024,"Response of Nature-Based and Organic Farming Practices on Soil Chemical, Biological Properties and Crop Physiological Attributes under Soybean in Vertisols of Central India",10.1134/S106422932460012X,high,"The study is an India-specific field experiment on soybean in Vertisols of Central India, so India is the primary study site and focus of the analysis."
990,"Kaushal N., Kashyap B., Dilta B.S.",2024,Research on cuttings and flower yield improvement of marigold cv. Siracole for sustainable production through Jeevamrit application,10.1016/j.heliyon.2024.e40567,medium,"The study centers on Jeevamrit (a traditional Indian biofertilizer), uses Indian common crop name 'Laddu gainda' and natural-farming practices specific to India, indicating an India-focused agricultural case, though the abstract does not explicitly name a location or state."
1010,"Biswas S., Das R., Thakur A., Mahto A., Mahto A.K.",2024,Standardization of Organically Chickpea Cultivation in Red and Lateritic Soils Through Sole and Combined Uses of Bulky Organic Manures,10.1007/s42729-024-02099-9,high,"The paper reports a two-year field experiment conducted at an agricultural research center in Ranchi and frames findings for the eastern Indian plateau, so India is the primary study site and context."
1011,"Elavarasan R., Somasundaram E., Krishnan R., Suganthy M., Janaki P., Parameshwari E., Parida P.K., Parasuraman P.",2024,Study on performance of cabbage (Brassica oleraceae var. capitata L.) under different production systems,10.14719/pst.4817,high,"The study is a field experiment conducted in Coimbatore, Tamil Nadu (India) at Tamil Nadu Agricultural University and evaluates cabbage production systems in that specific Indian region, making India the primary study site and context."
1013,"Chitra R., Janaki D., Kavitha M.P.",2024,"Subsistence of soil through organic amelioration to enhance the growth, herbage yield and quality of Fenugreek (Trigonella foenum graecum L.)",10.14719/pst.4109,high,"The paper reports an on-site agricultural experiment conducted at Tamil Nadu Agricultural University (Periyakulam), so India (a specific Indian state/institution) is the primary study site and focus."
1015,"Varghese R., Ray J.G.",2024,Sustainability of black pepper production: A critical analysis of physicochemical soil parameters concerning variables in pepper fields of south India,10.1016/j.ecofro.2024.01.005,high,"The study centers on black pepper production in Kerala, India, using field surveys and soil data from specific Indian agroclimatic zones and varieties, so India (Kerala) is the primary study context."
1027,"Manjula M., Sharma D.",2024,Teaching Sustainability in Agriculture to Students of Development,10.1007/978-3-031-49853-4_27,high,"The chapter describes a specific course and pedagogical experience at Azim Premji University in Bangalore, making an Indian university and its students the primary site and population of the study."
1036,"Sahu R.S., Tiwari M., Deka N.",2024,The role of organic farming in creating food security and sustainable livelihoods for India’s smallholder farmers: a systematic review using PRISMA,10.1007/s13165-024-00457-6,high,"The paper explicitly investigates organic farming’s effects on smallholder food security and livelihoods in India, using a systematic review of studies conducted in India and focusing on the Indian policy and market context."
1033,"Prasad C.S., Chakraborty A., Dutta D.",2024,"The need for ground-up transitions: exploring the knowledge politics of agroecology in Gujarat, India",10.1080/21683565.2024.2316124,high,"The study specifically investigates agroecology and knowledge politics in the Indian state of Gujarat, using primary data (survey of 250 farmers across 12 districts), and focuses on state policy and local actors, making India the central context."
1043,"Poonam, Kumar N., Kiran",2024,Trends and performance of organic farming in India: a critical analysis,10.2478/ers-2024-0027,high,"The study explicitly examines trends and performance of organic farming in India using India-specific data sources and statistics, making India the central focus."
1045,"Rohilla M., Mazumder A., Chowdhury D., Bhardwaj R., Kumar Mondal T.",2024,"Understanding natural genetic variation for nutritional quality in grain and identification of superior haplotypes in deepwater rice genotypes of Assam, India",10.1016/j.gene.2024.148801,high,"The study specifically analyzes deepwater rice genotypes from Assam, India (the primary study site and sample population), so India is the central focus of the research."
1051,"Mazumdar D., Bhattacharjee M.",2024,Zero Budget Farming and Export Competitiveness of Agricultural Sector in LDCs: An Introspection with Reference to India,10.1108/978-1-83608-336-820241009,high,"The paper explicitly analyzes zero-budget/organic farming and export competitiveness with India as the primary case/reference and discusses India-specific agricultural, policy, and export issues."
1059,"Raghavendra K.J., Kumara T.M.K., Gowda C., Kandpal A., Bhat S., Amrutha T., Shivaswamy G.P., Nithyashree M.L., Ravisankar N.",2025,A meta-analysis on economic performance of organic vis-à-vis conventional farming in India,10.1007/s10098-024-03053-0,high,"The paper explicitly conducts a meta-analysis of agricultural studies drawn from India and focuses on Indian crops, regions, and implications for Indian farmers, making India the primary study context."
1057,"Manikantha Chowdary G.B.S., Sutha Raja Kumar R., John Christopher D.",2025,A comprehensive study on synergistic effects of antagonistic endophytes and organic formulations on the management of chilli anthracnose,10.1007/s42360-025-00852-3,medium,"The study centers on panchagavya (a traditional Indian organic formulation) and is published by the Indian Phytopathological Society, strongly indicating an India-specific agricultural context, though the abstract does not explicitly state the study location."
1063,"Prasad C S., Dutta D., Chakraborty A.",2025,Academic Institutions as Innovation Intermediaries; Co-creating knowledge and building the Gujarat agroecology learning alliance (GALA),10.1016/j.eist.2025.101033,high,"The paper is a case study centered on an Indian higher-education institution and the creation of an agroecology learning alliance in Gujarat, so India (a specific Indian state) is the primary study site and context."
1061,"Sood R., Katna G., Negi M., Kaushik S.K., Singh G.P., Singh M.",2025,AMMI and GGE biplot analysis for seed yield and stability performance of selected buckwheat genotypes under multi-environmental trials,10.1038/s41598-025-10939-6,high,"The multi-environment trials were carried out in specific Indian locations (Shimla and Sangla), making India the primary study site and central focus of the paper."
1053,"Patel M., Islam S., Glick B.R., Choudhary N., Yadav V.K., Bagatharia S., Sahoo D.K., Patel A.",2024,Zero budget natural farming components Jeevamrit and Beejamrit augment Spinacia oleracea L. (spinach) growth by ameliorating the negative impacts of the salt and drought stress,10.3389/fmicb.2024.1326390,medium,"The paper evaluates Jeevamrit and Beejamrit, components of Zero Budget Natural Farming—distinctly Indian traditional biofertilizers—so the study centers on an Indian agricultural practice even though no explicit study location is provided."
1069,"Arora S., Narayanarao B., Mittal N., Vadekkal R.S.",2025,"Agricultural innovations for sustainability? Diverse pathways and plural perspectives on rice seeds in Odisha, India",10.1007/s10460-024-10666-0,high,"The paper explicitly studies rice seed innovation pathways in Odisha and centers Indian stakeholders (including Adivasi smallholders), making India the primary study site and policy context."
1068,"Kumar R., Prasanna C.K.",2025,"Agrarian Crisis, Farmer Suicides and Women Farmers in India: A Systematic Literature Review",10.1007/s42413-025-00253-4,high,"The study explicitly reviews the agrarian crisis, farmer suicides, and the status of women farmers with India as the primary geographic and policy focus, making India central to the paper."
1076,Kaushal N.,2025,An Analysis and Profiling of Promising Indian Women’s Innate Leadership and Entrepreneurial Approaches,10.1007/978-3-031-91493-5_22,high,"The paper explicitly centers on Indian women’s leadership and entrepreneurial traits and frames analysis within Indian culture, making India the primary study context."
1081,"Thallam V.K., Patel R.",2025,Andhra Pradesh community managed natural farming–a conversation,10.1080/03066150.2024.2445650,high,"The paper is explicitly centered on Andhra Pradesh’s Community Managed Natural Farming program and discusses the state's parastatal agency, making India (specifically an Indian state) the primary focus."
1079,"Singh S., Ilyas O.",2025,"An updated floral diversity of Tal Chhapar Wildlife Sanctuary, Rajasthan, India",10.11609/jott.9855.17.11.27822-27841,high,"The paper reports an original floristic survey and inventory focused on Tal Chhapar Wildlife Sanctuary in Rajasthan, making India (a specific Indian state and site) the primary study location and focus."
1085,"George N.P., Ray J.G.",2025,"Arbuscular mycorrhizal fungal (AMF) diversity and population dynamics in organic vs Chemicalized fields concerning soil types, agroclimatic zones and different organic farming practices over seasons, in South India",10.1016/j.geodrs.2025.e00992,high,"The study’s primary field sites and dataset are located in South India (Kerala, Karnataka, Tamil Nadu), making India the central geographic and empirical focus of the paper."
1087,"Amalan A.A., Aram I.A.",2025,Artificial Intelligence Adoption in Non-Chemical Agriculture: An Integrated Mechanism for Sustainable Practices,10.3390/su17198865,high,"The study was conducted in Tamil Nadu using survey and focus-group data from 57 farmers across 18 districts, making an Indian state the primary study site and population of interest."
1088,"Gireesh S., Dinesh G.K., Adityan S., Abinaya S., Aravindharajan S.T.M., Anokhe A., Venkatramanan V., Manu S.M., Shahidha P.A., Geetha I.R., Surendhar P.",2025,Assessing India’s Millet Promotion Policies: Schemes and Initiatives of the Government of India to Promote Millets for Food and Nutritional Security through a Systematic Approach,10.17503/agrivita.v47i3.4332,high,"The paper explicitly analyzes Government of India policies and schemes to promote millets, making India the primary policy and study context."
1094,"Thangjam B., Jha K.K.",2025,Assessment of Farmers’ Knowledge towards Sustainable Agricultural Practices (SAP) in Manipur,10.48165/IJEE.2025.61110,high,"The study is an empirical, district-level analysis conducted entirely in Manipur (specific Indian districts and farmer respondents), so India is the primary study site and dataset."
1092,"Mahapatra A., Samal G.P.",2025,Assessing the relationship between rainfall variability and rice production in coastal Odisha: A Standardized Precipitation Index (SPI) analysis,10.1016/j.ssaho.2025.102271,high,"The study explicitly examines rainfall variability and rice production in coastal Odisha (seven districts), making a specific Indian state the central study site and focus."
1086,"Kundu S., Srinivasarao C., Singh V.K., Naveen J.",2025,Arid Eco-Region and Dryland Soil Health,10.1002/9780891187400.ch3,high,"The chapter explicitly addresses soil, nutrient, technological, and policy issues in arid and semi‑arid drylands in India, making India the primary geographic and policy focus."
1093,"Vishvamitera S., Sharma S.K., Sankhyan N.K., Chauhan R., Chauhan N., Sharma S.",2025,Assessment of Different Nutrient Management and Organic Farming Practices via Soil Quality Index Under Maize–Wheat Sequence in Acid Alfisol of North-Western Himalayas,10.1111/sum.70093,high,"The study is conducted in the North‑Western Himalayas (an Indian region) and evaluates India‑specific farming/nutrient management systems (e.g., Desi cow natural farming) and maize–wheat sequences, so India is the central study context."
1097,"Bhan S., Thakur K.S., Kansal S., Chauhan A., Deep N., Bhatia S., Dutta I., Nikhil",2025,Assessment of the effect of organic amendments on soil properties and yield of Brinjal (Solanum melongena L.),10.14719/pst.6620,high,"Study uses India-specific indicators (Pusa cultivar name, kharif seasons, and traditional Indian organic inputs Beejamrit/Jeevamrit), indicating the research was conducted in an Indian agricultural context."
1096,"Bhushan P., Bhardwaj D.R., Sharma P., Dogra R., Pathania S., Kumar D.",2025,"Assessment of pea (Pisum sativum L.) and cauliflower (Brassica oleracea L. var. botrytis) productivity in Mulberry (Morus alba L.) based agroforestry system in mid-hills of the north-western Himalayas: effects of tree canopy, fertiliser and bio-stimulants",10.1007/s10457-025-01276-8,high,"The study is a field trial conducted in the mid-hill north-western Himalayas (an Indian region) focusing on mulberry-based agroforestry, crop productivity, soil and management practices specific to that regional context, so India is the central focus."
1109,"Kumar S., Gupta G., Dev I.",2025,Blending Traditional Knowledge of Farmers in Agriculture with Modern Scientific Technologies in Bundelkhand Region of Uttar Pradesh,10.1007/978-981-96-1020-4_19,high,"The study is explicitly focused on the Bundelkhand region of Uttar Pradesh, India, examining indigenous agricultural practices and interventions there, so India is the primary study site and population."
1104,"Kumar A., Kumar G., Singh R.J., Roy T., Singh R., Babu S.",2025,Biomass Recycling for Soil and Environmental Sustainability in the Indian Himalayas,10.1007/978-981-96-3392-0_8,high,"The study explicitly focuses on biomass recycling and field studies in the Indian Himalayan region, making India the primary geographic and case-study context."
1108,"Swarnam T.P., Velmurugan A., Subramani T.",2025,Blending Traditional Knowledge of Farmers in Agriculture with Modern Scientific Technologies in Andaman and Nicobar Islands,10.1007/978-981-96-1020-4_36,high,"The study explicitly examines farming systems, indigenous practices, and recommendations for the Andaman and Nicobar Islands, a specific Indian union territory, making India the primary study site and focus."
1110,"Prasad M., Kumar S., Kumar A., Khan N., Shukla S.K.",2025,Blending Traditional Knowledge of Farmers in Agriculture with Modern Scientific Technologies in Central Uttar Pradesh,10.1007/978-981-96-1020-4_16,high,"The paper explicitly studies indigenous and modern agricultural practices in the central region of Uttar Pradesh (listing specific Indian districts), so India is the primary study site and population of interest."
1113,"Patel K.P., Patel K.C., Kumar D.",2025,Blending Traditional Knowledge of Farmers in Agriculture with Modern Scientific Technologies in the State of Gujarat,10.1007/978-981-96-1020-4_4,high,"The paper focuses specifically on agricultural practices, traditional knowledge, and technological interventions in the Indian state of Gujarat, making India (Gujarat) the central study site and policy/population context."
1112,"Madhu M., Hombegowda H.C., Bishnoi R.",2025,Blending Traditional Knowledge of Farmers in Agriculture with Modern Scientific Technologies in Hill and Tribal Areas of Odisha,10.1007/978-981-96-1020-4_29,high,"The chapter centrally examines traditional agricultural practices, soil and water conservation, and cropping systems in tribal hill areas of Odisha (Eastern Ghats), making a specific Indian region and population the primary focus."
1111,"Verma S., Vashisth S., Bhushan L., Acharya C.L.",2025,Blending Traditional Knowledge of Farmers in Agriculture with Modern Scientific Technologies in Cold Desert Region of Himachal Pradesh,10.1007/978-981-96-1020-4_10,high,"The study specifically examines agricultural practices and interventions in the cold desert regions of Himachal Pradesh (Lahaul‑Spiti and adjoining districts), making an Indian state and its local farming population the primary study context."
1106,"Kumar P., Chandel R.S., Verma S.C., Sharma N., Saini S., Bishist R., Lata S.",2025,"Biostimulation through natural biological inputs on fruiting, nutrient availability and rhizosphere microbiome in legume intercropped ‘Sweet Charlie’ strawberry (Fragaria × Ananassa Duch.)",10.1186/s12870-025-07017-4,medium,"The study centers on Natural Farming inputs named Jeevamrit and Ghan-jeevamrit (specific to Indian natural/zero-budget farming practices) and uses indigenous cow dung/forest soil formulations, indicating an India-focused agricultural context even though the abstract does not explicitly name the country or state."
1115,"Kumar S., Bhattacharya D., Banerjee M.",2025,Bridging behavioral theories and government initiatives: understanding the drivers of biopesticide adoption among farmers in India,10.1017/S1742170525100070,high,"Uses primary survey data from four districts in Bihar and analyzes Indian farmers’ adoption of biopesticides and related government initiatives, making India the central study context."
1118,"Rao C.S., Jagadesh M., Chandana V.M., Kumar G.R., Venu N., Karthik R., Baral K.",2025,Carbon Farming Opportunities and Action Plan Toward Achieving SDGs in India,10.1007/978-981-96-0759-4_13,high,"The chapter explicitly focuses on carbon farming in Indian agriculture, discusses Indian government programs (e.g., National Mission on Natural Farming, Paramparagat Krishi Vikas Yojana), and frames action plans toward achieving India’s SDGs, making India the central context."
1123,"Charitha N., Paslawar A.N., Darekar N.K., Shingrup P.V., Singh A.",2025,Chickpea Thrive: Unleashing Potential in Intercropping Systems with Different Organic and Natural Farming Practices,10.18805/LR-5517,high,"The experimental study was conducted at Dr. Panjabrao Deshmukh Krishi Vidyapeeth in Akola (India), so the Indian location and dataset are the primary focus of the paper."
1122,"Singh A., Narender, Dinesh, Golui K., Phogat P., Rajrana Y., Kumar S.",2025,"Characterization and Classification of Soils under Organic Farming in Hisar, Haryana, India",10.1134/S1064229324603275,high,"The study is an empirical, site-specific soil characterization conducted at the Deen Dayal Upadhyay Centre of Excellence for Organic Farming in Hisar, Haryana, making an Indian state (Hisar, Haryana) the primary study location and focus."
1128,"Sharma N., Agrawal K., Patil I.",2025,"Comparative Study of Organic and Inorganic Fertilizers on Growth, Yield and Quality of Tomato (Lycopersicon esculentum Mill.)",10.1007/978-3-031-93444-5_123,high,"The study was conducted over two years in Maharashtra, India, making an Indian state the primary study site and population of interest."
1127,"Avnee, Rana R.S., Manuja S.",2025,Comparative Evaluation of Evapotranspiration Models for Irrigation Scheduling in Garden Pea,10.1007/s40003-025-00905-z,high,"The study is an on-farm field experiment conducted at a research farm in Palampur, Himachal Pradesh, and uses India-specific seasons and data, making India the primary study site and focus."
1120,"Nichols C.E., Kumari N.",2025,Centering the body in agricultural development: Bridging conceptualizations of bodies-as-mechanism and bodies-as-affective,10.1016/j.socscimed.2024.117593,high,"The paper draws on primary qualitative data from central India (explicitly named as one of the main study sites) and uses Indian rural producer experiences as a core case in its comparative analysis, not merely a passing mention."
1132,"Lakshmi R., Singh V.K., Singh D.K., Priyanka V., Kumar M.",2025,Constraints Faced by Farmers in Adapting to Climate Change in North Bihar,10.48165/IJEE.2025.614RN06,high,"The study is explicitly conducted in North Bihar (Darbhanga and Sitamarhi districts) and focuses on Indian farmers and local constraints to climate change adaptation, making India the central study context."
1131,"Nthebere K., Prakash T.R., Bhimireddy P., Chandran L.P., Gudapati J., Admala M., Prasad K.",2025,Conservation agricultural practices promoted arbuscular mycorrhizal fungal colonization and glomalin content on sandy clay loam of southern India,10.1016/j.heliyon.2024.e41196,high,"The study explicitly investigates conservation agriculture, soil biology, and management practices on sandy clay loam in southern India with data collected from Indian fields, making India the primary study site and context."
1133,"Suman S., Deb A., Prusty A.K.",2025,Constraints and Strategic Suggestions for Enhancing Integrated Farming Systems among Bonda Tribal Family Farms,10.48165/IJEE.2025.613RN05,high,"The study is centered on the Bonda tribe in Khairput block, Malkangiri district, Odisha, using primary data from 150 respondents, making India the primary study site and population."
1134,"Verma A., Verma A.K., Warshini A., Doharey R.K., Kumar G., Chandra V.",2025,"Constraints in Adopting Improved Cauliflower Cultivation Practices in Hardoi, Uttar Pradesh",10.48165/IJEE.2025.612RN02,high,"The paper is an empirical study conducted in Hardoi district, Uttar Pradesh, sampling local cauliflower farmers and addressing India-specific agricultural constraints and interventions, so India is the central focus."
1135,"Satpathy A., Satpathy B., Jayasingh D.K.",2025,Constraints in the Adoption of Stress Tolerant Rice Varieties (STRVs) in Odisha,10.48165/IJEE.2025.614RN02,high,"The study explicitly focuses on adoption barriers among farmers in Odisha (an Indian state), using primary survey data from those farmers and analyzing India-specific constraints and policy implications."
1138,"Sairam A., Lal K., Sindhu V.K., Khanna M., Sudishri S., Brahmanand P.S., Shivay Y.S., Parihar C.M., Prasad S., Abraham G., Gaber A., Hossain A.",2025,"Coupling Subsurface Drip Irrigation and Integrated Crop Management in a Maize–Wheat Rotation for Increased Food, Water, and Energy Security in Northwest India",10.1002/fes3.70158,high,"The paper is based on field experiments conducted in Northwest India and focuses on Indian maize–wheat systems, irrigation methods, and crop management practices, making India the primary study site and context."
1137,"Kumar A., Divyanshu, Prasher R.S., Chandel R.S., Dev I., Sharma S., Mehta P., Vashishat R.K.",2025,"Correction: Market performance and supply chain selection dynamics for vegetables grown through sustainable practices in the Northwest Himalayan region (Frontiers in Sustainable Food Systems, (2025), 9, (1558481), 10.3389/fsufs.2025.1558481)",10.3389/fsufs.2025.1654484,high,"The study explicitly focuses on the Northwest Himalayan region with author affiliations in Himachal Pradesh, India, indicating India (a specific Indian region) is the central study site and policy/context of interest."
1147,"Bhupenchandra I., Basumatary A., Dutta S., Devi S.H., Gangarani Devi A., Minkina T., Keswani C.",2025,"Deciphering optimal boron management impact on crop productivity, physiology, calcium-boron ratio, mobility and nutrient dynamics in a vegetable cropping sequence under acidic soil",10.1016/j.plaphy.2025.110219,high,"The study is a field experiment conducted in acidic soils of Northeast India on a cauliflower–cowpea–okra cropping sequence, making India the primary study site and policy/contextual focus."
1148,"Chakraborty A., Saroja M.K., Garai S., Sarkar S., Bhattacharjee A., Roy K., Misra S., Goswami R., Tripathi S., Ravisankar N., Chatterjee G.",2025,Deciphering the microbiome potential and metabolic profiling of animal waste co-composting reveals the co-occurrence network of non-microbial and microbial biostimulants to strengthen conservative practices in sustainable agriculture,10.1186/s40538-025-00765-3,high,"The paper centers on Kunapajala, a traditional Indian liquid manure and situates the research within Indian agricultural/traditional knowledge contexts, making India the primary focus of the study."
1152,"Sharma A., Kant V., Malhotra S.",2025,Designing a participatory-based permaculture toolkit for marginal Indian farmers to support sustainable farming,10.1080/14606925.2025.2573718,high,"The study explicitly centers on marginal Indian farmers, describing co-design workshops, toolkit development, and policy/practice implications specifically for sustainable farming in India, making India the primary study context."
1155,"Vennelasree V., Divya K., Uma K., Prahadeeswaran M., Ashok kumar G.",2025,Determinants of the adoption of biological control agents in Andhra Pradesh,10.14719/pst.6106,high,"The study is an empirical investigation conducted in Kurnool district, Andhra Pradesh, focusing on local farmers and adoption of biological control agents in an Indian state, so India is the primary study context."
1154,"Aliyar Q., Devakumar A.S., Shivaramu H.S., Abdollahzadeh G.",2025,Determinants in the adoption of drought adaptation strategies of smallholder farmers in drought-prone areas of India,10.1007/s00704-025-05383-5,high,"The study uses primary data collected from farmers in Karnataka State and analyzes drought adaptation strategies within Indian semi-arid agricultural contexts, making India the central focus."
1162,"Sharma A., Sharma P.K., Sharma P.C., Sood A., Kumar A.",2025,"Diversity and abundance of rice hopper complex under natural farming in Himachal Pradesh, India",10.1007/s42690-025-01617-1,high,"The study is focused on rice hopper diversity and abundance based on field surveys conducted in five specific localities in Himachal Pradesh, India, making India the primary study site and context."
1166,"Hadole Y.V., Rao B.M., Appana S.M.",2025,"Driving FPO Performance Through Blockchain Technology Adoption: Analyzing the Influence of Circular Supply Chains, Market Knowledge, and Product Development",10.1007/978-981-96-8582-0_9,high,"The paper empirically studies Farmer Producer Organizations in Maharashtra, India, using survey data from local FPO stakeholders, making India the central study site and dataset."
1170,"Ahmad I., Alam D., Qasim R.",2025,Dynamics and Determinants of Organic Farming across Indian States: A Panel Data Analysis,10.47857/irjms.2025.v06i02.03654,high,"State-level panel analysis explicitly uses data from the top ten organic-producing Indian states (2012–2022) and draws policy conclusions for India, making India the primary study context."
1172,"Panotra N., Sharma V., Salgotra R.K., Sharma M., Bakshi P., Gupta V., Bharat R., Bhat A., Sharma R., Sharma V., Bindra H.S.",2025,ENHANCING THE PRODUCTIVITY AND PROFITABILITY OF ORGANIC BASMATI RICE (ORYZA SATIVA L.)-BASED CROPPING SYSTEMS UNDER SUB-TROPICAL AGROCLIMATIC CONDITIONS,10.15666/aeer/2302_26212633,high,"The study was conducted at a research farm in Jammu and Kashmir, India, and focuses on basmati rice-based cropping systems in that Indian sub-national context, so India is the primary study site and focus."
1173,"Mridha N., Nayak D., Yadav A., Mondal T., Ghosh R.K., Bhowmick M., Singha A., Ray D.P., Manjunatha B.S., Das A., Shakyawar D.B., Paul S., Das A., Mukherjee S., Kumar R.",2025,Eco-friendly sustainable farming: Enhancing summer tomato (Lycopersicon esculentum mill.) yield with jute non-woven agro textile Mulch,10.1016/j.heliyon.2025.e42039,high,"The study reports experimental field trials conducted at the ICAR-CISH regional station in Malda, West Bengal, India, making India the primary study site and context for the findings."
1165,"Harish M.N., Choudhary A.K., Dass A., Singh V.K., Rajanna G.A., Bana R.S., Paramesh V., Varatharajan T., Bhupenchandra I., Sadhukhan R., Kumar A., Sachin K.S., Teli K.G., Singh S.R.K., Raut A.A., Sannagoudar M.S., Muniyappa L., Prasad H.P.N.",2025,"Double zero-tilled bed-planting and optimized P-fertilization in maize-wheat rotation: An empirical investigation on root architecture, carbon-phosphorus dynamics, and soil carbon pools",10.1016/j.jenvman.2025.126668,high,"The study examines conservation agriculture and P‑fertilization in maize‑wheat rotations specifically in the South‑Asian Indo‑Gangetic Plain region, which is a primary Indian agricultural region and therefore places India at the center of the study context."
1174,"Varghese R., Ray J.G.",2025,"Ecology of endomycorrhizal association in black pepper (Piper nigrum L.), South India",10.1016/j.jarmap.2024.100617,high,"The study is an ecological survey conducted across black pepper fields in Kerala, South India, making India (a specific Indian state and its agroecosystems) the primary study site and focus."
1175,"Yadav A.K., Chandel A., Chandel R.S., Gupta R.K., Sharma S., Shankar S.V., Ananthakrishnan S.",2025,"Economic assessment of natural farming over conventional methods in Himachal Pradesh, India",10.18520/cs/v129/i6/537-543,high,"The study is an India-specific empirical analysis using primary survey data from Kangra district, Himachal Pradesh, and focuses on farming practices, outcomes, and policy implications within the Indian context."
1179,"Vanitha K., Ragavan T., Gurusamy A., Prabhakaran J., Arthirani B., Rani S., Somasundaram S., Bhargavi M., Vasuki A.",2025,"Effect of establishment methods and nutrient management on soil microbial population, enzyme activity and yield of basmati rice (Oryza sativa L.)",10.14719/pst.9114,high,"The study was an on-farm field experiment conducted at the Agricultural College and Research Institute in Madurai, Tamil Nadu, so the Indian location and crop-management context are the central focus."
1178,"Saini A., Manuja S., Singh G., Bindra A.D., Sahoo C., Singh A., Yadi R., Johnson R., Joel J.M., Fayezizadeh M.R.",2025,Effect of cultivation practices on productivity and nutrient dynamics of wheat varieties under northern hill zone of India,10.1186/s12870-025-06436-7,high,"The study explicitly investigates wheat cultivation practices and varieties in the northern hill zone of India, making India the primary study site and policy/contextual focus."
1180,"Thakur A., Prakash P., Bishist R., Verma P., Bhardwaj D.R., Sharma H., Bhatia A.K., Thakur S., Pooja",2025,Effect of organic mulches and farming practices on strawberry yield and economics under wild pomegranate-based agroforestry in the western Himalayas,10.1007/s10457-025-01315-4,high,"The study is a field experiment conducted at a university experimental farm in Nauni, Solan, Himachal Pradesh and analyzes agroforestry and farming practices specific to that Indian location, making India the primary study context."
1182,"Devi O.R., Verma O., Laishram B., Anbarasan S., Debnath A., Panotra N., Elumle P., Pandey S.T., Ajaykumar R., Samreen",2025,"Effect of seed priming and foliar application of organic liquid manure on germination, growth, yield and quality of late-sown wheat",10.3897/ejfa.2025.126915,high,"The paper is an India-specific agronomy field experiment addressing late-sown wheat in north India, using Indian conditions and management (seed priming, fertiliser rates) as the primary study context."
1177,"Sharma, Jasrotia K., Sharma V., Sharma S., Thakur M., Sharma A., Ojaswini",2025,Effect of application of bioorganic nutrients on soil health and pea productivity in Entisols of North-western Himalayas,10.22438/jeb/46/5/MRN-5578,high,"The experiment is conducted in the North‑western Himalayas (an Indian region), uses an Indian pea variety (Punjab‑89) and traditional Indian bioformulations, so India is the primary study site and context."
1181,"Mridula, Das Sharma G., Kumar R., Sankhyan N.K., Thakur D., Anshumali",2025,Effect of planting patterns and ghanjivamrit rates on yield and weed dynamics of maize (Zea mays L.) soybean (Glycine max L.) intercropping system,10.36953/ECJ.29612939,high,"The field experiment was conducted at CSKHPKV Palampur (Himachal Pradesh, India) and the study and recommendations are centered on that Indian farming context, making India the primary study site."
1188,"Mohanty P.R., Sahoo M., Ghosh S.",2025,Empowered by Enterprise: Evaluating Livelihood Status Improvement through Attracting and Retaining Youth in Agriculture (ARYA),10.48165/IJEE.2025.61211,high,"The study evaluates ICAR's ARYA initiative using primary survey data from Puri district in Odisha, making an Indian state and Indian rural youth the central study site and population."
1194,"Mohan A., Raj S.K., Jacob D., Pillai P.S., Aparna S., Meenakshi R.P., Das A.R., Devi V.S.V.",2025,Enhancing rice seedling growth and vigour through liquid organic manure-based seed priming,10.14719/pst.8976,high,"The experiment was carried out at the College of Agriculture, Vellayani (Kerala) and tests Indian traditional liquid organic manures (beejamrit, jeevamrit, panchagavya, vermiwash) on rice, making India the primary study site and context."
1195,"Choudhary M., Patel B., Patel M., Choudhary N., Bagatharia S., Verma R.K., Singh G., Yadav V.K., Patel A.",2025,Enhancing soybean growth under drought stress through bio-priming with desert endophyte Priestua endophytica strain RAE-11,10.1007/s13199-025-01047-0,high,"The bacterial endophyte was isolated from Fagonia in Rajasthan and the paper tests its effects on soybean drought tolerance, making India (Rajasthan) the primary study site and central focus."
1197,"Praharaj C.S., Reddy K., Chilwal A., Hirapara K.",2025,Equating Low-Cost Natural Farming Vis-à-Vis Integrated Crop Management and Organic Practices in Groundnut-Wheat Cropping System in Gujarat Plains of India,10.1007/s42106-025-00328-4,high,"The study is a field experiment conducted in the Gujarat Plains of India and focuses on groundnut–wheat cropping systems and farming practices in that Indian region, making India the central study site and context."
1201,"Sidhu A.S., Shard D., Aulakh C.S., Bhullar S.S., Singh S.",2025,"Evaluating the sustainability of natural, organic and conventional farming practices: a comparative study in maize-wheat cropping system in North-west India",10.1007/s10668-025-06569-7,high,"The study explicitly evaluates farming practices in the maize–wheat system of North‑west India, making India the primary study site and population of interest."
1199,Zafar S.,2025,Evaluating the emission impacts of agricultural subsidies policy in India,10.1108/IGDR-10-2024-0181,high,"The paper explicitly analyzes agricultural input subsidies and their emission impacts using India-specific time-series data (1981–2020) and draws policy recommendations for India, making India the primary study context."
1202,"Deep V., Jain R., Singh A., Yadav M.",2025,"Evaluation of groundwater for drinking and irrigation purposes using Multi-parametric indexing and Geospatial approach: Tonk District, Rajasthan, India",10.1007/s12665-025-12607-4,high,"The study is an India-specific analysis of groundwater quality and irrigation suitability focused on Tonk District in Rajasthan, using 157 well samples and region-specific indices and recommendations."
1204,"Divyanshu, Sharma S., Chandel R.S., Vashishat R., Verma S.C., Verma S., Bharat N.K., Thakur K.S., Dev I., Chauhan S., Chandel A., Kishore K., Kumar A.",2025,Evidence of transitioning apple farming to an agro-ecological model in Himachal Pradesh,10.3389/fnut.2025.1611137,high,"The study is explicitly conducted in Himachal Pradesh (an Indian state) using primary data from 140 apple farms there, making India the central geographic and empirical focus."
1200,"Warghane A., Thakkar J., Chauhan K., Zala D., Patel H., Bhatt V., Chopade B.A.",2025,Evaluating the impact of natural fertilizers on growth dynamics and yield performance of Solanum melongena L.,10.3389/fsufs.2025.1668080,high,"The study is a field experiment conducted in the Ahmedabad region and evaluates Jivamrit/cow-manure natural-farming practices, making India the primary study site and policy/practice context."
1203,"Arif M., Kumar A., Kumar R., Gupta D.L.",2025,Evaluation of productivity and profitability of summer season forage cowpea at varying jeevamrit formulations and their application interval,10.59515/rma.2025.v46.i1.14,high,"The study evaluates jeevamrit (a Zero Budget Natural Farming input) with results reported in rupees and published by an Indian society, indicating the experiment and policy/practice context are centered on India."
1207,"Kumawat A., Kumar D., Shivay Y.S., Sangwan S., Yadav D., Pooniya V., Ali S., Madhu M., Rashmi I., Bhargavi B., Kumar A.",2025,"Exploring Optimal Combinations of Green Manures, Composts, and Microbial Inoculums to Boost Soil Biological Properties, Nutrient Release, and Basmati Rice Yield",10.1007/s42106-024-00322-2,high,"The paper reports long-term field experiments conducted in India focused on basmati rice and the Indian rice–wheat cropping system, so India is the primary study site and policy/agronomic context."
1210,"Mukherjee S., Gupta A., Nandi R., Chakraborty A., Bhattacharjee A., Sarkar S., Ray K., Tripathi S., Ravisankar N., Chatterjee G.",2025,Exploring the Microbial Community Dynamics of Jeevamrit Reveals the Multifaceted Roles of the Bacillus and Pseudomonas Genera in Nutrient Availability and Plant Growth Promotion in India’s Zero Budget Natural Farming,10.1007/s42729-025-02500-1,high,"The study explicitly investigates Jeevamrit and Zero Budget Natural Farming in India, including field trials and microbial analyses within the Indian ZBNF context, making India the central study setting and policy/practice focus."
1209,"Priyanka P., Kokilavani S., Geethalakshmi V., Kalarani M.K., Dheebakaran G., Sathyamoorthy N.K., Arthirani B., Dharshini S.D., Pugazenthi K.",2025,Exploring the Effective Management Strategy to Sustain Cowpea Production under High Temperature Stress,10.18805/LR-5231,high,"The field experiment was conducted at Tamil Nadu Agricultural University in Coimbatore (a specific Indian location), so India is the central study site and context for the paper."
1211,"Singh A., Kumar R., Kapoor S., Bhadwal M.S., Singh A.P.",2025,Exploring the effectiveness of bio-formulations from various cattle breeds on pea growth and yield,10.1007/s13165-025-00505-9,high,"The experiment was conducted at an Indian agricultural university in Himachal Pradesh using Indian cattle breeds and local field trials, so India (and an Indian state) is the primary study site and population."
1216,"Kandula S., Uppari J., Tanam A., Manthena D., Nagender A., Baskar S., Abas H.M.",2025,Farm connect: Direct crop sale to government,10.1063/5.0298346,high,"The study explicitly targets small and marginal Indian farmers and proposes a platform for direct crop sales to the government, making India the primary population and policy context of the work."
1227,"Pooja, Kumari N.",2025,From Yield to Nutrition: Unpacking the Impacts of the Green Revolution on Public Health,10.46488/NEPT.2025.v24i04.B4315,high,"The abstract explicitly examines the Green Revolution in India—discussing Indian crop outputs (rice, wheat, millets), government actions, and public-health impacts—making India the primary case and focus of the study."
1222,"Suri D., Sharma R.P., Sankhyan N.K., Manuja S., Singh J., Sharma T.",2025,"Five decadal nutrient management effects on productivity, sustainability and soil properties in a maize–wheat system on Alfisols of North-western Himalayas",10.1080/01140671.2025.2467101,medium,"The paper reports results from a long-term field experiment located in the North-western Himalayas (the primary study site and dataset), which is very likely the Indian Himalayan region, making India the central focus of the study."
1228,"MC S.C., Rao Sahib P., Achuthan K., Chandran R.",2025,From farm to table: India’s transition towards cashew production and sustainable livelihood of smallholder farmers,10.1080/14735903.2025.2557083,high,"The paper is an empirical study focused on cashew cultivation among smallholder farmers in southern India, using India-specific data and making policy recommendations for the Indian context."
1238,"Walia A., Selvarajan R., Ogola H.J.O., Chauhan R., Bala J., Verma S.K., Kumar R.",2025,Genome-resolved analysis of traditional fermented biofertilizers as scalable solutions for soil restoration,10.3389/fmicb.2025.1725475,high,"The study centers on Jeevamrit, a traditional South Asian (Indian) fermented biofertilizer, and reports genome-to-field trials conducted in degraded Himalayan rice soils, making India the primary study site and policy/practice context."
1242,"Parihar P., Prasad D., Singh R.P., Singh R., Rizwan A., Roy R., Verma S.",2025,Green computing for hydrogen energy production as supplementary facility in renewable energy-integrated systems,10.4018/979-8-3693-0827-1.ch006,high,"The study uses specific Indian sites (Limali, Gujarat and Bandra West, Mumbai, Maharashtra) as the proposed case locations and analyzes outcomes for those contexts, making India the central focus."
1237,"Sharma S., Bhushan A., Samnotra R.K., Kumar B., Wani O.A., Naik R., Kumar M.",2025,"Genetic Variability, Correlation and Path Coefficient Analysis in Advanced Matromorphic Generations of Garden Pea (Pisum sativum L.)",10.18805/LR-5128,high,"The experiment was carried out at SKUAST-Chatha in Jammu and uses Indian field trials/genotypes as the primary dataset, so the study is centrally focused on an Indian location/population."
1253,"Thomas R., Gupta V.K., Vidyarthi V.K., Somvanshi R., Attupuram N.M., Kumar S., Singh R.K.",2025,Historical and cultural perspectives of pigs in ancient India and prospects of natural pig farming in contemporary India,10.56093/ijans.v95i4.159298,high,"The paper explicitly focuses on pigs in ancient India and contemporary Indian pig farming (population, trade, and policy prospects), making India the central study context."
1257,"Lalkhumliana F., Kaushal R., Ananthakrishnan S., Shankar V., Rathore G., Lalhruaitluangi N.",2025,"IMPACT OF ORGANIC BIOFORMULATIONS ON SOIL MICROBIAL PROPERTIES, YIELD, AND QUALITY OF OKRA (Abelmoschus esculentus L.)",10.5958/2395-146X.2025.00040.4,high,"Field experiment using kharif seasons and Indian organic inputs (panchagavya, jeevamrut) and copyrighted by Punjab Agricultural University indicates the study was conducted in India and is India-centered."
1258,"Rani K.M.R., Dubey A.K., Anjum M.",2025,"Impact assessment of the adaptation of modernization to the Indian agrarian society: Empirical evidence from the Haraiya Block of Azamgarh District, Uttar Pradesh",10.1002/ird.2999,high,"The paper is an empirical study conducted in Haraiya Block, Azamgarh District, Uttar Pradesh, using farmer survey data and focusing on Indian rural/agricultural contexts, so India is the primary study site and population."
1261,"Devi M., Sharma A., Shukla A., Vikram A., Dev I., Chandel R.S., Chauhan J., Verma S., Kapoor R., Bharti, Rana R., Sheoran P., Mohit",2025,Impact of Jeevamrit and Ghanjeevamrit on soil properties and productivity of kiwi fruit,10.14719/pst.7597,high,"The study is an India-specific field experiment conducted in Himachal Pradesh (Krishi Vigyan Kendra Solan) focusing on Indian natural farming inputs and local cropping systems, so India is the central study context."
1259,"Nthebere K., Tata R., Bhimireddy P., Chandran L.P., Gudapati J., Admala M., Sinha N.K., Srikanth T.B., Prasad K.",2025,Impact of Conservation Agriculture on Soil Quality and Cotton–Maize System Yield in Semi-Arid India,10.3390/su17030978,high,"The paper reports an experiment and results conducted in semi-arid southern India (cotton–maize–Sesbania system) with India-specific soil and yield outcomes, making India the primary study site and focus."
1264,"Bindu Anisetti H., Naveen G., Yasasvi B., Hussain Z.",2025,Impact of bio-formulation Jeevamrutham (Ghana and Drava) on growth and yield of paddy prepared from different animals breeds,10.36953/ECJ.28942865,high,"The paper reports a field experiment conducted in Vizianagaram (Andhra Pradesh, India) on paddy using Jeevamrutham formulations from local animal breeds, so India is the primary study site and focus."
1266,"Brrock A., K C., Chouhan S., Yadav S., Kumari S., Kumar R., Lone A.A., Vanitha S., Patyal D., Renuka",2025,Impact of humic acid and macronutrients on growth and yield of gobi sarson (Brassica napus L.) and succeeding pigeon pea (Cajanus cajan L.),10.14719/pst.8448,high,"The study is based on a field experiment conducted at the Agronomy Research Farm of Lovely Professional University (India) using Indian cropping seasons and varieties, so India is the primary study context."
1269,"Verma P., Chauhan J.K., Bodh S.",2025,Improvement of soil health and leaf nutrient status in strawberry (Fragaria × ananassa) using bioorganic formulations,10.1080/01904167.2024.2377820,high,"Field experiments were conducted in Himachal Pradesh and the paper analyzes bioorganic fertilizer effects on strawberry production in that Indian state, making India the primary study site and context."
1265,"Das S., Kumar A., Giri N.C., Pal S., Banerjee H., Gaikwad D.J., Sarkar B., Meena V.S.",2025,Impact of coated fertilizers and organic manure on soil health and productivity indicators in rice-based cropping systems of the Eastern Indo-Gangetic Plains of India,10.1016/j.fcr.2025.109966,high,"The study is explicitly conducted in the Eastern Indo‑Gangetic Plains of India (field experiment at Bidhan Chandra Krishi Viswa Vidyalaya, West Bengal) and focuses on India-specific cropping systems and nutrient management, so India is the central context."
1256,Brown T.,2025,"Humus gnosis: soil fertility, research and funding in the life of Sir Albert Howard",10.1017/S0007087424001468,medium,"The paper explicitly treats Howard’s engagement with ‘Eastern’ practice and devotes a core topic to financial support for the Institute of Plant Industry at Indore, making India/Indore a central case in the analysis even though the study also considers British contexts."
1268,"Pandey J., Sharma I.P., Bind S., Sharma S., Sharma A.K.",2025,"Impact of natural farming inputs and their microbes on the growth, yield and nutrients of French bean (Phaseolus vulgaris L.) under controlled and field conditions",10.1007/s13165-025-00492-x,high,"The paper specifically evaluates Indian traditional natural-farming inputs (Panchgavya, Jeevamruth, Beejamruth, Amritpani, Vermiwash), indicating Indian agricultural practices are the central focus."
1271,Rowden R.,2025,India-Africa Economic Relations in the New Global Economy,10.4324/9781003046066,high,"The book centrally examines India’s economic role, policies, and relations with African countries—India is a primary actor and focus rather than a peripheral mention."
1272,"Berger I., Kamble A., Morton O., Raj V., Nair S.R., Edwards D.P., Wauchope H.S., Joshi V., Basu P., Smith B., Dicks L.V.",2025,"India’s agroecology programme, ‘Zero Budget Natural Farming’, delivers biodiversity and economic benefits without lowering yields",10.1038/s41559-025-02849-7,high,"The paper evaluates India’s government-incentivized Zero Budget Natural Farming programme using Indian landscapes and farmer outcomes as the primary study context, making India the central focus."
1274,"Sonkar S., Tripathi V.K.",2025,Influence of biofertilizers and bioenhancer on growth and yield of strawberry (Fragaria x ananassa Dutch.) cv. Chandler,10.14719/pst.8747,high,"The study was conducted at a university farm in Kanpur, Uttar Pradesh, India, making an Indian location and population the primary study site and focus."
1279,"Berger I., Bhan M., Bhangaonkar R., Chaudhary A., Mallapu G.R., Nair T., Ramireddy E., Raj R., Ramprasad V., Sankararaman V., Singh V., Hareesha A.S., Basu P., Bheemappa B., Biradar C., Chatterjee A., Dagam R., Edwin Devarathna I.O.K., Gergan R., Patibandla V., Paul B., Pulluri V.K., Rajamani N., Ramireddy M., Siddiqui I., Vadaganambi Ramachari S., Tampal F., Udayraj S., Venkateswarlu T., Dicks L.V.",2025,"Integrated land systems for sustainable food production and biodiversity conservation in the semi-arid to moist tropics: stakeholder perspectives from Andhra Pradesh, India",10.3389/fsufs.2025.1594356,high,"The paper is explicitly focused on Andhra Pradesh, India (a specific Indian state) and examines local land-system transitions, policies, and stakeholder perspectives, making India the central study context."
1280,"Das J., Sharma U., Sankhyan N., Sharma S., Chauhan V., Parida S., R A.A.",2025,Integrating millets into agroforestry systems: A climate-smart strategy for sustainable land use and livelihood improvement with special emphasis on India,10.1016/j.tfp.2025.101087,high,"The review explicitly gives special emphasis to India, synthesizing regional evidence from India and discussing Indian agronomic practices, traditional knowledge, and policy/institutional implications, making India a central focus."
1283,"Warghane A., Thakkar J., Bhardwaj G., Bhatt V., Chopade B.A.",2025,Isolation and Characterization of Major Cultivable Bacteria from Novel Natural Fertilizer with Comprehensive Nutrient Analysis,10.22207/JPAM.19.1.11,high,"The study centers on Jivamrit prepared using Gir cattle from Gujarat and characterizes microbes and nutrients of this traditional Indian natural fertilizer, making India the primary geographic and cultural focus."
1281,"Kumar S., Chethan Patil N.D., Sandhu H.S., Jarial S.",2025,Integrating tradition and innovation: The role of indigenous knowledge systems in modern agriculture,10.4018/979-8-3373-4124-8.ch014,high,"The chapter centers on Indigenous Technical Knowledge with explicitly Indian practices (khadin, johads, panchagavya, sacred groves), indicating India is a primary context for the analysis."
1284,"Warghane A., Bhatt V., Chopade B.A., Thakkar J., Sharma R., Mondal A.S., Sabhadiya P., Singh A., Bhardwaj G.",2025,Jivamrit as a Sustainable Approach: A Review of Natural Farming and Future Agriculture,10.2174/012772574X332918240911033507,high,"The paper centers on Jivamrit and Zero Budget Natural Farming—distinctive Indian farming practices—and repeatedly situates the discussion in the Indian Green Revolution and agriculture context, indicating India is the primary focus."
1285,"Singh A., Narender, Dinesh, Panghaal D., Golui K., Phogat P., Saini M.",2025,"Land suitability assessment of soils under organic cultivation of CCSHAU, Hisar for improved land use planning",10.22438/jeb/46/5/MRN-5598,high,"The study is a site-specific land suitability assessment conducted at CCSHAU in Hisar, Haryana, using soils and data from that Indian location, so India is the central focus."
1289,"Khan A., Patil C.H., Vibhute A.D., Mali S.",2025,Machine Learning Methods for Crop Yield Prediction Across Diverse Agricultural Environments,10.1007/978-981-97-9839-1_7,high,"The paper’s primary dataset and empirical analysis are India-specific (data drawn from 33 Indian states over 1966–2017), so India is the central study context."
1287,"Vaz R.G., Imchen M., Mullasseri S., Jacob T., Kumavath R., Duddukuri G.R.",2025,"Liquid Kunapajala improves plant growth, selected soil properties, and modulates the rhizosphere bacteriome in Piper nigrum L",10.1016/j.apsoil.2024.105859,high,"The study centers on an Indian traditional input (Kunapajala/Vrikshayurveda), uses an Indian black pepper cultivar (Karimunda) and institutional marker (KAU), indicating India is the primary context and study system."
1294,"Dash S., Priyadarshini S., Dulla N., Swain S.C.",2025,Measuring women’s empowerment in organic farming from Odisha: critical reflections on the total observed score of statement-revised scale (TOSS-R),10.1108/IJSE-09-2023-0693,high,"The study explicitly focuses on women organic farmers in four districts of Odisha and uses primary data and policy implications specific to that Indian state, making India the central study context."
1290,"Upadhyay P., Banyal D.K.",2025,Management strategies for stem rot of berseem caused by Sclerotinia sclerotiorum lib. De Bary using bio-based products,10.1007/s42360-025-00898-3,high,"The study evaluates management of berseem (a widely grown Indian fodder) using distinctly Indian organic inputs (panchgavya, brahmastra) and is published by the Indian Phytopathological Society, indicating an India-centered research context."
1293,"Sabarmatee, Prasad C.S., Maat H., Glover D.",2025,Masculine Tools and Feminine Tasks: The Dynamic Interplay of Gender and Technology Through System of Rice Intensification,10.1177/09730052241312477,high,"The study investigates System of Rice Intensification and gendered labour changes based on primary fieldwork in three villages in Odisha, India, making India the central study site and focus."
1288,"Malarvizhi P., Chanthini K.M.-P., Ramasubramanian R., Deva-Andrews A., Pavithra G.-S., Murugan P., Han Y.S., Vasantha-Srinivasan P., Proćków J., Al Kubaisi N., Senthil-Nathan S.",2025,Lysinibacillus fusiformis LF-E2 as a plant growth-promoting bioinoculant for improved rice growth,10.1016/j.bcab.2025.103683,medium,"The study isolates bacteria from and tests them on a traditional Indian rice landrace (Sivappu Kavuni) and evaluates rice growth traits, indicating an India-specific crop and case study, though the abstract does not explicitly state the study location."
1292,"Kumar A., Divyanshu, Prashar R.S., Chandel R.S., Dev I., Sharma S., Mehta P., Vashishat R.K.",2025,Market performance and supply chain selection dynamics for vegetables grown through sustainable practices in the Northwest Himalayan region,10.3389/fsufs.2025.1558481,high,"The paper centrally analyzes vegetable production, natural farming, and market supply chains in the Northwest Himalayan region (an Indian subnational region) with farmer-level focus and India-specific policy and market context, so India is the primary study setting."
1296,"Gopalkrishnan S., Taur A.",2025,Media perceptions of organic farming and insights on sustainability messaging from an urban and rural district in India,10.1007/s43621-025-02048-1,high,"The study is based on surveys and interviews with journalists in urban and rural Pune district and addresses organic farming and sustainability communication within the Indian policy and social context, making India the primary focus."
1301,"Sudheer K., Triveni S., Latha P.C., Uma Maheswari T.",2025,"Microbial Dynamics and Shelf-life Assessment of Indigenous Organic Preparations Beejamrutham, Jeevamrutham and Panchagavya for Sustainable Agriculture",10.18805/IJARe.A-6292,high,"The paper’s primary focus is on indigenous Indian organic formulations (Beejamrutham, Jeevamrutham, Panchagavya), which are specific to Indian agricultural practice and are the central subject of the study."
1299,"Sharma L., Singh S., Das P., Gupta P., Tiwary N.K., Oraon S.",2025,"Micro-level assessment of agricultural vulnerability to climate variability in Mirzapur District, Uttar Pradesh",10.1007/s00704-025-05624-7,high,"The paper is a micro-level empirical study conducted in Mirzapur District, Uttar Pradesh, using primary data from local farmers, making India (a specific Indian district/state) the central study site and population."
1303,"Antaliya K., Godhaniya M., Galawala J., Vansia A., Mangrola A., Ghelani A., Patel R.",2025,Microbial community transition in Surti buffalo-based fermented formulations sustainably enhances soil fertility and plant growth,10.1093/lambio/ovaf030,high,"The study centers on a Surti buffalo–based fermented biofertilizer (Surti is an Indian buffalo breed) and experimental tests of the formulation, so the Indian agricultural context and livestock breed are the primary focus."
1311,"Chopra C., Jeet S., Bhagat S., Tabassum S., Bhanwaria R.",2025,"Morphological and phytochemical characteristics of Cymbopogon flexuosus (Nees ex Steud.) W.Watson cultivars at different harvest intervals in the Western Himalayas, India",10.1002/jsfa.14354,high,"The study is a field experiment conducted in the Western Himalayas (India) with India-specific cultivars and site conditions, making India the primary study context."
1317,"Mishra A.K., Mishra S., Sahoo M.R., Sharma S.",2025,Nature-Based Solutions for Mahanadi River Basin Protection and Conservation,10.1007/9789819610488_8,high,"The paper is explicitly centered on the Mahanadi River Basin in East Central India, using that Indian basin as the primary study site and policy context for its analysis of nature-based solutions."
1318,"Mariappan S., Arumugam S., Ponnusamy J., Natesan R., Kumar S.S.",2025,Next-Generation Natural Farming Practices for Crop Improvement,10.1007/978-981-95-0309-4_11,high,"The chapter explicitly analyzes natural farming’s evolution and current status in India, discusses Indian-specific practices (jeevamrit, beejamrit, acchadana, whapasa) and Indian policy/institutional support, making India a central focus."
1322,"Chinnasamy K., Krishnan N.K., Balasubramaniam M., Balamurugan R., Lakshmanan P., Karuppasami K.M., Karuppannan M.S., Thiyagarajan E., Alagarswamy S., Muthusamy S.",2025,Nutrient Formulation—A Sustainable Approach to Combat PRSV and Enhance Productivity in Papaya,10.3390/agriculture15020201,high,"The study’s experiments and results are based on trials conducted at Tamil Nadu Agricultural University in Coimbatore, India, making an Indian state the primary study site and population of interest."
1316,"Thakur P., Paliyal S.S., Kumar P., Raj Y., Thakur P., Dev P., Thakur A., Butail N.P., Gill A.",2025,Natural farming needs manure augmentation to optimize soil quality and crop productivity,10.1111/sum.70005,medium,"The study centers on practices and inputs (Jeevamrit, farmyard manure, blackgram intercropping, RDF) that are specific to Indian natural-farming systems and cropping patterns, implying an India-focused case study even though the abstract does not explicitly state the study location."
1329,"Felix K.T., Govindarajan P.L., Rashtrarakshak V.P.",2025,Optimizing resource use efficiency for sustainable paddy production in South India - a regional study,10.3389/fsufs.2025.1665774,high,"The study explicitly analyzes paddy production and resource use across South Indian states using Indian government agricultural data, making India the primary geographic and data focus."
1325,"Dhasmana A., Seferidi P., Sharma V., Kohli S., Ghosh-Jerath S.",2025,"Opportunities for enhancing dietary diversity and environmental sustainability of supplementary nutrition program under the Integrated Child Development Services Scheme - a qualitative study in Srikakulam district, Andhra Pradesh",10.1186/s12889-025-24313-8,high,"This is an India-specific qualitative case study carried out in Srikakulam district, Andhra Pradesh, examining the ICDS Supplementary Nutrition Program and related policy/practice in India, so India is the primary study site and context."
1327,"Raveena, Kumar R., Pooja, Devi N.D., Verma R., Kaur N., Shilpa, Rushali",2025,Optimizing Productivity and Economics of Maize + Legumes Intercropping: A Study on the Impact of Natural and Organic Farming Practices,10.18805/LR-5243,high,"The study is a field experiment conducted at CSK Himachal Pradesh Krishi Vishvavidyalaya (Palampur) in India and evaluates India-specific practices (Zero Budget Natural Farming) and cropping systems in an Indian state, so India is the central focus."
1328,"Kumari B., Pant K.S., Bishist R., Prakash P., Bhatia A.K.",2025,Optimizing growth and yield: Nutrient source effects on Brassica campestris var. brown sarson under high density Malus × domestica Borkh. based agri-horticultural system in the Western Himalayas,10.1007/s10457-025-01256-y,high,"The study reports field experiments and economic analysis conducted in Himachal Pradesh (Western Himalayas), focusing on brown sarson in an apple-based agroforestry system, making India the primary study site and context."
1330,"Chowdhuri A., Chaudhary M., Purakayastha T.J., Singh T., Rosin K.G., Sinha N.K., Gupta D.K., Sharma A., Jangra P., Rakshit S., Sarkar A., Barnwal P.P., Hodkashia S., Kumar S.",2025,Optimizing soil fertility and climate resilience: Superiority of organic farming in enhancing carbon sequestration and nitrogen supply,10.1016/j.jenvman.2025.127131,high,The paper reports a field experiment and analysis focused on the eastern Indo‑Gangetic Plains and Indian farming systems (natural/organic/ICM) — India is the primary study site and policy/context of the research.
1332,"Narendran K., Kumar D., Panghal A.",2025,Organic Agribusiness and Management: An Overview,10.1201/9781003637608-2,high,"The study analyzes case studies from rural and urban Bengaluru and focuses on organic agribusiness supply chains and institutions in that Indian city, making India the primary geographic and empirical focus."
1339,Naik V.,2025,Organic Vegetable Farming in Southern India: A Pathway to Enhanced Farmers’ Income,10.35716/IJED-24516,high,"The study explicitly examines organic vegetable cultivation in Southern India and analyzes factors and income impacts for farmers there, making India the central study site and population."
1342,Kakati B.K.,2025,Organic farming in Northeast India: barriers and prospects,10.1007/s13165-025-00515-7,high,"The study explicitly focuses on the North Eastern region of India, uses field data from that region, and discusses India-specific barriers and policy recommendations for organic farming."
1347,"Biswas S., Mukherjee S., Saw A., Das R., Dey S., Roy A., Sengupta A., Dutta A.K.",2025,Performance of Mustard with Liquid Organic Manures in an Alfisol,10.1007/s42729-025-02352-9,high,"The paper reports a two-year field experiment conducted in the eastern Indian plateau on Indian mustard, with India as the primary study region and focus of results and recommendations."
1349,"Vasudevan M., Chelladura V., Ghosh S.K.",2025,Perspectives on Regenerative Agriculture for Sustainable Agricultural Waste Management,10.5276/jswtm/iswmaw/511/2025.vi,high,"The abstract explicitly states the paper focuses on regenerative agriculture and agricultural waste management in India, making India the primary geographic and policy context of the study."
1348,"Biswas S., Das R., Mahto D., Thakur R.",2025,Performance of garden pea (Pisum sativum var. hortense) under different organic liquid manure applications in Eastern Plateau and Hill zone of India,10.1007/s42535-024-00908-1,high,"The study is a field experiment conducted in Ranchi, Jharkhand (Eastern Plateau and Hill zone) evaluating organic manure treatments on garden pea, making an Indian state and its farmers the primary study site and population."
1352,"Janaki Rani A., Kavitha B., Abirami S., Narmadha N., Murugan P.P., Sumathi E., Sathya Bama K., Manimekalai R.",2025,Pesticide in Indian agriculture: Consumption pattern and farmers perception,10.14719/pst.6210,high,"The study explicitly analyzes pesticide consumption and farmers' perceptions across India and Indian states, using India-specific national and state-level data and focusing on Indian farmers and policy recommendations."
1354,"Jeet S., Verma R., Bhagat S., Bhanwaria R., Tabassum S., Yadav G.K.",2025,"Physicochemical Properties of Soil and Plant Geometry in Oil Yield, Quality and Economics of Lemongrass in Rainfed Bundelkhand Region, India",10.56042/jsir.v84i02.9598,high,"The study is centered on field experiments in the rainfed Bundelkhand region of India (specific Indian region) with results reported in Indian currency, making India the primary study site and policy/context focus."
1356,"Chakrabarty P.K., Yasmin, Selvakumaran S.",2025,Plant Biostimulants: Reinvigorating Agriculture,10.1201/9781003531944-15,high,"The abstract explicitly centers on Indian agriculture, discusses Government of India policies, specific Indian regulatory notifications and amendments, and frames biostimulant use, registration, and challenges within the Indian context, making India the primary focus."
1350,"Mathesh S., Sanbagavalli S., Geetha P., Janaki P., Gnanachitra M., Sritharan N.",2025,Perspectives on nutrient management through different farming practices for sugarcane production,10.14719/pst.9627,high,"The abstract frames the problem specifically around India’s sugarcane sector (noting India’s production rank and input trends) and discusses nutrient management and farming systems in the Indian context, making India a central focus."
1357,"Singh S., Sidhu M.S.",2025,Plant derivative extracts'(Brahmastra) spectral characterization and their impact on Lipaphis erysimi and natural enemies in oilseed-mustard under organic farming conditions,10.1007/s13165-025-00502-y,high,"The study focuses on mustard (gobhi sarson) and Lipaphis erysimi with explicit reference to India and reports field trials (2020–21, 2021–22) and outcomes in the Indian crop context, indicating India is the primary study setting."
1359,"Khanna V., Lad Y., Singh R., Prajapati M.",2025,Policy Initiatives to Protect and Promote the Socio-economic Conditions of Farmers,10.1007/978-981-96-5273-0_11,high,"The chapter explicitly focuses on the socio-economic conditions of farmers in India and evaluates Government of India policy initiatives and programs, making India the primary case and policy context."
1364,"Raghavendra M.Y., Annapurna H.S.",2025,Predicting Agricultural Crops from Soil Features in Chitradurga Area,10.48084/etasr.12537,high,"The study uses a dataset of soil samples collected from six taluks in Chitradurga District and develops crop-prediction models specific to that Indian region, making India the central focus."
1365,"Jena D., Mishra S.",2025,Production Gains and Marketed Surplus of Finger Millet: Sustainable Lessons for the Global South,10.1111/issj.12584,high,"The study is based on fieldwork in Nuapada district, Odisha and evaluates Odisha Millets Mission interventions using data from Indian farmers, making India the primary study site and policy context."
1374,"Siva Muthuprakash K.M., Mishra A.K., Ahirwar K., Dabral V., Ghosh P., Bhadbhade N., Patil S., Damani O., Kate T., K. J J., Shah M.",2025,"Reframing the Narrative on Natural Farming Yields and Income - Insights from a Baseline Survey in Madhya Pradesh, India",10.1177/09730052241310930,high,"The study is based on a primary baseline survey of 1,776 farmers across 11 agro-ecological zones in Madhya Pradesh, India, making an Indian state the central study site and primary dataset."
1375,Besky S.,2025,Regeneration and its discontents: biodynamic agriculture and Darjeeling tea plantations [La régénération et ses désillusions : l’agriculture biodynamique et les plantations de thé de Darjeeling] [La regeneración y sus descontentos: la agricultura biodinámica y las plantaciones de té de Darjeeling],10.1080/14649365.2024.2441767,high,"The paper is a case study focused on biodynamic agriculture and certification practices on tea plantations in Darjeeling, West Bengal, making India the central study site and policy/context of interest."
1380,"Chatterjee D., Selladurai R., Shahid M., Sarkar D., Das S.R.",2025,Regional Soil Health Assessments: Eastern Sub-humid Soil Health in India,10.1002/9780891187400.ch5,high,"The paper explicitly focuses on soil health assessment for the eastern sub-humid region of India, with India as the primary study site and policy/practice context."
1382,"Meinzen-Dick R., Singh S.",2025,Repairing the mosaic: the political economy of landscape-level agroecological transitions in India,10.1080/21683565.2025.2568498,high,"The study is a qualitative case study conducted in Mandla District, Madhya Pradesh, so India (and an Indian state/district) is the primary study site and policy context."
1385,"Naik A.H.K., Naik T.B., Kumara O., Umesha S., Madhu G.",2025,Response of Groundnut (Arachis hypogaea) under Different Phosphorus Management Options in Central Dry Zone of Karnataka,10.18805/LR-4925,high,"The paper reports multi-year field experiments conducted at a research station in Hiriyur, Karnataka (Central Dry Zone) and focuses on phosphorus management for groundnut in that Indian region, making India the primary study site and population."
1386,"Sachin, Singh J., Sharma R., Singh A., Narwal K., Rana B.B., Verma A., Sharma S.",2025,Response of black gram (Vigna mungo L.) to organic nutrient sources and their effect on soil properties and yield attributes in Western Himalayan region of India,10.14719/pst.7754,high,"The study explicitly focuses on black gram cultivation and soil management in the Western Himalayan region of India and frames findings in the Indian agricultural context, making India the primary study site and population of interest."
1387,"Rathika S., Ramesh T., Janaki P., Vinodhini S.M., Baskar M., Selvarani A., Venkatalakshmi K., Satheeshkumar N., Ayyadurai P., Jagadeesan R., Dinesh G.K., Kokilavani S., Vinoth R.",2025,Response of finger millet under organic nutrient management in sodic soil,10.14719/pst.6149,high,"The study is a field experiment conducted at an agricultural research institute in Tiruchirappalli, Tamil Nadu, making India the primary study site and focus."
1395,"Gopal A.S., Pokhariyal S., Patel N.R., Rana R.S., Singh R.P., Chauhan P.",2025,Satellite-derived gross primary productivity estimation in hill agriculture over rice–wheat cropping systems using the vegetation photosynthesis model,10.1007/s40808-025-02587-6,high,"The study explicitly centers on Himalayan croplands in Himachal Pradesh (Kangra, Palampur, Dharamshala), uses Indian eddy-covariance data and Indian rice–wheat systems, so India is the primary study region and dataset."
1408,"Apoorva Angadi V.M., Krishna Murthy R., Govinda K., Bhavya N., Uday Kumar S.N., Manjunatha M.H., Raghu H.B., Veeranagappa P., Sathish B.N., Hareesh T.S.",2025,Soil quality and microbial diversity across organic and conventional coffee in central Western Ghats India,10.1038/s41598-025-15437-3,high,"The study is centered on coffee plantations in the Western Ghats (Ponnampet, Kodagu, Karnataka), making India the primary study site and focus of the data and analysis."
1409,"Thapa A., Muthuprakash S., Damani O., Bell T.H., Isaac M.E.",2025,"Soil quality changes along an agroecological transition: Evidence from natural farming in Madhya Pradesh, India",10.1016/j.indic.2025.100995,high,"The paper is an empirical study conducted in Madhya Pradesh, central India, with farms in India as the primary study site and dataset, so India is the central focus."
1405,"Singh D., Ranjha R., Sharma S.K., Kaistha P., Parmar V.",2025,Soil Phosphorus Fractions and Balance in Response to Integrated Phosphorus Management in an Acid Alfisol of North West Himalayas,10.1007/s42729-025-02462-4,high,"The study is an experimental field trial conducted in Palampur, Himachal Pradesh (North West Himalayas), so India is the primary study site and central focus of the paper."
1410,"Singh A., Sharma P., Metha S., Kumari A., Kumar R., Rai D., Kapoor S.",2025,Soybean performance under natural farming: Response to bio-formulations from indigenous and exotic cattle breeds,10.14719/pst.7304,high,"The paper reports primary field experiments conducted at CSK Himachal Pradesh Krishi Vishvavidyalaya (Palampur) using Indian cattle breeds and Kharif-season trials, making India the central study location and context."
1414,"Raman K., Rani J., Dwivedi A., Mir M.A.",2025,Strategic mix priorities as drivers of agripreneurial performance: Evidence from smallholder organic vegetable farmers in Tamil Nadu State of India,10.5304/jafscd.2025.144.007,high,"The study uses primary data from 271 organic vegetable growers across 16 districts of Tamil Nadu and centers its analysis and policy implications on that Indian state, making India the clear focal context."
1413,"Singh V., Sharma A., Kumar N., Rana N., Srishti",2025,Stability models regulate the adaptation of male sterility-based chilli hybrids for agro-ecologically diverse regions of north-western Himalayas,10.1038/s41598-025-18393-0,high,The paper’s primary study sites are multiple locations in the north‑western Himalaya (India) and the analysis focuses on adaptation and performance of chilli hybrids across those Indian agro‑ecological environments.
1416,"Shilpa, Singh J., Pooja, Raveena, Parita, Kaur N.",2025,"Study on Tillage, Organic and Inorganic Nutrient Sources: A Short-term Agronomic and Economic Analysis of Soybean (Glycine max L.) under Sub Humid Agro-climatic Conditions",10.18805/LR-5099,high,"The study is a field experiment conducted at CSK Himachal Pradesh Krishi Vishvavidyalaya in Palampur (Himachal Pradesh), making an Indian state the primary study site and focus."
1412,"Sanadya S.K., Sood V.K., Kumar S., Sharma G., Sood R., Katna G., Enyew M., Sahoo S.",2025,"Stability Indices, AMMI and GGE Biplots Analysis of Forage Oat Germplasm Under Variable Growing Regimes in the Northwestern Himalayas",10.1007/s40003-025-00846-7,high,"The paper’s primary study site and analysis are focused on the Northwestern Himalayas (an Indian Himalayan region), with genotype trials and recommendations specific to that regional agricultural context, making India the central focus."
1415,"Mastiholi A.B., Chikkalaki S., Dasar V., Maheswarappa H.P., Duradundi S., Shantappa T., Bavidoddi A., Sowmya B.",2025,"Studies on Growth, Yield and Soil Fertility Status in Cluster Bean [Cyamopsis tetragonoloba (L.) Taub] cv. Pusa Navbahar under Natural Farming Practice in Comparison with Conventional Farming",10.18805/LR-4997,high,"The paper reports an on‑farm field experiment conducted in Kumbapur, Dharwad (India) using an Indian cultivar and local farming practices, so India is the primary study site and context."
1429,"Reddy D.S., Ramkumar A.",2025,"Tamil Nadu’s heritage rice, lost and found",10.1080/09584935.2025.2575154,high,"The paper examines heritage rice revival specifically in Tamil Nadu and frames the analysis within India’s agrarian and policy history, making an Indian state the central study site and focus."
1430,"Balla J., Goswami K.",2025,"Technical efficiency of rice in community-anaged natural farming vs. conventional farming in Andhra Pradesh, India",10.1080/09614524.2025.2565620,high,"The paper is an empirical study conducted in Andhra Pradesh, India, using a sample of 1,000 Indian farmers and focusing on natural vs conventional farming in that specific Indian state, so India is the central context."
1431,"Tozzi A., Still E.",2025,The Ambiguous Ecologies of Agri-Alternatives: Exploring the Calculus of Social Reproduction in Rural India,10.1111/joac.70048,high,"The paper explicitly draws on ethnographic data from India and centers Indian farmers and agrarian relations, making India the primary study context and focus."
1426,"Hasanain M., Singh V.K., Rathore S.S., Meena V.S., Meena S.K., Shekhawat K., Singh R.K., Dwivedi B.S., Bhatia A., Upadhyay P.K., Singh R., Babu S., Kumar A., Kumar A., Fatima A., Verma G., Kumar S., Sharma K., Singh N.",2025,"Sustainable strategies in maize-wheat systems: Integrating tillage, residue, and nutrient management for food-energy-carbon footprint optimization",10.1016/j.rser.2024.115316,high,"The paper reports a two-year field experiment in the Indo-Gangetic Plains (IGPs), a primary Indian agricultural region, and evaluates maize–wheat system practices and nutrient management relevant to India’s agronomic context."
1432,Saha M.,2025,"The Making of Modern Agriculture in Independent India: Global Knowledge Network, National Planning, and the Green Revolution",10.4324/9781003500285,high,"The work explicitly focuses on agricultural development in independent India—covering Indian policy debates, the Green Revolution, Indian research institutions and scientists, and impacts on the rural economy—making India the central case study."
1423,Mukherjee S.,2025,Sustainable and Climate-Friendly Organic Agribusiness: Scopes and Challenges,10.1201/9781003637608-3,high,"The abstract explicitly frames organic agriculture and policy recommendations around India—referring to India as the national case, discussing food security and region-level transition strategies—so India is the central policy/case focus."
1441,"Shambu Prasad C., Prasanth A.",2025,"Towards Livelihood Diversification: Pileru Mandal Mahila Samakhya (PMMS), Andhra Pradesh",10.1007/978-981-96-2751-6_15,high,"The study explicitly focuses on Pileru Mandal Mahila Samakhya in Andhra Pradesh, examining Indian self‑help groups, local livelihood programs, and policy/practice (rupees, state-level context), so India is the central case."
1442,"Dutta S.K., Kumar A., Yadav A., Kumar A., Bhutia T.L., Meena V.S., Mishra V.K., Hazarika S., Das A., Hasanain M., Verma G., Baral K.",2025,Trade-offs and synergies in organic vegetable systems: strengthening the food–nutrient–energy–carbon nexus under the climate crisis,10.1016/j.jafr.2025.102471,high,"The study is a five-year field experiment conducted in the North Eastern Indian Himalayas, making India (a specific Indian region) the primary study site and central focus of the paper."
1438,"Behl P., Osbahr H., Angra D., Cardey S.",2025,The importance of traditional seeds in agroecology transitions: a case study from Himachal Pradesh in India,10.1080/21683565.2025.2585485,high,"The paper is a qualitative case study conducted across multiple villages in Himachal Pradesh, India, examining a state-led natural farming initiative and farmer seed systems, so India (a specific Indian state) is the primary study site and context."
1445,"Suryawanshi A., Dash B., Tasung A., Singh R., Alone R., Angami T., Wangchu L., Nema A.K., Choudhury B.U.",2025,Traditional soil and water conservation by tribal farmers in Arunachal Pradesh: A case study on erosion control,10.56042/ijtk.v24i9.13930,high,"The study explicitly investigates traditional soil and water conservation practices of Galo tribal farmers in Arunachal Pradesh, India, using primary data from 150 local farmers across elevation zones, making India the central study site and population."
1446,"Pandey P., Cabral L.",2025,Transformational Agroecology: The Making and Unmaking of Zero Budget Natural Farming in India,10.1177/09717218251326835,high,"The paper’s primary case study and analysis focus explicitly on Zero Budget Natural Farming in India, examining Indian sites, networks, and practices as the central context."
1448,"Divyanshu, Vashishat R.K., Verma S.C., Chandel R.S., Sharma S., Verma S., Bharat N., Thakur K.S., Dev I., Chauhan S., Sharma P., Kishore K., Chandel A., Sharma P.",2025,"Transitioning apple farming towards sustainability: evidence from Himachal Pradesh, India",10.1088/2515-7620/adf9e0,high,"The study specifically examines natural versus conventional apple farming across agro-climatic zones in Himachal Pradesh and draws India-focused policy implications, so India is the primary study context."
1454,Dalal A.,2025,Understanding agricultural transitions and sustainability: a study of farmers’ perspectives in rural North-West India,10.1080/09584935.2025.2575160,high,"The paper is an empirical study conducted in Haryana villages in north-west India with 11 months of fieldwork focusing on farmers’ perspectives and farm-level practices, making India the primary study site and population."
1452,"Dhilipkumar V., DineshKumar S., Maheswari S., Döngül E.S.",2025,Trustworthy AI knowledge systems for precision agriculture and agribusiness management: Detecting crop health using satellite imagery,10.1016/j.sctalk.2025.100494,high,"The paper’s primary study site and dataset focus on Majuli, Assam (India), with models, validation, and intended users tied to that Indian region and its flood-impact agricultural context, so India is the central focus."
1459,Agrawal N.,2025,Violent sustainability: Blitzscale and counteraccounting in an Indian agtech start-up,10.1002/sea2.12333,high,"The study is an institutional ethnography and counteraccounting of a specific Indian agtech start-up and frames findings in the context of digitalization of Indian agriculture, making India the primary study site and policy/population focus."
1457,"Kaur G., Singh I., Behl R.K.",2025,Varietal response of wheat (Triticum aestivum L.) to nutrient management in northeastern regions of Haryana,10.31830/2454-1761.2025.CR-1017,high,"The study is a field experiment conducted in northeastern Haryana (an Indian state) at an Indian university and specifically evaluates wheat varieties and nutrient management for that region, making India the central focus."
1460,"Nautiyal S., Lal C.",2025,"Voices from the field: a survey-based perspective on organic transition among farmers in Uttarakhand, India",10.1108/JADEE-05-2025-0213,high,"The study is based on primary survey data from organic farmers in Uttarakhand, India, making an Indian state and its farming population the central focus of the research."
1458,"Singh A., Yadav N., Tomar D., Golui K., Phogat P., Jangra S., Rajrana Y., Kumar S., Gujral P., Kumar S.",2025,Vertical Stratification of Nutrients and their Relation with Soil Properties under Organic Cultivation,10.21608/ejss.2025.355907.1978,high,"The study is an empirical soil-nutrient investigation conducted at CCS Haryana Agricultural University in Hisar, India, using pedons from Indian (semi-arid, calcareous alluvial) soils, so India is the primary study site and dataset."
1463,"Kumar J., Rana S., Rani V., Ahuja A.",2025,What affects organic farming adoption in emerging economies? A missing link in the Indian agriculture sector,10.1108/IJOEM-03-2023-0390,high,"The study is based on a primary survey of 397 farmers in Haryana, India, and explicitly analyzes determinants of organic farming adoption in an Indian state, making India the central focus."
1467,"Berger I., Kamble A., Morton O., Raj V., Nair S.R., Joshi V., Dicks L.V.",2025,"Woody vegetation patches in South Indian rice landscapes support tree-affiliated birds but reduce food production, with complex non-linear effects",10.1007/s10980-025-02136-7,high,"The study explicitly examines rice-growing landscapes in South India and bases its findings and recommendations on data and contexts from that region, making India the central study site."
1465,"Sood K., Kumar A., Negi V.",2025,Women Leading the Way: Female-Led Adaptation Initiatives in Western Himalayas,10.1007/978-3-031-90236-9_13,high,"The paper focuses on female-led climate adaptation case studies in Mandi and Lahaul Spiti, Himachal Pradesh, making specific Indian regions the primary study site and central focus."
1461,"Sinha A., Pankaj A.",2025,WOMEN-LED CLIMATE ACTION IN INDIA: Lessons from MGNREGS and DAYNRLM,10.4324/9781003660255-12,high,"The paper explicitly examines women-led climate action through India’s flagship rural programmes (MGNREGS and DAYNRLM) and uses state-level case examples (Andhra Pradesh, Sikkim, Telangana), so India is the central focus."
1468,"Mastiholi A.B., Sathish B.R., Allolli T.B., Maheswarappa H.P., Hipparagi K., Prasanna S.M., Rudresh D.L., Patil S.",2025,"Yield, Economics and Quality of Guava as Influenced by Varied Levels and Frequency of Application of Jeevamrutha",10.18805/IJARe.A-6167,high,"The study is an on-farm field experiment conducted at the Regional Horticultural Research and Extension Centre in Dharwad, Karnataka, making an Indian state the primary study site and focus."
1470,"Walker G., Osbahr H., Duddigan S., George J., Ponnolu S., Anisetti H., Collins C., Hussain Z.",2025,“It feels like we're doing something good.” Mapping farmer perceptions of zero budget natural farming onto crop yields in Andhra Pradesh,10.1016/j.wdp.2025.100665,high,"The paper is centered on Zero Budget Natural Farming in Andhra Pradesh (Anantapur and Visakhapatnam), using local farmer perceptions and field experiments, so India is the primary study site and focus."
1472,"Berger I., Pannure A., Harris A., Basu P., Smith B.M., Dicks L.V.",2026,"Agroecological cashew cultivation increases pollinator abundance, diversity and flower visitation rates, with potential yield benefits",10.1016/j.agee.2025.110006,high,"The study explicitly evaluates the Zero Budget Natural Farming programme and its effects on cashew orchards in South India, making India the primary geographic and policy focus of the research."
1474,"Choudhary N., Mochi V., Patel M., Thakkar A., Vyas S., Yadav V.K., Patel A.",2026,An Innovative Approach for the Jeevamrutha-Mediated Green Synthesis of Silver Nanoparticles and their Application in Agriculture and Biomedical Field,10.1007/s12668-025-02251-4,medium,"The study centers on Jeevamrutha, a traditional Indian fermented bio‑formulation used as the core reducing/stabilising agent in the experiments, making an Indian agricultural practice the primary focus even though no specific Indian location is named."
1481,"Singh D., Ranjha R., Sharma S.K., Chopra P., Manuja S.",2026,Effect of phosphorus management practices on soil properties and their correlation with wheat productivity in an acid alfisol of northwest Himalayas,10.1080/01904167.2025.2537164,medium,"The study is a field experiment conducted in the northwest Himalayas—a regional setting that typically refers to Indian Himalayan states and focuses on local soil and wheat management—however the abstract does not explicitly state India or a specific Indian state, so there is some uncertainty."
1484,"Channi H.K., Sandhu R., Prabha C., Nandan D.",2026,Impact of Soil Type on Sunflower Growth in Punjab: SPCC and Google Colab Analysis,10.1007/978-981-95-5085-2_4,high,"The study’s primary site and dataset are in India (specifically Punjab) and the paper analyzes sunflower growth using soil samples collected and experiments conducted there, making India the central focus."
1483,"Sagar S., Bala J., Chauhan R., Kumar R., Badiyal A., Walia A.",2026,Exploration of beneficial microflora from Jeevamrit bioformulation of different cattle breeds for environmentally sustainable plant health and disease management in organic farming system,10.1007/s13165-025-00533-5,high,"The study specifically analyzes Jeevamrit bioformulation and microbial isolates from cattle breeds including the Indian indigenous Pahari, addressing an organic farming practice that is specific to India, so India is the primary study context."
1485,"Alphonso R., Arumugam T.D., Cheela V.R.S.",2026,Integrated environmental and economic trade-offs in rice cultivation in emerging economies using a life cycle approach,10.1007/s44274-026-00546-1,high,"The study's primary empirical focus is on rice production across four specific Indian regions (Assam, Haryana, Maharashtra, Kerala) and it addresses India-specific inputs, logistics, costs and policy implications, making India central to the paper."
1491,"Panchal D., Gajjar K., Chaudhary M., Chaudhary D., Patel C.K., Shukla N., Raval I., Bagatharia S., Joshi C., Patel A., Dharajiya D.",2026,Microbial and Metabolite Profiling Reveal the Composition of Beejamrit: A Bioformulation for Seed Treatment in Sustainable Agriculture,10.3390/agriculture16010133,high,"The paper centers on Beejamrit, a cow-based bioformulation used in Indian natural farming, and analyzes its microbial and metabolite composition, making India/the Indian farming practice the primary context of the study."
1489,"Prasad C.S., Kumar R.",2026,Managing Sustainable Transitions in Agriculture: Beyond Productivity and Populism in India,10.1177/09730052251409524,high,"The paper explicitly focuses on India’s agricultural system and Green Revolution legacy, synthesising Indian scholarship and practitioner evidence and proposing an India-specific research and policy agenda, so India is the central context."
1480,"Mishra H., Dwivedi S., Kumar R., Rana L., Gitari H., Roy D.K.",2026,Economic Viability and Market Prospects of Organic and Natural Farming in Climate-Resilient Agriculture,10.1201/9781998511150-10,high,"The abstract opens with India-specific production data (APEDA) and frames organic/natural farming, economic evaluation and policy challenges in the Indian context, indicating India is the primary focus."
1496,"Saivineeth M., Venkateswarlu B.",2026,"Optimization of thermal energy and ammonia (NH3) provided for an agricultural conservatory system, capitalizing on resource synergy using linear programming",10.1016/j.asej.2025.103890,high,"The paper develops a national-level MILP and uses India-specific datasets (industrial retailers, land-suitability, climate) to model and report India-wide outcomes and geographic hotspots, so India is the central study context."
1490,"Gajjar K., Patel S., Chaudhary M., Agrawal D., Maniyar R., Chaudhary D., Patel C.K., Joshi C., Joshi M., Dharajiya D.",2026,"Metagenomic insights reveal the impact of natural farming on soil nutrients, enzyme activities, microbial communities, and yield in turmeric cultivation",10.1186/s12870-025-07781-3,medium,"The study evaluates natural farming treatments using India‑specific inputs (Beejamrit, Jeevamrit, Ghanjeevamrit) and turmeric field experiments, indicating the research is centered on the Indian natural‑farming context and crop."
1501,"Parmar B., Vishwakarma A.K., Jha P., Biswas A.K., Meena B.P., Das A., Rani K.",2026,Residue and Nutrient Inputs Optimization for Sustainable Soybean-Wheat System Under Zero Tillage in Central Indian Vertisol,10.1007/s42729-025-02945-4,high,"The study is explicitly conducted in the central Indian Vertisol and evaluates the soybean–wheat system and conservation agriculture practices in that Indian region, making India the primary study site and context."
1503,"Seidler R., Gavai P., Bawa K.S.",2026,Rethinking agrobiodiversity for agricultural sustainability,10.3389/fsufs.2025.1639264,high,"The paper explicitly centers its analysis and recommendations on farming systems and agrobiodiversity in India, using India as the primary case and policy context rather than treating it as one of many countries."
1505,"Suri D., Sharma R.P., Gawdiya S., Sankhyan N.K., Manuja S., Singh J., Sharma T., Al-Ansari N., Mattar M.A., Salem A.",2026,Soil Quality Index as a Predictor of Maize–Wheat System Productivity Under Long-Term Nutrient Management,10.3390/land15010183,high,"This is an experimental long-term study conducted in Palampur, Himachal Pradesh, so India (a specific state and site) is the primary study location and focus."
1508,Singh N.,2026,Sustainable Agriculture in Punjab: Questions from an Ecological Justice Perspective,10.4324/9780429277580-17,high,"The paper explicitly focuses on Punjab and analyzes the aspirations and barriers faced by Punjabi farmers regarding sustainable agriculture, making an Indian state the primary study site and population of interest."
1509,"Hasanain M., Singh V.K., Rathore S.S., Meena V.S., Singh R.K., Shekhawat K., Meena S.K., Dwivedi B.S., Upadhyay P.K., Mishra R.P., Verma G., Kumar S., Singh N., Mandloi A.S.",2026,Sustainable energy-food-nutrient nexus: strategies for enhancing wheat production resilience in India,10.1016/j.biombioe.2025.108864,high,"The study is a two-year field experiment carried out in the Indo-Gangetic Plains and explicitly evaluates wheat production, nutrient management, and system-level outcomes within the Indian context, making India the central study site and focus."
1510,"Samanta S., Dutta S., Naskar M.K., Maity K., Biswas N., Chattopadhyay N., Bandyopadhyay A., Ghosh D.K., Das S.",2026,"Sustainable enhancement of onion (Allium cepa L.) production: the efficacy of Panchagavya as an organic foliar treatment for improved growth, yield, and quality",10.1080/19315260.2026.2619682,high,"The field experiment was carried out at a Horticultural Research Station in Mondouri, West Bengal, making an Indian state the primary study site and central focus of the paper."
1513,"Nichols C., Kumari N.",2026,The Capital–Labour–State Dynamics of Herbicide Adoption in Rainfed India,10.1111/joac.70068,high,"The paper’s primary empirical focus and case studies are explicitly in India (two districts in eastern Madhya Pradesh) and it analyses herbicide adoption and agrarian dynamics within the Indian context, making India central to the study."
1803,"Athavale, A; Jirankalgikar, N; Nariya, P; De, S",2012,EVALUATION OF IN-VITRO ANTIOXIDANT ACTIVITY OF PANCHAGAVYA: A TRADITIONAL AYURVEDIC PREPARATION,10.13040/IJPSR.0975-8232.3(8).2543-49,high,"The paper studies Panchagavya, a classical Ayurvedic preparation, which is an Indian traditional product — making India the central cultural/subject focus of the study."
1873,"Choudhary, KM; Patel, MM; Pagar, RD",2014,EFFECT OF FOLIAR APPLICATION OF PANCHAGAVYA AND LEAF EXTRACTS OF ENDEMIC PLANTS ON GROUNDNUT (ARACHIS HYPOGAEA L.),10.5958/j.0976-0571.37.2.033,medium,"The study uses India-specific agronomic terms and inputs (panchagavya, Kharif season, neem) and examines groundnut foliar applications in a field experiment, strongly suggesting an Indian context though the abstract does not explicitly name the country."
1884,"Radha, TK; Rao, DLN",2014,Plant Growth Promoting Bacteria from Cow Dung Based Biodynamic Preparations,10.1007/s12088-014-0468-6,medium,"The study analyzes microbes from Panchagavya and other cow-dung biodynamic preparations—practices that are specific to Indian organic farming—so the paper centers on India-related agricultural practices, although the abstract does not explicitly state the study location."
1949,"Jadhav, RL; Kulkarni, S",2016,"Effect of foliar spray of nutrients on productivity of greengram (Vigna radiata) in North Eastern transitional zone of Karnataka, India",10.18805/lr.v0iOF.11335,high,"The study is an experimental field trial conducted in the North Eastern transitional zone of Karnataka (Bidar, Raichur) and focuses on crop productivity in an Indian state, making India the primary study site and context."
1954,"Kulkarni, S; Upperi, SN; Jadhav, RL",2016,Greengram productivity enhancement through foliar spray of nutrients,10.18805/1r.v0iOF.9386,high,"The study is a field experiment conducted at AEEC, Lingsugur (UAS, Raichur) during Kharif seasons, making an Indian location the primary study site and dataset."
1973,"Pasala, SR",2017,An Econometric Analysis of Farmer's Distress in Andhra Pradesh: A Logistic Regression Analysis,10.5958/2322-0430.2017.00049.X,high,"The paper is an econometric study based on field survey data from North Coastal Andhra Pradesh (an Indian state), making India the primary study site and population of interest."
1990,"Khan, MS; Akther, T; Hemalatha, S",2017,Impact of Panchagavya on Oryza sativa L. Grown Under Saline Stress,10.1007/s00344-017-9674-x,medium,"The paper centrally evaluates Panchagavya—an agricultural input specific to Indian farming—and its effects on rice under saline stress, making an India-specific practice the main focus, although the abstract does not explicitly state the study location."
2042,"Sayi, DS; Mohan, S; Kumar, KV",2018,Molecular characterization of a proteolytic bacterium in Panchagavya: An organic fertilizer mixture,10.1016/j.jaim.2017.04.007,high,The study investigates Panchagavya — a traditional Indian cow-based organic fertilizer explicitly situated in the Vedic/Indian farming context — making India the central cultural and topical focus of the paper.
2044,"Raut, AA; Vaidya, ADB",2018,Panchgavya and cow products: A trail for the holy grail,10.1016/j.jaim.2017.12.005,high,"The paper explicitly examines Panchgavya and cow products within the Indian cultural and Ayurvedic context and discusses integration of cow-derived therapies into Indian traditional and conventional medicine, making India the central focus."
2077,"Sutar, R; Sujith, G; Devakumar, N",2019,Growth and yield of Cowpea [Vigna unguiculata (L.) Wall)] as influenced by jeevamrutha and panchagavya application,10.18805/LR-3932,high,"The study was an on-site field experiment conducted at the Research Institute on Organic Farming, University of Agricultural Sciences, Bengaluru, making India (a specific Indian city/institution) the primary study site and focus."
2079,"Shinde, P; Hunje, R",2019,Influence of soil application of organic manures and foliar spray of organic nutrients on resultant seed quality in Kabuli chickpea (Cicer arietinum L.) varieties,10.18805/LR-4109,high,"The experiment was conducted at the University of Agricultural Sciences, Dharwad (India) on Kabuli chickpea varieties using local varieties and Indian organic amendments, so India is the primary study site and context."
2117,"Shinde, P; Hunje, R",2020,Influence of Soil Application of Organic Manures and Foliar Spray of Liquid Biofertilizers on Growth and Seed Yield of Kabuli Chickpea (Cicer arietinum L.) Varieties,10.18805/LR-4193,high,"The experiment was conducted at the University of Agricultural Sciences, Dharwad (an Indian site) and studies Indian kabuli chickpea varieties and locally tested organic practices, making India the central study context."
2118,"Gohil, R; Patel, K; Shah, H; Vyas, S; Desai, M; Rajput, K",2020,Isolation and Screening of Plant Growth Promoting Bacteria from Fermented Panchagavya,10.21786/bbrc/13.1specialissue/7,high,"The study focuses on panchagavya, a traditional Indian organic farming input and explicitly frames the work in the context of Indian agriculture, so India-specific agricultural practices and materials are the central focus."
2125,"Chaudhari, SK; Biswas, PP; Kapil, H",2020,Soil Health and Fertility,10.1007/978-3-030-31082-0_11,high,"The abstract centers on soil health in the Indian context, discussing Government of India programmes and Indian agricultural institutions (ICAR, state/central ag universities), so India is the primary policy and study context."
2111,"Shinde, P; Hunje, R",2020,Effect of seed priming on growth and seed yield in kabuli chickpea (Cicer arietinum L.) varieties,10.18805/LR-4116,high,"The study is an India-specific field experiment conducted at the University of Agricultural Sciences, Dharwad (Karnataka) evaluating kabuli chickpea varieties and seed treatments, so India is the primary study site and focus."
2131,"Mandavgane, SA; Kulkarni, BD",2020,Valorization of Cow Urine and Dung: A Model Biorefinery,10.1007/s12649-018-0406-7,high,"The abstract explicitly frames the topic around Indian farmers and rural livelihoods, references Indian traditional practices (Panchagavya), and includes a case study of a manufacturing unit, indicating India is the primary context and focus."
2200,"Nagarajan, D; Rajarathnam, M",2022,"Bacterial Community Structure of Panchagavya, a Fermented Liquid Bio-manure, as Revealed by High-Throughput Sequencing of 16S rRNA Gene Amplicons",10.1128/mra.00941-21,high,"The study focuses on panchagavya, a traditional Indian fermented bio-manure and its microbial composition, making India the central contextual focus of the research."
2207,"Aher, SB; Lakaria, BL; Kaleshananda, S; Singh, AB",2022,"Concentration and Uptake of Micronutrients (Fe, Zn, Cu and Mn) in Soybean and Wheat under Organic, Biodynamic and Inorganic Nutrient Management in Semi-arid Tropical Conditions of Central India",10.1080/00103624.2022.2071434,high,"The study is explicitly conducted in the semi-arid tropical conditions of Central India and investigates crop nutrient management there, so India is the primary geographic and empirical focus of the paper."
2206,"Patel, J; Kumar, GS",2022,Climate resilient agriculture practices - The future of farming,10.14719/pst.1835,high,"The abstract repeatedly frames climate-resilient agriculture in the context of Indian agriculture, national programs, soil and population issues, and Indian institutions, indicating India is the primary focus."
2203,"Kumar, K; Mishra, RS; Singh, SK; Kumar, P",2022,Characterization and management of Cercospora leaf spot of fenugreek (Trigonella foenum-graecum L.) caused by Cercospora traversiana through organic treatments,10.54085/ap.2022.11.1.81,medium,"The study evaluates fenugreek disease management using distinctly Indian organic inputs (cow urine, cow dung, panchagavya, Vanaspativash), indicating an Indian agricultural context even though the abstract does not explicitly state the study location."
2212,"Ajaykumar, R; Harishankar, K; Sivasabari, K; Rajeshkumar, P; Saranraj, T; Aravind, J; Kumaresan, S",2022,"Effect of Liquid Rhizobium with Organic Bio-stimulants on Growth, Yield Attributes and Yield of Leguminous Blackgram [Vigna mungo (L.) Hepper]",10.18805/LR-4999,high,"The study addresses productivity for India’s domestic demand, uses Indian agronomic inputs (e.g., panchagavya/Dasagavya), and reports a field experiment clearly situated in the Indian cropping context, making India the central focus."
2231,"Bajaj, KK; Chavhan, V; Raut, NA; Gurav, S",2022,Panchgavya: A precious gift to humankind,10.1016/j.jaim.2021.09.003,high,"The paper focuses on Panchgavya within Ayurveda and explicitly situates the practice and cultural context in India (cow worship, Indian traditional clinical practices), making India the central focus."
2233,"Thangamayan, S; Sundaram, A; Mythili, G",2022,Performance Of Organic And Non Organic Farming In Theni District Of Tamilnadu,10.47750/pnr.2022.13.S05.07,high,"The study explicitly investigates organic vs. non-organic farming in Theni District, Tamil Nadu, using India-specific locations, populations, and findings, so India is the central focus."
2236,"Kumar, D; Singh, M; Kumar, S; Meena, RK; Yadav, MR; Makarana, G; Kushwaha, M; Dutta, S; Kumar, R; Rajesh, R",2022,Productivity and quality enhancement in fodder maize (Zea mays) cultivars through nutrient management strategies,10.56093/ijas.v92i1.120875,high,"The experiment was conducted at ICAR–NDRI in Karnal (India) and analyzes maize cultivars and nutrient management practices in that Indian research context, making India the primary study site and focus."
2242,"Nandhini, DU; Thiyagarajan, M; Somasundaram, E",2022,SOIL FERTILITY OF RICE- BLACKGRAM CROPPING SEQUENCE AS INFLUENCED BY DIFFERENT ORGANIC SOURCES OF NUTRIENTS,10.3329/bjb.v51i2.60426,high,"The study is a field experiment conducted in Thoppur, Thirupparankundram, Madurai (Tamil Nadu), so the research site and population are specifically located in India and India is the central focus."
2234,"Gohil, RB; Raval, VH; Panchal, RR; Rajput, KN",2022,Plant Growth-Promoting Activity of Bacillus sp. PG-8 Isolated From Fermented Panchagavya and Its Effect on the Growth of Arachis hypogea,10.3389/fagro.2022.805454,medium,"The bacterial isolate was obtained from fermented panchagavya, a traditional Indian cow-product, and the study evaluates its use as an agricultural input for groundnut, making the research centered on an India-specific agricultural practice."
2246,"Upadhyay, PK; Sen, A; Singh, Y; Singh, RK; Prasad, SK; Sankar, A; Singh, VK; Dutta, SK; Kumar, R; Rathore, SS; Shekhawat, K; Babu, S; Singh, RK; Kumar, B; Dey, A; Rajanna, GA; Kulshekaran, R",2022,"Soil Health, Energy Budget, and Rice Productivity as Influenced by Cow Products Application With Fertilizers Under South Asian Eastern Indo-Gangetic Plains Zone",10.3389/fagro.2021.758572,high,"The study is based on field experiments conducted in Varanasi, within the eastern Indo-Gangetic Plains of India and focuses on India-specific soil health, rice productivity, and nutrient management, so India is the central study context."
2237,"Sakthivel, S; Dhanapal, AR; Balakrishnan, E; Selvapitchai, S",2022,Quantitative and qualitative analysis of bottle gourd (Lagenaria siceraria): Impact of organic liquid fertilizer,10.1016/j.nexus.2022.100055,medium,"The study evaluates Panchagavya, Beejamrutha and Jeevamrutha—organic inputs that are specific to Indian natural-agriculture practice—strongly indicating an India-focused agricultural study, although the abstract does not explicitly state the study location."
2245,"Sumathi, V; Abdullah, JM",2022,Smart Automation for Production of Panchagavya Natural Fertilizer,10.3390/agronomy12123044,high,"The paper specifically develops an automated production system for panchagavya, an indigenous Indian organic fertilizer, making an India-specific agricultural practice the central focus."
2279,"Kovilpillai, B; Nedumaran, S; Mani, S; Mani, JR; Natarajan, S; Ramasamy, J",2023,"Impacts of Elevated Ozone and Ozone Protectants on Plant Growth, Nutrients, Biochemical and Yield Properties of Turnip (Brassica Rapa L.)",10.1080/01919512.2023.2165475,high,"The study was conducted at a Horticultural Research Station in Ooty (Tamil Nadu), making an Indian location the primary study site and dataset for the paper."
2278,"Netwal, M; Singh, SP; Garhwal, OP; Jakhar, RK; Choyal, P; Choudhary, G; Nehra, A",2023,Impact of micronutrients and organics on performance of sprouting broccoli (Brassica oleracea),10.56093/ijas.v93i4.123371,high,"The study is a field experiment conducted at Sri Karan Narendra Agriculture University in Jobner, Rajasthan, making an Indian state the primary study site and focus."
2287,"Mathukia, RK; Chhodavadia, SK; Vekaria, LC; Vasava, MS",2023,Organic Cultivation of Summer Groundnut using Cow-based Bio-enhancers and Botanicals,10.18805/LR-4431,high,"The study is an India-specific field experiment conducted in Junagadh, Gujarat using Indian cow-based bio-enhancers and local universities, with India-focused yield and economic results, so India is the central focus."
2295,"Kumar, D; Singh, M; Meena, RK; Kumar, S; Meena, BL; Yadav, MR; Makarana, G; Kushwaha, M",2023,Productivity and profitability improvement of fodder maize under combined application of indigenously prepared panchagavya with organic and inorganic sources of nutrient,10.1080/01904167.2023.2206433,high,"The study is explicitly conducted in and makes recommendations for the Indo-Gangetic Plains of India, using Indian maize cultivars and India-specific nutrient management practices, so India is the central focus."
2297,"Nandhini, DU; Somasundaram, E; Thiyagarajan, M",2023,RESIDUAL EFFECT OF ORGANIC MANURES ON RICE FALLOW SUMMERBLACKGRAM (VIGNA MUNGO L.),10.3329/bjb.v52i2.66944,high,"Field experiments were conducted at specific sites in Madurai (Tamil Nadu), India, and the paper focuses on an Indian rice–blackgram cropping sequence, making India the primary study context."
2296,"Rathore, G; Kaushal, R; Sharma, V; Lalkhumliana, F",2023,Quantifying the effect of fermented liquid bio formulations and organic amendments on yield and quality of eggplant (Solanum melongena L.),10.1080/01904167.2022.2155550,medium,"The paper evaluates Panchagavya and Jeevamrut—traditional Indian organic bioformulations—and reports a local two‑year field experiment on eggplant, indicating an India‑centred agricultural practice even though the exact location is not stated."
2304,"Ajmeer, AJ; Selvarajan, R; Mearns, K; Pandian, J",2023,Unveiling the Bacterial Communities and Its Potential Agricultural Applications from Organic Manure (Panchagavya) Using Targeted Amplicon Analysis,10.15244/pjoes/168227,medium,"The paper’s primary subject is Panchagavya, a traditional Indian organic manure practice, so the study is centrally about an India-specific agricultural input even though the abstract does not explicitly state the study location."
2321,"Singh, S; Venkateshmurthy, NS; Prabhakaran, D; Mohan, S",2024,Doubling Farmers' Incomes in India by 2022: A Farmers' Perspective,10.1177/09763996241258600,high,"The study directly evaluates an Indian national policy (doubling farmers' incomes by 2022) using Indian farmers' perspectives and discusses Indian-specific institutions (MSP, government programmes), so India is the primary focus."
2315,"Byadgi, PS; Kumar, M; Singh, V; Dwivedi, AK; Mishra, SK; Dubey, SK; Chaudhary, AK; Chaurasia, RN; Joshi, N; Jani, H; Mishra, RK; Singh, TB; Arunima, PS; Jayakumar, R",2024,"Clinical efficacy of Gojihvadi Kwath, Shirishadi Kwath, Sanjeevani Vati, Panchagavya Ghrita Granules & Shunthi Churna for COVID-19 management, a randomized controlled trial",10.56042/ijtk.v23i8.13109,high,"The randomized clinical trial recruits patients from Sir Sunderlal Hospital and home-isolated patients and tests Ayurvedic treatments, indicating the study population and setting are in India and India is the primary context."
2322,"Gajera, G; Funde, S; Palep, H; Kothari, V",2024,Duration of fermentation affects microbiome composition and biological activity of an Indian traditional formulation - Panchagavya,10.1016/j.jaim.2023.100880,high,"The study specifically investigates Panchagavya, an Indian traditional fermented formulation, making an Indian cultural/product context the central focus of the research."
2326,"Sharma, A; Sharma, SK; Choudhary, R; Jat, G; Vyas, L; Yadav, SK",2024,Effects of seeding methods and nutrient management practices on growth and yield of organic wheat (Triticum aestivum),10.56093/ijas.v94i10.148517,high,"The field experiment was conducted at Maharana Pratap University of Agriculture and Technology in Udaipur, Rajasthan and evaluates India-specific agronomic practices (e.g., jeevamrit, panchagavya), so India is the primary study site and context."
2324,"JawaharJothi, G; Kovilpillai, B; Subramanian, A; Mani, JR; Kumar, S; Kannan, B; Mani, S",2024,"Effect of tropospheric ozone and its protectants on gas exchange parameters, antioxidant enzymes and quality of Garlic (Allium sativum. L)",10.1007/s00484-024-02642-4,high,"The experiment was carried out at TNAU Horticultural Research Farm in Udhagamandalam (Tamil Nadu), making an Indian location and context the primary study site and focus."
2344,"Brar, PS; Bhardwaj, G; Kaushal, R",2024,"Influence of organic amendments, PGPR and fermented folk liquid formulations on bell pepper in mid-hill conditions of Himachal Pradesh state of India",10.1080/01904167.2023.2262512,high,"The experiment and analysis are conducted in Himachal Pradesh, India (mid-hill conditions) focusing on local smallholder bell pepper production and state-specific recommendations, making India the primary study site."
2347,"Yankit, P; Chandel, RS; Verma, S; Sharma, PL; Verma, SC; Balaso, GM; Sharma, P; Chauhan, S; Keshava; Gautam, US",2024,Insights on soil biological properties and crop yields under natural farming in western Himalaya,10.56093/ijas.v94i3.148563,high,"The study is an on-the-ground agricultural experiment conducted in the mid-hill zone of Himachal Pradesh (western Himalaya), so India is the primary study site and focus."
2345,"Sharma, A; Sharma, SK; Vyas, L; Yadav, SK; Pramanick, B; Naik, BSSS; Obrocnik, O; Bárek, V; Brestic, M; Gaber, A; Alshehri, MA; Hossain, A",2024,Innovative organic nutrient management and land arrangements improve soil health and productivity of wheat (Triticum aestivum L.) in an organic farming system,10.3389/fsufs.2024.1455433,high,"The study is a field experiment conducted at the Organic Farming Unit, Rajasthan College of Agriculture (MPUAT) in Udaipur, Rajasthan, making India the primary study site and focus."
2351,"Sawarkar, P; Raut, D; Bhojarj, N; Sawarkar, G",2024,Management of Burn Wound in Diabetic Old Patient with Panchagavya Formulations - A Case Report,10.4103/jpbs.jpbs_832_24,medium,"The case report uses clearly Indian Ayurvedic treatments (Panchagavya, Gomutra, Jatyadi Ghrita) and cites burn incidence in India, indicating an India-centric clinical context though the patient’s explicit location isn’t stated."
2359,"Chinnasamy, CS; Rajangam, J; Kalpana, K; Balakumbahan, K; Venkatesan, R; Anitha, T; Muthuramalingam, S; Sankar, S; Kabilan, C",2024,"Optimizing hill banana (cv. Virupakshi) production: Impact of biostimulants on yield, quality and shelf life, unveiling its phyto-chemical profile using GC-MS analysis and its pharmacological activity",10.14719/pst.5553,high,"The paper reports a field experiment and phytochemical analysis conducted in Kodaikanal Taluk, Tamil Nadu, making India (a specific Indian state and location) the primary study site and focus."
2358,"Vignesh, M; Ravindran, C; Kumar, S; Kalpana, K; Priya, LS; Sundharaiya, K; Nageswari, K; Preethi, TL; Manivannan, R; Muthuramaligam, S",2024,"Optimizing growth conditions and biostimulant application for enhanced growth, yield and quality in Butter bean (xL.) cultivar KKL 1",10.14719/pst.4516,high,"The experimental study was conducted at the Horticultural and Forestry Research Station in Kodaikanal (Tamil Nadu, India) and focuses on crop management practices for butter beans in that specific Indian location, making India the central study site."
2331,"Chinniah, S; Thavasuraj, S; Vinotha, M; Nithya, V",2024,"Evaluation of antioxidant, anticancer, antibacterial and antibiofilm potency of panchagavya - A traditional medicine",10.1016/j.bcab.2024.103153,medium,"The study centers on panchagavya, a traditional Indian cow-product formulation (an Indian ethnomedical/agroecological product) as its primary subject, but the abstract gives no explicit geographic or state-level context so the India-focus is inferred rather than stated."
2369,"Kumar, N; Sindhu, VK; Sidhu, AS; Aulakh, CS",2024,Productivity and profitability of sesame (Sesamum indicum)-chickpea (Cicer arietinum) organic cropping system as influenced by nutrition and planting geometry,10.56093/ijas.v94i8.148061,high,"The study is an on-station experiment conducted at Punjab Agricultural University in Ludhiana, Punjab and explicitly evaluates organic sesame–chickpea cropping systems and management in an Indian state, so India is the central focus."
2362,"Moon, S; Raut, N; Moon, H; Dhawande, A; Gurav, S",2024,"Organoleptic, physicochemical, phytochemical and pharmacological evaluation of six medicated ghee used for Ayurvedic management of Epilepsy",10.1016/j.jaim.2024.100995,high,"The paper evaluates Ayurvedic medicated ghrita formulations produced by Indian manufacturers (e.g., Baidyanath, Patanjali, Kotakkal) and investigates traditional Indian medical treatments, so the Indian context and products are central to the study."
2364,"Sattanathan, S; Sriraman, V; Jemina, J; Ranjani, M; Anurupa, A; Ramya, M; Rathinasabapathi, P",2024,Panchagavya-Derived Brevibacillus brevis S1-3: Insights from the Draft Genome on its Antimicrobial and Plant Growth-Promoting Ability,10.22207/JPAM.18.1.30,medium,"The study centers on a bacterial strain isolated from panchagavya, a traditional Indian Ayurvedic/agricultural product, making India (its traditional practice and product) a central contextual focus even though a specific Indian location is not explicitly stated."
2396,"Gowda, MP; Sharangi, AB; Rab, SO; Saeed, M; Alabdallah, NM; Siddiqui, S",2025,"Bioformulation-Mediated Response of Kalmegh (Andrographis paniculata Wall. ex Nees, Family Acanthaceae) for Growth, Yield, and Quality",10.1021/acsomega.4c09531,high,"The experimental study was carried out at an agricultural university site in Mohanpur, West Bengal, and evaluates cultivation practices, yields, and soil outcomes for Kalmegh in that Indian context, making India the primary study location."
2403,"Sreejina, SK; Nasser, M; Nandakumar, MK",2025,Compiling the wisdom of Kerala's indigenous farmers: A traditional rice pest management calendar,10.56042/ijtk.v24i7.10870,high,"The study specifically documents traditional pest management among rice farmers in Kerala (an Indian state), with Kerala as the primary study site and population, so India is the central focus."
2415,"Bhadauria, AS; Tripathi, VK",2025,"Effect of bio-enhancers and bio-fertilizers on physiological losses in weight, spoilage and shelf-life of Mango (Mangifera indica) cv. Amrapali",10.56093/ijas.v95i10.167353,high,"The study was carried out in Kanpur, Uttar Pradesh and evaluates mango cultivation and postharvest outcomes for an Indian mango cultivar, making India (a specific Indian state and agricultural context) the primary study site."
2419,"Chandrasekaran, H; Perumal, V; Karunakaran, V; Sivagamy, K; Ravichandran, V; Perumal, K; Selvaraj, T; Rengasamy, B; Subrahmaniyan, K",2025,Effect of organic inputs on the productivity of confectionery sesame (Sesamum indicum L.),10.1080/01904167.2024.2404706,high,"The experiment was conducted at the Regional Research Station, Vridhachalam (Tamil Nadu), and the paper reports field trials and results specific to that Indian location, making India the central study site."
2421,"Nandhini, M; Manivannan, M; Premalakshmi, ; Theradimani, M; Srinivasan, S; Sabarinathan, KG; Kennady, NR",2025,"Effects of biostimulants on growth, yield and quality of Tomato (Solanum lycopersicum L) intercropped with palmyrah (Borrassus flabellifer L)",10.14719/pst.6039,high,"The study is an on-site agricultural experiment conducted in Thoothukudi district, Tamil Nadu (India) with India-specific crops, locations, and farming practices, so India is the central focus."
2440,"Shafiq, HM; Sundareswaran, S; Somasundaram, E; Raja, K; Suganthy, M; Janaki, P; Krishnan, R",2025,"Impact of foliar application of organic formulations on plant growth, seed yield and quality in green gram (Vigna radiata L.)",10.14719/pst.9935,high,"The study addresses greengram using Indian cropping season terms (Kharif/Rabi) and India-specific organic inputs (panchagavya) and frames greengram’s importance in India, indicating the research is centered on an Indian agricultural context."
2439,"Brar, PS; Bhardwaj, G; Kaushal, R",2025,Impact of bulky manures and fermented liquid formulations in enhancing the quality parameters of sweet pepper,10.1080/01904167.2024.2414755,high,"The paper reports a field experiment in the North‑West Himalayan region and evaluates Indian indigenous inputs (Panchagavya, Jeevamrut, Amritpani) and practices for small/marginal farmers, making India the central study context."
2441,"Kaur, G; Sharma, D; Singh, SK; Thakur, D; Sharma, S; Negi, R",2025,"Impact of intercropping and bio-enhancers on growth, yield and economic attributes of broccoli",10.14719/pst.9767,high,"The study reports economic outcomes in Indian Rupees and uses India-specific inputs (panchagavya), indicating the experiment and context are situated in India and the paper is India-focused."
2443,"Chouhan, NK; Tripathi, VK",2025,"Influence of bio-enhancers and bio-fertilisers on the physical, physicochemical and yield attributes of winter-season guava (Psidium guajava L.) cv. L-49",10.14719/pst.7119,high,"The experiment was conducted at Chandra Shekhar Azad University of Agriculture and Technology in Kanpur and focuses on a local guava cultivar and management practices, making India the primary study site and population of interest."
2456,"Onte, S; Fiskey, VV; Melavanki, MS; Angadi, AP; Pyati, PS; Singh, M; Kumar, D; Kochewad, SA; Kumar, S; Om, H; Meena, VK; Garg, K; Karunakaran, V; Kanwat, M; Meena, BL; Boregowda, YS; Bellagi, R; Naveena, K; Chandersheker, S; Azman, EA; Kumar, S",2025,Optimizing fodder yield and quality through integrated organic nutrient amendments in multi-crop system,10.3389/fpls.2025.1517399,medium,"The experiment evaluates integrated organic inputs including panchagavya (a distinctly Indian organic practice) on maize–berseem–cowpea fodder systems, strongly indicating an India-focused agricultural field trial even though the abstract does not explicitly name the country."
2449,"Manoranjitham, SK; Kumar, KN; Darshan, K; Sendilvel, ; Rajendran, L; Shanmugapriya, D; Arulsia, A",2025,Metabolic compounds of biocontrol agents from organic inputs for managing chilli anthracnose caused by Colletotrichum acutatum,10.14719/pst.6576,medium,"The study isolates and tests biocontrol agents derived from distinctly Indian organic inputs (Panchagavya, Jeevamruth, Arappu buttermilk) and addresses field/greenhouse management of chilli, indicating an Indian agricultural context, although the abstract does not explicitly name India or a specific state."
2466,"Saini, A; Manuja, S; Kumar, S; Upadhyay, RG; Sahoo, C",2025,Response of tillage methods on yield of wheat (Triticum aestivum) cultivars,10.56093/ijas.v95i5.136736,high,"The study is a field experiment conducted at Chaudhary Sarwan Kumar Himachal Pradesh Krishi Vishvavidyalaya in Palampur, Himachal Pradesh, and evaluates tillage and wheat cultivars in an Indian state, making India the primary study site and focus."
2467,"Vinothkumar, V; Janaki, P; Chitdeshwari, T; Parameswari, E; Suganthy, M; Krishnan, R",2025,Rice straw biostimulants: Phytochemicals and effects on maize growth and tomato yield,10.14719/pst.5111,medium,"The study centers on rice straw, cow urine and panchagavya and uses cultivar names common in India, indicating an India-specific agricultural context and likely India-based field trials even though the abstract does not explicitly name the country."
2475,"Arulananth, R; Rajarathinam, P; Subrahmaniyan, K; Muthukumararaja, T; Sivakumar, G; Bhuvaneswari, R; Dhandapani, M",2025,Synergistic Effect of Potassium and Bio Stimulants on Growth and Yield of Dolichos bean [Lablab purpureus (L.) Sweet],10.18805/LR-5450,high,"The study is a field experiment conducted at Annamalai University in India (kharif seasons), uses an Indian crop variety and local biostimulants, and reports results and returns in Indian rupees, so India is the primary study site and context."
2493,"Saripalle, M",2026,Economic analysis of organic inputs and biostimulants: Adoption and crop yield in South India,10.1016/j.sftr.2026.101851,high,"The study is centered on a specific district in Tamil Nadu, uses primary survey and on-farm experiments with Indian farmers, and examines India-specific environmental and institutional constraints, so India is the primary focus."
7325,"Lal, Banarsi",2026,"A study on communication behaviour of farmers towards natural farming in Reasi district of Jammu and Kashmir, India",10.3389/fsufs.2026.1709722,high,"The paper is a primary case study conducted in Reasi district, Jammu and Kashmir, with survey data from local farmers and focuses on dissemination of natural farming in India, so India is the central study context."
2494,"Sairam, A; Lal, K; Sudishri, S; Khanna, M; Brahmanand, PS; Shivay, YS; Abraham, G; Meena, VP",2026,Economic analysis of surface and sub-surface drip fertigated maize (Zea mays)- wheat (Triticum aestivum) system under different nutrient management practices and irrigation schedules,10.56093/ijas.v96i1.162505,high,"The study was conducted at the Indian Agricultural Research Institute in New Delhi and evaluates maize–wheat cropping, irrigation schedules, and nutrient management specifically in the Indian (kharif/rabi) context, so India is the central focus."
2500,"Kumar, P; Sharma, S; Sharma, R; Verma, S; Chandel, RS",2026,Memory-Driven Synergy Between Plant Microbiomes and Epigenetics: Implications for Natural Farming Systems,10.1007/s42729-026-03308-3,high,"The paper explicitly centers on natural farming practices used in India (e.g., indigenous formulations) and frames the scientific discussion and research agenda around the Indian agricultural context, so India is the primary focus."
2503,"Nichols, C; Kumari, N",2026,Natural farming for whom? Environmental justice and state-led chemical-free farming promotion in India,10.1080/03066150.2026.2643200,high,"The paper centrally analyzes India’s National Mission on Natural Farming and presents qualitative/ethnographic evidence from two districts in eastern Madhya Pradesh, making India the primary study context."
2507,"Rao, TVV; Varaprasad, KS",2026,Revitalising traditional rice varieties (landraces) through natural farming: story of Manne Srinivasa Rao (India),10.3389/fagro.2026.1756433,high,"The paper is a case study of an Indian farmer and documents cultivation and sourcing of traditional rice landraces in specific Indian locations (West Bengal, Odisha, Munugodu), so India is the central focus."
2510,"Thapa, A; Muthuprakash, S; Damani, O; Isaac, ME",2026,Social-ecological outcomes of agroecological transitions: A case study from natural farming systems in central India,10.1371/journal.pstr.0000212,high,"The paper’s primary study site and dataset are farms in central India and the analysis focuses on transitions among Indian farmers, making India the central focus."
2502,"Gajjar, K; Chaudhary, M; Patel, S; Vasa, N; Maniyar, R; Agrawal, D; Patel, CK; Chaudhary, D; Joshi, C; Joshi, M; Dharajiya, D",2026,Natural farming as a sustainable agricultural approach enhances soil health and microbial diversity in wheat cultivation: a metagenomic perspective,10.3389/fagro.2026.1755662,medium,"The study evaluates Natural Farming System variants using India-specific practices/inputs (e.g., Ghanjeevamrit, farmer-owned cow scenarios) and rural farming metrics, strongly indicating the research is centered on the Indian agricultural context even though India is not explicitly named."
2501,"Jain, AG; Agwan, D; Kumar, A; Pancha, I; Rathod, J; Mohapatra, B",2026,"Mixing regimes shape microbial community composition, nutrient regimes, and plant growth attributes in Jeevamrit: metagenomics and culturomics-based insights",10.1038/s41598-026-36414-4,high,"The study centers on Jeevamrit, the microbial inoculant used in India’s zero-budget natural farming (ZBNF) system, making an Indian agricultural practice the primary focus even though no specific state is named."
7168,"Neelam, Hema Sarat Chandra; Kadian, K. S.",2016,"Cow based natural farming practice for poor and small land holding farmers: A case study from Andhra Pradesh, India.",10.18805/asd.v36i4.6468,high,"The paper is a case study explicitly focused on Cow Based Natural Farming in Andhra Pradesh, India, making an Indian state the central study site and population of interest."
2513,"Aishwarya, SP; Nayak, MR; Jamakhandi, BR",2026,Sustainable Sugarcane Farming: Evaluating Resource Use and Economic Outcomes of Natural and Conventional Farming Systems,10.35716/IJED-25524,high,"The paper is an empirical, district-level study of sugarcane growers in Belagavi district, Karnataka, India, making India the primary study site and population of interest."
7209,"Biswas, Saikat",2020,Zero Budget Natural Farming in India: Aiming Back to the Basics,10.9734/IJECC/2020/v10i930228,high,"The paper explicitly studies Zero Budget Natural Farming in India, references Indian states (Karnataka, Andhra Pradesh), Indian agricultural context and policy debates, making India the central focus."
7202,"Korav, Santosh",2020,"Review- Zero Budget Natural Farming a Key to Sustainable Agriculture: Challenges, Opportunities and Policy Intervention",10.18782/2582-2845.8091,high,"The paper centrally examines Zero Budget Natural Farming in the Indian context, cites implementation and uptake in specific Indian states and discusses policy interventions for Indian agriculture, so India is the primary focus."
7264,"Mallareddy¹, Madurai; Vinay¹, Gadepi; Padmaja², Bhimireddy; Jayasree³, Gudapati; Padmaja⁴, Gandavarapu; Vijayakumar, Shanmugam",2023,"Is Zero-Budget Natural Farming (ZBNF) Viable for Corn Cultivation? A Comparative Study among ZBNF, Organic and Chemical Farming in Corn in South India",10.58321/AATCCReview.2023.11.02.259,high,"The study is an empirical field experiment conducted in Telangana State, South India, comparing farming methods on corn, so India is the primary study site and focus."
7259,"Hussain, Zakir; Thallam, Vijay Kumar; Soma, Reshma; Jirra, Kiranmai; Anisetti, Himabindu; Boppana, Bhavana; Dendeti, Neelima",2023,"Can Natural Farming Help to Combat Climate Variability? A Comparison of Natural and Chemical Farming in Andhra Pradesh, India",10.4236/as.2023.149088,high,"The study explicitly examines natural vs. chemical farming in Andhra Pradesh, India, using cyclone and rainfall events affecting that state as the primary case study and dataset, making India the central focus."
7232,"Gamit, Rohan; Kumar, Vinaya",2022,Farmers attitude towards zero budget natural farming,10.56572/gjoee.2022.34.2.0010,high,"The study is an empirical survey of farmers in Anand district (India) focusing on attitudes toward Zero Budget Natural Farming among Indian farmers, so India is the primary study site and population."
7231,"Hussain, Zakir; Boppana, Bhavana; Anisetti, Himabindu; Soma, Reshma; Gangisetty, Sushmita",2022,Do Birds Return to Agricultural Landscapes through Adoption of Natural Farming Practices? A Comparison of Natural Farming vs. Chemical Farming in Andhra Pradesh,10.4236/as.2022.133025,high,"The study explicitly examines bird visitations across natural versus chemical farms within multiple agroecological zones of Andhra Pradesh and focuses on the Andhra Pradesh Community Managed Natural Farming program, making India the primary study context."
7253,"Khan, Mohammad; Raja, Waseem; Bhat, Tauseef; Mir, Mohd; Naikoo, Nasir; Amin, Zakir; Nazir, Dr; Mir, Suhail; Mohammad, Idrees; Wani, Aadil; Patyal, Dhamni",2022,Zero Budget Natural Farming: A way Forward towards Sustainable Agriculture,10.9734/cjast/2022/v41i1331712,high,"The abstract repeatedly frames the problem and ZBNF solution in the Indian context (references to Indian farmers, trends since the Green Revolution, and practices/policies applied in India), so India is the central focus."
7252,"Saxena, Chandra; Kumar, Mukesh; Singh, Ranjay",2022,Zero Budget Natural Farming for Sustainable Agriculture: A Review,10.18805/BKAP482,high,"The abstract explicitly frames the review around Zero Budget Natural Farming in Indian agricultural conditions, discussing India-specific components, benefits, challenges, and policy implications, making India the central focus."
7246,"Ajaykumar, R.; Boologasamy, Balamurali; Sivasabari, K.; Vigneshwaran, R.",2022,Spiritual Farming: A Tool for a Sustainable Agriculture Revolution: A Review,10.18805/ag.R-2525,high,"The abstract centers on Indian agriculture and food security, discusses India-specific issues (e.g., chemical use since the Green Revolution, Subhash Palekar and ZBNF in India) and frames the problem and solutions in the Indian context."
7314,"Kumar, Sunil; Nain, Manjeet Singh; Sangeetha, V.; Satyapriya; Das, Sukanta; Anbukkani, P.; Khan, Shakeel A.",2025,Measuring sustainability of zero budget natural farming practices,10.5958/2231-6736.2025.00141.4,high,"The study centrally evaluates Zero Budget Natural Farming in two Indian states (Andhra Pradesh and Maharashtra), using state-level sustainability indices, so India is the primary study context."
7334,"Chowdhury, Eshan; Parveen, Gulafsha; Thapliyal, Ashish; Uniyal, Virendra Prasad",2026,"Traditional agriculture practices in Garhwal Himalaya, Uttarakhand: An overview",10.36953/ECJ.34533164,high,"The paper is explicitly focused on traditional agricultural practices in the Garhwal Himalaya, Uttarakhand (an Indian state), discusses Indian government schemes and regional impacts of climate change, making India the central study context."
7294,"-, Sukanya Chakravorty; -, Neelam; -, Manisha; -, Aishwarya Das",2024,Enhancing the Nutritional Value of Food through Process of Natural Farming in India,10.36948/ijfmr.2024.v06i05.28074,high,"The study explicitly examines natural farming in India, cites Indian national programmes and multiple Indian states, and aims to identify farmer challenges and requirements within the Indian context, making India the central focus."
7327,"Mane, P.; Chorey, A.; Paslawar, A.N.; Dodewar, Prajwal; Bayskar, Akshay; Jadhav, A.K.",2026,"Natural Farming in India: Evidence, Challenges, and Pathways for Sustainable Agriculture",10.9734/jsrr/2026/v32i23961,high,"The paper explicitly focuses on natural farming practices, empirical evidence, and national/state-level policies (ZBNF, BPKP, NMNF) in India, making India the central study context."
3,"Goswami B., Kalita M.C., Talukdar S.",2001,Bioconversion of municipal solid waste through vermicomposting,,high,"The study uses MSW collected from Machkhowa market in Guwahati and conducts field experiments on tomato in India, making India the primary study site and focus."
7336,"Devarinti, Srihari",2026,Zero Budget Natural Farming (ZBNF) in India: An Economic Perspective,10.37648/ijps.v21i02.028,high,"The paper explicitly studies Zero Budget Natural Farming as practiced in India, cites Indian case studies (Andhra Pradesh, Karnataka), and discusses Indian policy and economic impacts, making India the central focus."
7298,"Gowda, Santosha G.B.; Kamath, Sudhir K.V.; Lakshmana",2024,Microbial analysis of jeevamrutha prepared from different cow breeds of desi and cross cow breeds cow dung and cow urine,https://doi.org/cias/331345,high,"The study was carried out at an Indian agricultural research station (Udupi, Karnataka) using Indian cow breeds and focuses on jeevamrutha preparation, so India is the primary study site and context."
7,"Nehra A.S., Hooda I.S., Singh K.P.",2001,Effect of integrated nutrient management on growth and yield of wheat (Triticum aestivum),,high,"The study is an empirical field experiment conducted in Hisar, Haryana (an Indian state), making India the primary study site and population for the research."
17,Jackson M.G.,2003,Whither agricultural education and research?,,high,"The paper explicitly addresses the role and reorientation of agricultural education and research in India, discussing village-level farming, national development strategy, and Indian institutions, making India the central focus."
21,"Ramesh P., Singh M., Subba Rao A.",2005,Organic farming: Its relevance to the Indian context,,high,"The article explicitly assesses organic farming in the Indian context, discusses Indian regions (e.g., rain-fed and Northeastern areas) and frames organic agriculture as a development option for India, so India is the central focus."
10,Jackson M.G.,2001,Let us take another look at jhum cultivation,,high,"The paper explicitly evaluates jhum (shifting) cultivation against traditional sedentary Indian farming, discusses environmental impacts and national policy implications for India, indicating India is the central focus."
24,"Kumawat P.D., Jat N.L., Yadav S.S.",2006,"Effect of organic manure and nitrogen fertilization on growth, yield and economics of barley (Hordeum vulgare)",,high,"The study is a field experiment conducted in Jobner, Rajasthan, India, making an Indian state the primary study site and the dataset/population the central focus."
49,"Niranjan R.K., Pal A., Gupta H.K., Verma M.K., Gond D.P.",2010,"Performance of different Vermicomposts on yield and yield components of Mungbean (Vigna radiata L.) in major soils of Bundelkhand region, India",,high,"The study experimentally evaluates vermicompost effects on mungbean in the Bundelkhand region, making a specific Indian region and its soils the primary geographic focus of the research."
60,"Paliwal D.K., Kushwaha H.S., Thakur H.S.",2011,"Performance of soybean (Glycine max)-wheat (Triticum aestivum) cropping system under land configuration, mulching and nutrient management",,high,"The study is a field experiment conducted at Indore and evaluates soybean–wheat cropping system practices and outcomes in that Indian location, so India is the primary study site and dataset."
55,"Sharma T.R., Pandey A.K., Upadhyaya S.D., Agrawal S.B.",2011,"Effect of sources of nutrients and their levels on yield, quality and economics of summer season okra",,medium,"The study reports economic results in rupees and describes a field experiment on okra nutrient management typical of Indian agricultural research, implying an India-based trial though the abstract does not explicitly state the location."
73,"Das A., Ramkrushna G.I., Choudhury B.U., Munda G.C., Patel D.P., Ngachan S.V., Ghosh P.K., Tripathi A.K., Das S., Kumar M.",2012,Natural resource conservation through indigenous farming systems: Wisdom alive in North East India,,high,"The paper specifically documents indigenous farming systems and conservation practices in the North-eastern region of India, making India the primary study site and focus."
67,"Vajantha B., Umadevi M., Patnaik M.C., Rajkumar M.",2012,Dehydrogenase and phosphatase activities in Ashwagandha grown soils as influenced by INM and panchakavya,,medium,"The study uses Indian-specific cropping seasons (rabi/kharif) and traditional input panchakavya and focuses on Ashwagandha cultivation, strongly indicating an Indian agricultural context though the abstract does not explicitly name India."
64,"Jinsa N., Giraddi R.S., Mirajkar K.M.",2012,BIOCHEMICAL BASIS OF INDUCED RESISTANCE AGAINST MAJOR PESTS OF SOYBEAN NOURISHED WITH ORGANICS,,medium,"Study uses India-specific cropping terminology (kharif season), agronomic terms (RDF, FYM) and Indian pest species, indicating a field trial in the Indian agricultural context though the abstract does not explicitly name India or a state."
87,"Aulakh C.S., Singh H., Walia S.S., Phutela R.P., Singh G.",2013,Evaluation of microbial culture (Jeevamrit) preparation and its effect on productivity of field crops,,high,"The paper evaluates jeevamrit made from Indian cow and buffalo dung/urine and tests its effects on rice/maize/wheat cropping systems, making India-specific livestock, inputs, and cropping systems the central focus."
95,"Verma S., Singh H.V., Saxena R.",2013,"Relative performance of sesame (Sesamum indicum) under organic, inorganic and integrated nutrient management",,high,"The study reports field experiments in the kharif season using Indian sesame varieties (e.g., 'Gujrat Til 2') and Indian agronomic inputs/practices, indicating the research is India-specific."
124,"Kumar S.M., Ponnuswami V., Padmadevi K.",2015,Cashew industry in India,,high,"The paper explicitly focuses on the cashew industry in India, using India-specific production and export statistics, mentioning Indian states, employment, and domestic practices, so India is the central study context."
144,Dinakaran M.,2016,A review on requirement of self sustainable natural farming and application of information and communication technology (Agro informatics) for agriculture in India,,high,"The paper explicitly focuses on agriculture in India (title and abstract discuss Indian agricultural challenges, sustainable natural farming, and ICT applications in the Indian context), making India the central focus."
141,"Velmurugan A., Swarnam T.P., Sai T.P., Dam Roy S.",2015,Traditional farming and post harvest processing of coconut by Nicobari tribe,,high,"The study focuses on the Nicobari tribe in the Nicobar Islands (part of India), examining their coconut farming and processing practices, making India the central study site and population."
145,Brown T.,2016,Agrarian crisis in Punjab and 'natural farming' as a response,,high,"The paper's primary case and empirical focus is Punjab (an Indian state) and a local civil-society initiative (Kheti Virasat Mission) addressing the region's agrarian crisis, so India is the central context."
148,"Trivedi H., Kumar P., Kapoor A., Parween S.",2016,Bio-enhancer: A potential input for flowering and post-harvest life of rose (Rosa hybrida) cv. Grand Gala,,high,"The study evaluates traditional Indian bio-enhancers (Panchgavya, Jivamrita) and is published by the Indian Council of Agricultural Research, indicating the research and treatments are India-specific and therefore centrally focused on Indian agriculture."
7171,"Bhattacharya, Niloshree",2017,"Food sovereignty and agro-ecology in Karnataka: interplay of discourses, identities, and practices",,high,"The paper examines the Karnataka Rajya Raitha Sangha and zero-budget natural farming in the Indian state of Karnataka, making India (a specific state) the primary study site and focus."
172,"Karthika S.R., Sajeena A., Girija V.K., John J., Heera G.",2017,"Antifungal activities of organic preparations, botanicals and non-hazardous chemicals against Rhizoctonia solani Kuhn causing sheath blight of rice",,high,"The study is by Kerala Agricultural University and investigates rice sheath blight management using locally relevant organic treatments, indicating the primary study site and agricultural context are in India."
190,"Hemanth Kumar V., Sentamilselvan K.",2017,Rehabilitation frame work on organic agriculture with reference to Tamilnadu,,high,"The paper explicitly focuses on organic agriculture rehabilitation with reference to Tamil Nadu (an Indian state), making India/Tamil Nadu the primary study context and population of interest."
186,Bhattacharya N.,2017,"Networks, Solidarities and emerging alternatives: Farmers' movement in Karnataka",,high,"The paper is an ethnographic study of the Karnataka Rajya Raitha Sangha and its linkages, making the Indian state of Karnataka the primary study site and focus."
207,"Mukherjee A., Singh P., Mrinmoy R.A.Y., Satyapriya, Burman R.R.O.Y.",2018,Enhancing farmers income through farmers’ producers companies in India: Status and roadmap,,high,"The paper explicitly examines Farmers’ Producer Companies in India, reviews their status and prospects, forecasts growth through 2020, and discusses India-specific policies and strategies, making India the central focus."
208,"Aulakh C.S., Singh H., Walia S.S., Phutela R.P., Singh G.",2018,Evaluation of nutrient sources for organic production of rice (Oryza sativa)-wheat (triticum aestivum) cropping system in north-west India,,high,"The paper reports a field experiment carried out in Ludhiana (north-west India) on the rice–wheat cropping system using Indian inputs and practices (FYM, jeevamrit), so India is the primary study site and context."
258,"Kumar R., Kumar S., Yashavanth B.S., Meena P.C.",2019,Natural Farming Practices in India: Its Adoption and Impact on Crop Yield and Farmers’ Income,,high,"The study is explicitly focused on Natural Farming in India with primary data collected from farmers in the Indian states of Karnataka and Andhra Pradesh, making India the central study context."
269,"Veluguri D., Ramanjaneyulu G.V., Jaacks L.",2019,Statewise report cards on ecological sustainability of agriculture in India,,high,"The paper explicitly analyzes ecological sustainability across Indian states, using statewise report cards and nationally focused indicators, so India is the central study context."
266,"Reddy B.G., Reddy V.R., Reddy M.S.",2019,Potential and Constraints of Zero Budgeted Natural Farming (ZBNF): A Study of Andhra Pradesh,,high,"The paper’s primary focus and empirical analysis are explicitly on Andhra Pradesh (field visits, interviews and case studies across 11 districts), making India the central study context."
271,"Arora S., Vijayabaskar M., Sharma D., Stirling A.",2019,Sustainable development through diversifying pathways in India,,high,"The title and abstract explicitly frame sustainable development and diversification pathways in India, making India the primary geographic and policy context of the paper."
300,"David A., Ahmed R.R., Ganeshkumar C., Sankar J.G.",2020,Consumer purchasing process of organic food product: An empirical analysis,,high,"The study uses primary survey data collected from 240 respondents in Bangalore and analyzes consumer behavior toward organic food in the Indian context, making India the central study site."
263,Minhas R.,2019,"Organic farming, scenario of India - A bibliographical review",,high,"The paper explicitly examines organic farming in the Indian context (national policies, challenges, and examples) and frames the discussion around India-specific issues and actors, making India the central focus."
348,"Yadav S., Bharti P.K., Gaur G.K., Devi B., Abhishek, Sahoo N.R., Chhabra R., Somagond A., Antil M.",2020,Standardisation and categorization of indigenous microorganisms (IMOs) for inoculated deep litter piggery in India,,high,"The study was conducted in India and explicitly standardises indigenous microorganisms for application in Indian pig deep-litter systems, making India the central study context and population of interest."
324,"Gulati A., Banerjee P.",2020,Goal setting for Indian agriculture,,high,"The paper explicitly analyzes Indian agriculture policy (the 2020 Union Budget and its 16-point agricultural action plan), so India is the central focus of the study."
296,"Kavitha Reddy A., Shanthi Priya M., Mohan Reddy D., Ravindra Reddy B.",2020,Assessment of genetic divergence among blackgram (Vigna mungo (L.) Hepper) genotypes under organic fertilizer management,,medium,"The study evaluates specific blackgram genotypes (cultivar codes typical of Indian breeding programs) and is published by an Indian pulses research society, indicating an India-focused crop improvement study though the abstract does not explicitly state the country."
402,"Chithirairajan B., Suvarna T.",2021,"Contribution Of Organic Farming For Environmental Development With Special Reference To Nagapattinam District, Tamil Nadu",,high,"The paper is centered on organic farming in Nagapattinam district, Tamil Nadu, using household surveys from Sirkazhi block, so India (a specific Indian district/state) is the primary study site and focus."
432,Aga A.,2021,Genetically Modified Democracy: Transgenic Crops in Contemporary India,,high,"The paper explicitly examines debates, policy, and social impacts of transgenic crops in India, using Indian agrarian contexts and events as the central focus of analysis."
436,"Kanwar S., Yadav L.R., Yadav S.S., Kumawat P.",2021,Growth and productivity of bread wheat (Triticum aestivum) as affected by integrated nutrient management and foliar application of iron,,high,"The paper reports a field experiment conducted in Jobner, Rajasthan, making an Indian state the primary study site and focus of the analysis."
415,"Meyyappan M., Balaji E., Ganapathy M., Angayarkanni A.",2021,Effect of fish meal extract spray on the yield of Co-47 rice variety,,high,"The study is a field experiment conducted at Annamalai University (India) on a specific rice variety (Co-47) and evaluates locally relevant inputs (e.g., Panchagavya), so India is the primary study site and focus."
413,"Sharma R., Gautam S., Hamid",2021,Effect of MAP on shelf-life of broccoli and cabbage grown under natural farming,,medium,"Published by the Indian Council of Agricultural Research and referring to SPNF (an Indian natural farming system) indicates the experiment and crop production context are India-specific, though the abstract does not explicitly name a state or India."
478,"Mishra S., Singh K.",2021,Scale neutrality in Indian agriculture,,high,"The paper explicitly examines small and marginal farm holdings, credit access, and policy implications within India, making India the primary study context and population of interest."
470,"Vashishat R.K., Laishram C., Sharma S.",2021,Problems and factors affecting adoption of natural farming in sirmaur district of himachal pradesh,,high,"The study is explicitly focused on adoption of natural farming in Sirmour district, Himachal Pradesh, using primary data from local farmers, making India the central study site."
414,"RIJAL R., KUMAR A., MAITY P., BISOYI S.K., CHATTARJEE S., NELLI R.",2021,Effect of bio-manures on growth and development of tomato (solanum lycopersicum l.): A review,,medium,The review focuses on Panchgavya and Jeevamruth—traditional Indian liquid bio-manures and Vedic-era practices central to Indian organic agriculture—so India is the primary cultural and topical focus even though the abstract does not name specific Indian locations.
438,"Chandel R.S., Gupta M., Sharma S., Sharma P.L., Verma S., Chandel A.",2021,Impact of palekar's natural farming on farmers' economy in Himachal Pradesh,,high,"The study is an empirical evaluation of Subhash Palekar Natural Farming focused specifically on farmers in Himachal Pradesh (an Indian state), using primary data and comparisons within that state, so India is the central study site and population."
433,"Suja G., Harishma S.J., Byju G., Neeraja C.R., Sheeba B.S.",2021,Geo-tagged characterization of organic growers in Kerala,,high,"The paper reports a GPS-based field survey of organic farmers in two districts of Kerala, India, using Indian institutions and datasets, so India (Kerala) is the primary study site and central focus."
495,"Shah M., Vijayshankar P.S., Harris F.",2021,Water and agricultural transformation in India: A symbiotic relationship-I,,high,"The paper explicitly focuses on India’s water and agricultural systems, discussing Indian water use, cropping patterns, and policy needs for Indian agroecological regions, so India is the primary subject."
498,Shah M.,2022,'Towards a More Prosperous and Plentiful Kerala' A Green Model of Development for the 21st Century,,high,"The paper explicitly focuses on Kerala, an Indian state, and discusses its economy, ecosystem, and social circumstances as the primary subject, making India the central focus."
645,"Arun D.P., Nimbrayan P.K., Shivam",2023,Constraints Perceived by the Small and Marginal Farmers in Western Zone of Maharashtra,,high,"The study is explicitly focused on small and marginal farmers in the western zone of Maharashtra, India (Pune and Ahmednagar districts), making India the primary study site and population of interest."
721,"Saini J.P., Bhardwaj N.",2023,Organic farming for sustainable agriculture in india,,high,"The paper explicitly focuses on organic farming in India, discussing Indian agroclimatic conditions, policy context, and opportunities, making India the central subject of the study."
854,"Galab S., Murty C.S., Bhaskara Rao G.",2024,Efficacy of Natural Farming over Chemical Farming The Case of Andhra Pradesh,,high,"The study analyzes natural versus chemical farming using Andhra Pradesh state-level data and policy context, making an Indian state the central focus."
717,Ram R.A.,2023,On-Farm production of quality inputs for organic production of horticultural crops,,high,"The paper centers on on‑farm organic inputs using Indian traditional practices and products (e.g., Amritpani, Beejamrita, Jeevamrita, NADEP compost, Panchagaya), indicating India-specific agricultural methods are a central focus."
897,"Gurjar R.P.S., Bhati D., Singh S.K.",2024,Impact of Various Jeevamrut Formulations and Biofertilizers on Growth and Yield of Potato (cv. Kufri Bahar),,medium,"The study focuses on Jeevamrut (a traditional Indian nutrient formulation) and uses the Indian potato cultivar 'Kufri Bahar', indicating an India-specific agricultural context even though the abstract does not explicitly name the study location or state."
1039,"Bhutia P.L., Bhutia K.G., Panwar P., Singh N.R., Pal S., Khola O.P.S.",2024,Traditional Agroforestry Systems of North-Eastern India: An Overview,,high,"The study explicitly examines traditional agroforestry systems in the Northeastern Region of India, using that Indian region as the primary study site and policy context."
1091,"Dass S., Rajeshwari U.R.",2025,Assessing the Implementation of Climate-Smart Agricultural Practices: Key Findings and Policy Strategies,,high,"The study explicitly focuses on Chhattisgarh, India, using farmers and regional conditions there as the primary study site and policy context, so India is the central focus."
1270,Mishra B.,2025,Improving Yield Efficiency through Pre-monsoon Dry Sowing in Andhra Pradesh,,high,"The study explicitly focuses on pre-monsoon dry sowing in Andhra Pradesh, uses primary survey data collected by an Andhra Pradesh research institute, and centers on adoption, costs, benefits, and scaling within that Indian state."
1100,"Landy F., Umadevi K., Amuthavalluvan V.",2025,Between Agroecology and Landless Women Beekeeping in the Puducherry Region,,high,"The study explicitly focuses on beekeeping policies and practice in India, centering on Tamil Nadu and the Puducherry region and the local population (landless women), so India is the primary study context."
1298,"Dubey M., Kumar S., Ram M.",2025,Methods of Composting in Organic Farming,,medium,"The abstract explicitly discusses Indian farmers and frames the problems and solutions (organic farming, composting) in the context of India, indicating the paper centers on Indian agriculture even though detailed methods or data location are not provided."
1453,"Saxena D.R., Saxena A.D., Tupkar N.J., Karim F.A., Irving A.L.",2025,Understanding Sustainable Development Goal 2: Zero Hunger,,high,"The abstract repeatedly centers Indian institutions, laws and practices (Supreme Court Right to Food, Rishi Kheti, references to Indian water/state conflicts and national policy), indicating India is the primary case and focus."
1609,"Subramaniam, A",2005,Effect of Panchagavya on Escherichia coli in procured milk,,medium,"The study centrally examines panchagavya, a traditional Indian cow-based concoction applied to milk safety and animal products, indicating an India-specific cultural/agricultural focus even though the abstract does not state the study location explicitly."
1689,"Kumar, GA; Balakrishnamoorthy, G; Sundar, STB; Priya, MV",2008,Effect of biostimulants on physiological and biochemical characters of paprika (Capsicum annuum var. Longum) var. Kt Pl-19,,high,"The study was conducted at Tamil Nadu Agricultural University in Coimbatore and examines cultivar- and site-specific field results in India, making India the primary study location and context."
1690,"Vennila, C; Jayanthi, C",2008,Effect of integrated nutrient management on yield and quality of okra,,high,"The study is a field experiment conducted at Tamil Nadu Agricultural University in Coimbatore (India), making an Indian state/city the primary study site and focus."
1719,"Bais, RC; Burghate, SK; Bonde, AS; Zape, AS; Band, SB",2009,Effect of foliar application of animal urine and pachagavya on growth parameters in desi cotton,,high,"The study was a field experiment conducted at the Cotton Research Unit, Dr. PDKV in Akola (Maharashtra), and examines desi cotton and traditional Indian inputs (cow urine, panchagavya), so India is the primary study site and context."
1745,"Pinjari, SS; Bhondave, TS; Suryawanshi, JS; Talathi, MS",2010,Effect of panchagavya on crop growth-A review,,medium,"The paper reviews panchagavya, a traditional Indian organic input widely studied in Indian agriculture, so India is likely the central context though the abstract does not explicitly state the study region."
1746,"Arasu, PA; Ponnuswami, V",2010,Effect of pre-harvest foliar sprays of bio-stimulants and mineral nutrients on improving yield potential in periwinkle [Catharanthus roseus (L.) G. Don.],,high,"The field trial was conducted at Tamil Nadu Agricultural University in Coimbatore, so the study site and agricultural context are explicitly India (Tamil Nadu)."
1773,"Anuja, S; Jayalakshmi, L",2011,Effect of foliar application of organic nutrients and inorganic fertilizers on growth and yield of palak [Beta vulgaris (L.) var. bengalensis],,high,"The study is a field experiment conducted at Annamalai University (India) on a locally grown crop, so the Indian location and agricultural context are the primary focus."
1774,"Ravichandran, G; Natarajan, N; Manorama, K; Vanangamudi, K",2011,Effect of organic sprays on storage behaviour of seed potatoes,,high,"The study was conducted at the Central Potato Research Station in Muthorai and evaluates panchagavya and storage practices in the Indian agricultural context, so India is the primary study site and policy/practice focus."
1852,"Patil, SV; Halikatti, SI; Thimmegowda, MN; Gurumurthy, SB; Lokesh, MS",2013,Physiological attributes of chickpea (Cicer arietinum L.) as influenced by integrated organic nutrient management practices in vertisol,,high,"The study is a field experiment conducted at an Agricultural Research Station in Annigeri, Dharwad, Karnataka, and focuses on chickpea cultivation practices in an Indian state, making India the primary study site and context."
1840,"Patil, SV; Halikatti, SI; Gurumurthy, SB; Lokesh, MS",2013,Impact of weather on performance of chickpea (Cicer arietinum L.) with integrated organic nutrient management practices grown in vertisol of northern dry zone of Karnataka,,high,"The study was conducted at an Agricultural Research Station in Annigeri, Dharwad, within the northern dry zone of Karnataka and assesses chickpea performance under management practices specific to that Indian region, making India the primary study site and focus."
1851,"Kumar, A; Kumar, R; Kumar, K; Gupta, V; Triveni; Tripathi, K",2013,Novel and Synergistic Antinociceptive Activity of Different Compositions of Panchagavya and Aloe barbedansis Mill using Tail Immersion Model,,high,"The paper experimentally studies Panchagavya, a traditional Indian ritual preparation (and its combination with Aloe), making Indian cultural/practical context the central focus of the research."
1839,"Shashikumar, RB; Salakinkop, SR; Hebbar, M; Basavarajappa, MP; Patil, HY",2013,"INFLUENCE OF FOLIAR NUTRITION ON PERFORMANCE OF BLACKGRAM (VIGNA MUNGOL.), NUTRIENT UPTAKE AND ECONOMICS UNDER DRY LAND ECOSYSTEMS",,medium,"The experiment uses kharif season terminology, crop (blackgram), and agronomic practices (RDF, foliar sprays) and reporting typical of Indian agricultural field trials, indicating the study is likely conducted in India, though the abstract does not explicitly state the country."
1895,"Sarkar, S; Kundu, SS; Ghorai, D",2014,Validation of ancient liquid organics - Panchagavya and Kunapajala as plant growth promoters,,high,"Study evaluates Vedic (Vrikshayurveda) Indian traditional agricultural inputs (panchagavya and kunapajala) and uses India-specific cultural products (e.g., Bombay duck), so India is the central context and focus."
1908,"Channagouda, RF; Babalad, HB; Dineshkumar, SP",2015,"Effect of organic manures, green leaf manures, liquid organic manures and micronutrients on yield and economics of cotton (Gossypium spp.)",,high,"The field experiment was carried out at Main Agricultural Research Station, Dharwad (an Indian site in Karnataka) using Indian cropping season (kharif) and locally relevant organic inputs (e.g., panchagavya), so India is the primary study context."
1875,"Phate, S; Kate, T; Wagh, GN",2014,Effect of different formulations of liquid manures on the biodiversity of beneficial microbes,,medium,"The study evaluates traditional Indian liquid manure formulations (Panchagavya, Sanjeevak, Amritpani) and effects on crops like pigeon pea and Bengal gram, indicating a focus on Indian agricultural practices even though the abstract does not explicitly name India."
1904,"Gunwantrao, BB; Patil, CR",2015,Bacterial Succession During Panchagavya Making as Revealed by DGGE Analysis,,medium,"The paper studies panchagavya, a traditional Indian cow-based agricultural/organic input, making the subject India-specific even though the abstract does not explicitly name a location."
1961,"Baskar, P; Shanmugham, PM",2016,PERFORMANCE OF CHILLIES-SUNFLOWER CROPPING SYSTEM UNDER ORGANIC NUTRIENT MANAGEMENT,,high,"Field experiments were conducted at Tamil Nadu Agricultural University in Coimbatore (Tamil Nadu, India) and the paper evaluates organic nutrient management for a chillies–sunflower cropping system, making India the primary study site."
2024,"Upadhyay, PK; Sen, A; Prasad, SK; Singh, Y; Srivastava, JP; Singh, SP; Singh, RK",2018,"Effect of panchagavya and recommended dose of fertilizers on growth, nutrient content and productivity of transplanted rice (Oryza sativa) under middle Gangetic plain of India",,high,"The experiment was conducted at Banaras Hindu University in the middle Gangetic plain and analyzes rice cultivation and fertilizer practices in an explicitly Indian regional context, making India the central study site and focus."
1991,"Channagouda, RF; Babalad, HB; Patil, RK",2017,"Impact of organic manures, green leaf manures and micronutrients on natural enemies and energy use efficiency in cotton",,high,"The study is a field experiment conducted at MARS, Dharwad (an Indian location) during kharif seasons and focuses on nutrient management and pest/energy outcomes in cotton at that specific Indian site."
2084,"Upadhyay, PK; Sen, A; Rathore, SS; Kumar, B; Singh, RK; Prasad, SK; Sankar, A",2019,Scientific validation of indigenous organic formulation-panchagavya for sustaining rice productivity and residual effect in rice-lentil system under hot semi-arid eco-region of middle Indo-Gangetic plains,,high,"The study is a field trial conducted in Varanasi in the middle Indo-Gangetic Plains and evaluates panchagavya and fertilizer effects in rice-lentil systems, making India the primary study site and context."
2039,"Ram, RA; Singha, A; Vaish, S",2018,Microbial characterization of on-farm produced bio-enhancers used in organic farming,,medium,"The study centers on traditional Indian on‑farm bio‑enhancers (Panchagavya, Jeevamrita, Amritpani), indicating the research focuses on India‑specific organic farming practices, though the abstract does not explicitly name the country."
6531,"AHER, S B; LAKARIA, BRIJ LAL; SINGH, A B; KALESHANANDA, SWAMI; RAMANA, S; RAMESH, K; THAKUR, J K; RAJPUT, P S; YASHONA, D S",2019,Effect of organic sources of nutrients on performance of soybean (Glycine max),,high,"The study is a field experiment carried out at ICAR-Indian Institute of Soil Science in Bhopal, India, using an Indian soybean cultivar and Indian agricultural management practices, making India the primary study site and context."
2127,"Bhojraj, N; Sawarkar, G",2020,The effect of Panchagavya formulations in the case of CA Rectum,,high,"This is an Indian case study: the patient was treated in Nagpur at Indian institutions using locally specific Panchagavya interventions, so India is the primary study site and context."
6718,A. Vincent; N. Balasubramani,2021,"Climate-smart agriculture (CSA) and extension advisory service (EAS) stakeholders' prioritisation: a case study of Anantapur district, Andhra Pradesh, India",,high,"The paper is a case study focused on Anantapur district in Andhra Pradesh and analyzes climate‑smart agriculture interventions and extension stakeholders within the Indian (state/district) context, making India the central focus."
6843,Sravani Dumala; Badal Bhattacharyya; Bidyarani Devi Elangbam,2023,"Biocontrol-based management module provided maximum protection in potato against white grub, Lepidiota mansueta Burmeister in Assam, India",,high,"The study is an empirical field trial conducted on potato crops in Majuli, Assam, India, with India (a specific Indian state) as the primary study site and population of interest."
2230,"Joshi, T; Kuchewar, V; Chhabra, A",2022,"Multidimensional Use of Cow Urine (Gomutra), One of the Ingredients of Panchagavya - A Narrative Review",,high,"The paper focuses on gomutra and Panchagavya within the context of Ayurvedic practice and explicitly references Indian research institutions (e.g., Indore), making India and its traditional medicine the central case and context."
6875,Dinesh Kumar; Magan Singh; Sanjeev Kumar; Rajesh Kumar Meena; Rakesh Kumar; Malu Ram Yadav; Manish Kushwaha; Govind Makarana; Subhradip Bhattacharjee; Suryakanta Kashyap; Bisworanjita Biswal; Rajesh; Parveen Kumar,2023,Energy Budgeting and Carbon Footprints Estimation of Fodder Maize Varieties Sown under Different Nutrient Management Practices in Indo-Gangetic Plains of India,,high,"The study is explicitly conducted in the Indo-Gangetic Plains of India and evaluates Indian fodder maize varieties and nutrient management practices, making India the central study site and context."
6739,"Kumar, Dinesh; Singh, Magan; Kumar, Sanjeev; Meena, Rajesh Kumar; Kumar, Rakesh",2021,Fodder quality and nitrate estimation of oats grown under different nutrient management options,,high,"The study addresses fodder quality for Indian cattle and evaluates locally relevant nutrient management practices (e.g., Panchagavya, FYM, RDF) in an Indian agricultural context, indicating India is the central focus."
7029,"Rathika, S; Ramesh, T; Vinodhini, S M; Parthiban, T; Sangeetha, J V V; Vallal, K S; Rajakumar, D; Nageswari, R; Ajmal, S S; Akanksha, M; Jeyasrinivas, R",2025,Effect of organic foliar nutrition on the productivity of rice (Oryza sativa L.),,high,"The study is a field trial conducted at Tamil Nadu Agricultural University in Tiruchirappalli and evaluates rice production practices in an Indian state (Tamil Nadu), making India the primary study site and context."
6882,Gitanjli Rathore; Rajesh Kaushal; Vivek Sharma; Gargi Sharma; Shikha Chaudhary; Salwinder Singh Dhaliwal; Amnah Mohammed Alsuhaibani; Ahmed Gaber; Akbar Hossain,2023,Evaluation of the Usefulness of Fermented Liquid Organic Formulations and Manures for Improving the Soil Fertility and Productivity of Brinjal (Solanum melongena L.),,medium,"The study evaluates traditional Indian fermented biofertilizers (panchagavya and jeevamrut) in a field experiment on brinjal, strongly indicating an India-specific agricultural context, although the abstract does not explicitly state the study location."
7089,MANJU  NETWAL; S P  SINGH; D K  YADAV; R K  FAGODIYA; PRAVEEN  CHOYAL; GULAB  CHOUDHARY,2025,"Synergistic effects of micronutrients and organics on yield, quality and economics of sprouting broccoli (Brassica oleracea)",,high,"The study was an on-field experiment conducted at Sri Karan Narendra College of Agriculture in Jobner, Jaipur, Rajasthan and analyzes crop yields and economics specific to that Indian location, making India the primary study context."
7055,"Manibharathi, S; Senthilkumar, K P; Somasundaram, S; Akchaya, K; Senthamil, E; Ammaiyappan, A; Gokul, D; Gowtham, S; Vinodhini, S M; Kaviyazhagan, S",2025,"Influence of seed hardening, soil and foliar nutrition of pearl millet under rainfed conditions",,high,"The study is a field experiment conducted in Manathal village, Salem district, Tamil Nadu, so an Indian location is the primary study site and focus."
2312,"Fadnavis, KK; Rathi, RB; Ratnaparkhi, KS; Rathi, BJ; Deshmukh, PR",2024,Ayurvedic Management of Overweight child with Panchagavya Therapy - A Case Report,,medium,"The case report centers on Ayurvedic treatments (Panchagavya, Gomutra) and Indian traditional medicine practices—indicating an India-specific clinical context—though the abstract does not explicitly state the study location."
7079,AVISHEK PRADHAN; KOUSHIK SAR; MD RITON  CHOWDHURY; DEEPAK KUMAR  SWAIN; SUBHAPRADA  DASH; J M L  GULATI,2025,Productivity and profitability of rice (Oryza sativa) varieties grown and nurtured organically on a 5-year old zero chemical applied soil base,,high,"The study is a field experiment carried out at an Agricultural Research Station in Bhubaneswar, Odisha, uses Indian rice varieties and rupee economic figures, so India (a specific state and site) is the central focus."
3657,"Saminathan, V.R.; Mahadevan, N.R.; Muthukrishnan, N.(Regional Research Station, Virudhachalam (India))",2003,Population ecology of Helicoverpa armigera under different rainfed cotton cropping system in southern district of Tamil Nadu,,high,"The study is conducted in specific locations in southern Tamil Nadu (Aruppukottai, Kallupatti, Thirumangalam) and focuses on cotton cropping systems there, making India the primary study site."
3744,"Jackson,M.G. (Uttarkhand Environmental Education Centre, JakhanDevi, Mall Road, Almora263 601 (Uttaranchal))",2003,Whither agricultural education and research,,high,"The paper explicitly addresses the role and reorientation of Indian agricultural education and research, discusses village-level farming and national development strategy in the Indian context, making India the central focus."
5100,"Moe, A.K.(Kyushu Univ., Fukuoka (Japan)); Yutaka, T.; Fukuda, S.; Kai, S.",2008,Impact of market liberalization on international pulses trade of Myanmar and India,,high,"The paper conducts a bilateral analysis of pulses trade between Myanmar and India, includes India-specific policies and empirical results for Indian prices, and treats India as a primary case in the study."
5642,"R. Suresh Kumar, P. Ganesh, K. Tharmaraj and P.Saranraj",2011,Growth and development of blackgram (Vigna mungo) under foliar application of Panchagavya as organic source of nutrient,,medium,"The study evaluates panchagavya (a distinctly Indian organic input) on an Indian cultivar (ADT-3) in an experimental farm setting, strongly implying an India-focused agricultural experiment though the abstract does not explicitly name the country or state."
5656,"Thoke, S.; Patil, D.R.; Swamy, G.S.K.; Kanamadi, V.C.",2011,"Response of Jamun (Syzygium cumini skeels.) to Glomus fasciculatum and bioformulations for germination, graft take and graft survival",,high,"The experiment was conducted at a specific Indian research station (Bijapur/Tidagundi) using seeds from a local farmer field (Soundatti), making an Indian location and population the central focus of the study."
5740,"Patil, D.G.; Dhake, A.V.; Sane, P.V.; Subramaniam, V.R.",2012,Studies on different genotypes and transplanting dates on bulb yield of high solid white onion (Allium cepa L.) under short-day conditions,,high,"The study was conducted at a specific farm in Jalgaon, Maharashtra State and evaluates onion genotypes and transplanting dates in that Indian state, making India the primary study site and focus."
5761,"Pathak, R.K.; Ram, R.A.",2013,"Bio-enhancers: A potential tool to improve soil fertility, plant health in organic production of horticultural crops",,high,"The paper centrally addresses soil fertility and organic bio-enhancer practices in India, cites India-specific statistics and traditional Indian preparations, and frames the problem and solutions within the Indian agricultural context."
5788,"Kumar, Prasann",2013,Food Security and Nutritional Safety: A Challenge Ahead,,high,"The abstract repeatedly frames the problem and solutions specifically for India (mentions feeding India’s population, vulnerability of Indian agriculture, and soil health management for Indian agriculture), indicating India is the primary context."
5800,"Leo Daniel Amalraj, E.; Praveen Kumar, G.; Mir Hassan Ahmed, S. K.; Abdul, Rasul; Kishore, N.",2013,"Microbiological analysis of Panchagavya, vermicompost, and FYM and their effect on plant growth promotion of pigeon pea (Cajanus cajan L.) in India",,high,"The study explicitly focuses on organic inputs used in India and reports microbiological characterization and plant growth experiments in the Indian context, so India is the primary study site and policy/practice context."
5855,"Gopakkali, Pradeep; , Sharanappa",2014,"Effect of organic farming practices on growth, yield, quality and economics of onion (Allium cepa) in dry zone of Karnataka",,high,"The study was conducted at an agricultural research station in Bengaluru (Karnataka) and focuses on onion production in the dry zone of an Indian state, so India is the primary study site and context."
5856,"Gopakkali, Pradeep; , Sharanappa",2014,"Effect of organic production techniques on the growth, yield, quality and economics of chilli (Capsicum annuum) and soil quality in dry zone of Karnataka",,high,"The experiment was conducted in Bengaluru in the dry zone of Karnataka, making a specific Indian state the primary study site and focus of the research."
5853,"Shrikant, M.; Jawaharlal, M.",2014,Effect of Fertigation Level and Biostimulants on Yield Parameters of Gerbera (Gerbera jamesonii bolus ex hooker f.) Var. Debora under Poly House Conditions,,medium,"The experiment uses panchagavya (a traditional Indian biostimulant) and agronomic practices typical of Indian horticulture under polyhouse conditions, indicating an India-focused context though the abstract does not explicitly state the study location."
5854,"Shubha, S.; Rahmann, G.; Aksoy, U.",2014,"Effect of Seed treatment, Panchagavya application, Growth and yield of Maize",,medium,"The study evaluates Panchagavya, beejamrutha and Palekar organic farming systems—distinctly Indian practices—so the research is likely focused on Indian agriculture even though the abstract does not explicitly state the location."
5877,"Loganathan, Vimalendran; Wahab, k.",2014,Influence of Panchagavya foliar spray on the growth attributes and yield of baby corn (Zea mays) cv. COBC 1,,high,"Field experiments were conducted at Annamalai University in Chidambaram (Tamil Nadu), making India the primary study site and focus of the research."
5880,"Mhaskar, N. V; Jadye, A. T; Haldankar, P. M; Chavan, S. A; Mahadkar, U. V",2014,Integrated Nutrient Management for Sustainable Production of Cassava in Konkan Region,,high,"The study was conducted in the Konkan region at an Indian agricultural research center (Dr. Balasaheb Sawant Konkan Krishi Vidyapeeth, Dapoli) using local field experiments and varieties, so India is the primary study site and focus."
5889,"Devakumar, N.; Shubha, S.; Rao, G.G.E.; Rahmann, G.; Aksoy, U.",2014,Multiplication of bio-control agents on locally available organic media,,medium,"The abstract focuses on locally used organic inputs (Jeevamrutha, Panchagavya, jaggery, press mud) that are specific to Indian agricultural practice, indicating an India-focused study even though no explicit location is stated."
5899,"Latha, H.S.; , Sharanappa",2014,"Production potential, nutrient-use efficiency and economics of groundnut (Arachis hypogaea)–onion (Allium cepa) cropping system under organic nutrient management",,high,"The study is an on-farm field experiment conducted in Bengaluru, Karnataka, focusing on groundnut–onion cropping and organic nutrient management in an Indian state, so India is the primary study context."
5953,"Tamrakar, Vaibhav; Raina, Manveen; Rathor, DPS; Joshi, Ankita; Chauhan, RS",2015,"Comparative Analysis of Serum Biochemicals of Sahiwal, Badri, Cross-Breed and Tulsi Cows",,high,"The study explicitly compares Indian cattle breeds (Sahiwal, Badri, Tulsi) and references Indian contexts (Ayurveda, Chhattisgarh, hilly regions), indicating the primary dataset and focus are India-specific."
5972,"Bag, P. A.; Kaswala, A. R.; Patel, A. I.",2015,Effect of Liquid Organic Manures on Yield and Soil Properties in Chickpea (Cicer arietinum L.),,high,"The experiment was conducted at Navsari Agricultural University (a specific location in Gujarat, India) and examines organic liquid manures on chickpea yields and soils in that Indian agricultural context, so India is the primary study site."
5973,"Kīran̲,; Rao, Satyanarayana; Rameshkumar, C.",2015,Effect of Nutrient Management Practices through Organics on Soil Chemical Property after Harvest of Chickpea (Cicer arietinum L.) Under Rainfed Condition,,high,"The study is a field experiment conducted at the Main Agricultural Research Station in Raichur (Karnataka), testing Indian organic nutrient management practices for chickpea under rainfed conditions, so India is the primary study site and context."
5987,"Rajput, Reena B.; Palakshappa, M.G.",2015,Enumeration of Rhizosphere Micro Organisms in the Organic Management of Anthracnose of Chilli,,high,"Empirical field and lab study focused on managing chilli anthracnose under northern Karnataka conditions conducted at the University of Agricultural Sciences, Dharwad, making India the primary study site and context."
5995,Shivendu Pratap Singh Solanki; S. G. Telkar; Debashish Hota; Kamal Kant; Joy Kumar Dey,2015,Folk Liquid Manures for Sustainable Horticulture,,high,"The paper centers on Indian traditional folk liquid manures (e.g., Panchagavya, Sanskrit terminology, Sanjibani) and practices used by Indian organic farmers, indicating India is the primary cultural and agricultural context."
6017,"Boraiah, B.; Devakumar, N.; Palanna, K.B.; Latha, B.",2015,"Influence of Composted Coir Pith, Farmyard Manure and Panchagavya on Soil Chemical Properties in Capsicum (Capsicum annuum L. Var. Grossum)",,high,"The study is an on-site field experiment carried out in Arsikere, Karnataka, India, making an Indian state the primary study location and focus."
6105,"Neelam, Hema Sarat Chandra; Kadian, K.S.",2016,"Cow based natural farming practice for poor and small land holding farmers: A case study from Andhra Pradesh, India",,high,"The paper is a case study explicitly set in Andhra Pradesh, India, focusing on farming practices and smallholder farmers in that Indian state, making India the central study context."
6113,"Chaudhary, RC; Mishra, SB",2016,Development and use of organic protocol to promote Kalanamak rice (Oryza sativa) and its certification under PGS mode,,high,"The study is centered on Kalanamak rice in north-eastern Uttar Pradesh, covers India-specific policies and certification (PGS, PPV&FRA), and reports on Indian farmer training and area changes, so India is the primary study site and context."
6151,Sharvan Kumar Yadav; H. B. Babalad; S. K. Sharma; R. S. Choudhary; Naresh Kumar,2016,Impact of Organic Nutrient Management Practices on Yield Attributes and Yield of Summer Mungbean,,high,"The field experiment was conducted at the Main Agriculture Research Station, University of Agricultural Sciences in Dharwad, Karnataka, and the paper focuses on mungbean nutrient management in that Indian location, making India the central study site."
6184,"Govindaraj, Gurrappanaidu; Thorat, Gunavant; Rathnakumar, Luke",2016,"Production duality, profitability, driving forces and constraints in organic peanut cultivation in India",,high,"The study is an India-specific field survey (Gujarat state) of organic vs conventional peanut farmers and analyzes India-focused costs, returns, motivations and constraints, so India is the primary study site and population."
6180,"Khidrapure, Gajendra; Vasudevan, S. N.; Doddagoudar, S. R.; Sreenivas, A. G.; Rao, Satyanarayana",2016,Prediction of storability of organically produced paddy seeds through natural and accelerated ageing techniques,,high,"The research was conducted at the University of Agricultural Sciences in Raichur (Karnataka) and evaluates storability of paddy seeds in that specific Indian context, making India the central study site."
6241,"Kumar, Rajeev; Kumar, Adyant; Chakraborty, Soumyabrata; Basarkar, P.W.",2017,"Effect of Homa organic farming on growth, yield and quality parameters of Okra",,high,"The study uses India-specific context and terms (kharif season, cultivar ‘Arka Anamika’, and Indian organic practices/inputs such as Panchagavya, Jeevamruta, Agnihotra), indicating an India-based field experiment and India-focused research."
6268,"Patel, R. J.; Ahlawat, T. R.; Patel, A. I.; Amarcholi, J. J.; Patel, B. B.; Sharma, Kapil",2017,Growth of mango (Mangifera indica L.) rootstocks as influenced by pre-sowing treatments,,high,"The experiment was conducted at Navsari Agricultural University (India) and the study focuses on mango rootstock treatments and outcomes in an Indian research context, making India the primary study site and population."
6298,"Patel, Dahyabhai M.",2017,Panchagvya A solution for well being of plants,,high,"The paper centers on Panchagavya and Vrikshayurveda, which are specifically Indian traditional agricultural practices and therefore India is the primary cultural and topical focus."
6352,"Singh, B P; Khode, Narendra; Singh, Ranjit",2018,Bio-diversified integrated natural farming â€“ a success story,,medium,"This reads like a single-farm case study (Mr Lakra) featuring crops and species (berseem, drumstick, kundru, jamun) and terminology typical of India, indicating an India-specific focus even though the abstract does not explicitly name the country."
6383,"Thakur, Seema; Thakur, Rajesh; Mehta, Devinder Kumar",2018,Effect of biofertilizers on horticultural and yield traits in french bean var. Contender under dry temperate conditions of Kinnaur district of Himachal Pradesh,,high,"The study is conducted in Kinnaur district, Himachal Pradesh and investigates French bean production under local farming conditions, making India the primary study site and focus."
6387,"Gill, P. K.; Aulakh, C. S.",2018,Effect of integrated nitrogen management on NPK uptake in basmati rice (Oryza sativa L.),,high,"The study is an on-farm field experiment conducted at Punjab Agricultural University in Ludhiana (India) on basmati rice using local management practices, so India (Punjab) is the clear primary study site and focus."
6388,"Sah, Amit Kumar; Singh, Mahendra; Pradhan, Amit Kumar; Prasad, Sambhu; Chatoopadhyaya, N.; Behera, Subrat Keshori; Kiran, Kajal",2018,Effect of organic fertilizer and microbial inoculants on soil biological properties and yield of scented rice (Oryza sativa L.),,high,"The study is a field experiment carried out at Bihar Agricultural University, Sabour (Bihar, India) on a local scented rice cultivar, so India is the primary study site and population of interest."
6400,Mahmad A. Shekh; Ratilal K. Mathukia; Bhimjibhai K. Sagarka; Sunil K. Chhodavadia,2018,Evaluation of Some Cow-based Bio-enhancers and Botanicals for Organic Cultivation of Summer Groundnut,,high,"The study is a field experiment conducted in Junagadh, Gujarat (India) and evaluates agronomic treatments for summer groundnut in that Indian location, so India is the primary study context."
6530,"Suresh, V.; Sendhilnathan, R.; Jansirani, P.; Sundharaiya, K.; Palanisamy, A.; Subramani, P.",2019,Effect of integrated nutrient management on growth and yield of thuduvalai (Solanum trilobatum L.),,high,"The study is a field experiment conducted at Annamalai University in Tamil Nadu, India, using Indian sites and crops as the primary study context, so India is the central focus."
6557,"Sutar, Reshma; Sujith, G.M.; Devakumar, N.",2019,Growth and yield of Cowpea [Vigna unguiculata (L.) Walp] as influenced by jeevamrutha and panchagavya application,,high,"The study was conducted at the Research Institute on Organic Farming, University of Agricultural Sciences in Bengaluru, India, making an Indian location and population the central focus."
6589,"G.V. SUNEEL KUMAR, O. SARADA and",2019,PERCEPTION OF THE FARMERS ON ZERO BUDGET NATURAL FARMING IN PRAKASAM DISTRICT OF ANDHRA PRADESH,,high,"The paper is an empirical study conducted in Prakasam District, Andhra Pradesh, with sampled Indian farmers and India-specific findings, making India the central focus."
6623,"Khadse, Ashlesha; Rosset, Peter M.",2019,Zero Budget Natural Farming in India – from inception to institutionalization,,high,"The paper explicitly examines the development and institutionalization of Zero Budget Natural Farming within India, focusing on Indian states (Karnataka and Andhra Pradesh) and Indian peasant families as the primary subjects."
6625,"Om, Hari; Vijay, Vijay; Singh, Baljeet",2019,Zero budget natural farming: A promising model in Indian agriculture,,high,"Empirical study conducted on a 180‑acre farm in Kurukshetra with analyses by Indian agricultural institutions, so India is the central study context."
6624,"Chowdhry, Parikrama; Babu, Suresh Chandra; http://orcid.org/0000-0002-8706-2516 Babu, S.",2019,Zero Budget Natural Farming: Fighting agrarian distress,,high,"The paper centers on Zero Budget Natural Farming, an agricultural approach originating and widely implemented in India and framed here as addressing agrarian distress, indicating an India-focused study or policy context."
6652,Neha Awasthi; R.G.  Upadhyay; Anita   Singh; Rameshwar  Kumar; G.D.  Sharma,2020,Effect of different organic inputs on growth and yield of Soybean (Glycine max. L) under mountainous conditions of Himachal Pradesh,,high,"The study is an on-farm experimental trial conducted in Himachal Pradesh (an Indian state) and focuses on Indian agricultural practices and crops, so India is the central study context."
6648,"Maheswari, T U M A; Rajkumar, M",2020,EFFECT OF BIOSOLARIZATION ON THE GROWTH ATTRIBUTES OF CLUSTER ONION ( Allium cepa L . var . Aggregatum Don ),,medium,"The study uses India-specific cropping terminology (Kharif) and local practices/inputs (panchagavya, neem cake), indicating an on-the-ground agricultural experiment likely conducted in India though no explicit state/location is given."
6680,Mukul Sain; Anjali  Singh; Amanpreet  Kaur; Ruchika Zalpouri,2020,Metaphysical energy based sustainable yogic farming for enhanced productivity and farmers’ well being: A Review,,high,"The paper centers on yogic/Zero Budget Natural Farming tied to Indian institutions, policy (Indian Finance Budget), and Brahma Kumaris (headquartered in Rajasthan), indicating India is the primary study and policy context."
6684,"Varshini, S.V.; Jayanthi, C.",2020,Organic liquid manures and bio-fertilizers: A tool for soil and crop productivity,,medium,"The abstract discusses India-specific organic inputs (jeevamruth, panchagavya, beejamruth, vermiwash) and their use, suggesting an India-centered focus, although the abstract does not explicitly state an Indian study site or dataset."
6708,"PANDEY, C. M.",2020,Watershed Development a major element for achieving Goals of Pradhan Mantri Krishi Sinchayee Yojana: Present Scenario,,high,"The paper analyzes Indian national watershed and soil/water conservation programmes (PMKSY, PKVY) and their implementation and planning across districts in India, so India is the central focus."
6709,"Shyam, D M; Dixit, S; Nune, R; Gajanan, S; Chander, G",2020,Zero Budget Natural Farming - An empirical analysis,,high,"The paper centers on Zero Budget Natural Farming in Andhra Pradesh, India—evaluating adoption, soil health, costs, and state-level policy scaling among Indian farmers."
6726,P.ARUNASRI; B.PADMODAYA; M.REDDI KUMAR; S.R.KOTESWARA RAO; B.RAVINDRA REDDY; S.TIRUMALA REDDY,2021,EVALUATION OF INTEGRATED MANAGEMENT STRATEGIES AGAINST STEM ROT OF GROUNDNUT (Sclerotium rolfsii) UNDER POT CULTURE,,medium,"The study evaluates Indian traditional inputs (Panchagavya, beejamrutham, jeevamrutham), Indian terms (gingelly cake) and crop management practices typical of India, indicating the research was likely conducted in an Indian agricultural context even though the country is not explicitly stated."
6751,"Kumar, Dinesh; Singh, Magan; Kushwaha, Manish; Makarana, Govind; Yadav, M.R.",2021,"Integrated use of organic and inorganic nutrient sources influences the nutrient content, uptake and nutrient use efficiencies of fodder oats (Avena sativa)",,high,"The study is an India-specific field experiment conducted in Karnal, Haryana, with results and recommendations directly based on Indian cropping systems and nutrient-management practices."
6750,"Kulkarni, Shyamrao",2021,Influence of organics on productivity and economics of ajwain (Trachyspermum ammi) cultivation under Melia dubia based agroforestry system,,high,"The study is a field experiment carried out at an agricultural research farm in Raichur (India) examining ajwain cultivation under a Melia dubia agroforestry system, so India is the primary study site and population."
6774,"Padmapriyā, Esa.; Rajamani, K.",2021,"Response of organic consortia on growth, yield and quality of Coleus forskholii",,high,"The study was a field experiment carried out at Tamil Nadu Agricultural University, Coimbatore, making an Indian institution and field site the primary study setting and population of interest."
6778,"Veeral, Kumarimanimuthu D.; Naveen, T.; Krishnamoorthy, R.",2021,Studies on impact of organic sources for sustainable yield and soil health in finger millet (Eleusine coracana) cv. CO 9,,high,"The paper reports a field experiment conducted in Pannandur village, Krishnagiri District, Tamil Nadu, so India (a specific state/district) is the primary study site and context."
6786,"Majumdar, Sabyasachi; Wanniang, Samborlang K; Behera, Umakanta",2022,Acid soil management in north eastern hill region of India,,high,"The paper explicitly focuses on acid soil management in the North-Eastern Hill region of India and discusses Indian institutions (Central Agricultural University) and region-specific practices, so India is the central context."
6783,Ashlesha Khadse; Peter Rosset,2021,Zero Budget Natural Farming in India – from inception to institutionalization,,high,"The paper explicitly studies the development and institutionalization of Zero Budget Natural Farming within India, focusing on specific Indian states (Karnataka and Andhra Pradesh) and Indian peasant families, making India the central case and study context."
6790,Satyam Rai; Priyanka Singh Rao; Vivek Sharma; Diwas Pradhan; Richa Singh,2022,Antimicrobial Potential of Panchagavya Formulation from Indian Cow Breeds,,high,"The study tests panchagavya formulations derived from specific Indian cow breeds (Gir, Sahiwal, Tharparkar, Karan Fries), so India and its breeds are the central focus of the research."
6800,"Chandrakala, M.; Hebsur, N. S.",2022,Effect of FYM and Fermented Liquid Manures on Some Physico-Chemical and Biological Properties of Soil and Nutrients Status at Harvest of Chilli (Capsicum annuum L.),,high,"The study is a field experiment conducted at the University of Agricultural Sciences in Dharwad, Karnataka, and focuses on soil and crop management in a specific Indian state, making India the primary study context."
6803,Yonika Saini; P. H. Patel; T. Gangadhara; Priya Chaudhari; Anju Bijarnia,2022,"Effect of foliar application of panchagavya and banana pseudostem sap on the growth, seed yield and economics of fenugreek",,high,"The study is a field experiment conducted in Sardarkrushinagar, Dantiwada, Gujarat, making an Indian location the primary study site and focus of the research."
6801,"Sakpal, V.M.; Jagtap, D.N.; Upadhyay, L.; Pinjari, S.S.; More, S.S.; Jadhav, M.S.; Bodake, P.S.",2022,"Effect of Foliar Application of Different Organic Sources and Levels of Fertilizer on GrowthAttributes,YieldAttributes, Yield, Quality and Economics of Cowpea (Vigna unguiculata L.)",,high,"The study is an on‑farm agronomic experiment conducted at the College of Agriculture in Dapoli, Ratnagiri (Maharashtra), using Indian cropping seasons and producing India‑specific recommendations, so India is the primary study site and context."
6810,"Kumar, Vijay; Trives, André; Aubron, Claire; Conaré, Damien; Kurukshetra University; Agriculteur; Systèmes d'élevage méditerranéens et tropicaux (UMR SELMET) ; Centre de Coopération Internationale en Recherche Agronomique pour le Développement (Cirad)-Institut National de Recherche pour l’Agriculture, l’Alimentation et l’Environnement (INRAE)-Institut Agro Montpellier ; Institut national d'enseignement supérieur pour l'agriculture, l'alimentation et l'environnement (Institut Agro)-Institut national d'enseignement supérieur pour l'agriculture, l'alimentation et l'environnement (Institut Agro); Chaire Unesco Alimentations du Monde ; Institut Agro Montpellier ; Institut national d'enseignement supérieur pour l'agriculture, l'alimentation et l'environnement (Institut Agro)-Institut national d'enseignement supérieur pour l'agriculture, l'alimentation et l'environnement (Institut Agro); Institut Agro Montpellier",2022,"Le natural farming, promesse agroécologique de l'Inde",,high,"The paper focuses on natural farming in India and explicitly discusses the agroecological transition based on experience in the Indian state of Andhra Pradesh, making India the central case and study site."
6794,"Sobhana, E.; Swaminathan, C.; Kaṇṇan̲, Pa.; Gurusamy, A.",2022,"Conservation agriculture practices: Impact on productivity, energy utilisation and profitability of legume-based cropping system",,medium,"The paper reports a field experiment on cropping systems and inputs (e.g., panchagavya, groundnut, foxtail/barnyard millet, daincha) that are characteristic of Indian agronomy, strongly implying an India-based study site though India is not explicitly named in the abstract."
6808,"Chakkal, Anmoldeep Singh; Kumar, Pardeep; Butail, Nagender Pal; Sharma, Munish; Kumar, Praveen",2022,"Impact of Molybdenum Application on Yield, Quality and Profitability of Cauliflower (Brassica oleracea var. Botrytis L.) in an Acid Alfisol Soil",,medium,"The study uses Subhash Palekar's Natural Farming (an Indian farming system) and Indian-style reporting of yields/profits, indicating a field experiment conducted in an Indian agricultural context, but the abstract does not explicitly name India or a specific Indian state. "
6802,"Sharma, Sanjay K; Thakur, Chandan; Singh, Dhanbir; Pathania, Pawan; Vishvamitera, Sakshi",2022,Effect of different nutrient management practices on yield and nutrient uptake by maize in an acid Alfisol of North-West Himalayas,,high,"The experiment is conducted in the North-West Himalayas and evaluates nutrient management and Indian farming practices (e.g., Desi cows, FYM, local cultivar), making India the primary geographic and agricultural focus."
6819,Dixa Tanotra; Rajendra Prasad,2022,Production of maize under different farming practices and rainfall effect at different locations,,high,"The study is a field experiment conducted across specific blocks in Hamirpur district (an Indian locality) and analyzes maize yields under local Indian farming practices, so India is the primary study site and focus."
6828,"Singh, Arshdeep; Thakur, Rajesh Kumar",2022,Status of organic farming and economics of organic vegetable cultivation in Himachal Pradesh under Paramparagat Krishi Vikas Yojana (PKVY),,high,"The study specifically analyzes organic farming in Himachal Pradesh and the economics of organic vegetable cultivation in Chamba district under the Indian PKVY program, making an Indian state the primary focus."
6829,Purushottam Dev; S. S. Paliyal; Navjot Rana,2022,"Subhash palekar natural farming - scope, efficacy and critics",,high,"The paper centrally examines Subhash Palekar's Zero Budget Natural Farming in the context of Indian food security and policy, citing India-specific population projections and national economic survey findings, so India is the primary focus."
6824,Bandi Gnana Prakash; Joy  Dawson; Thomas  Abraham; M.R.  Meshram,2022,Response of different methods of sowing and organic manures on growth and yield of Wheat (Triticum aestivum L.),,high,"The study reports a field experiment carried out at SHUATS in Prayagraj and evaluates India-specific practices/inputs (e.g., Panchagavya, Jeevamrutha), so India is the primary study site and policy/practice context."
6837,"Aher, Satish Bhagwatrao; Lakaria, Brij Lal; Kaleshananda, Swami; Singh, Amar Bahadur",2022,"Yield, nutrient uptake and economics of soybean–wheat cropping system under organic nutrient management in Central India",,high,"The study was conducted at the Indian Institute of Soil Science in Bhopal (Central India) and evaluates soybean–wheat cropping under India-specific management, so India is the primary study site and focus."
6845,"Patel, Jitendra; Kumar, G Shiva",2023,Climate Resilient Agriculture Practices - The Future of Farming,,high,"The abstract centers on climate-resilient agriculture in the Indian context, repeatedly discusses Indian soil and population issues, and references multiple India-specific policies and programs (e.g., NAPCC, PMKSY, ICAR, MGNREGA), indicating India is the primary focus."
6838,Krupashree R; Satyanarayana Rao; B. K. Desai; Ananda N; S. N. Bhat,2022,"Zinc and Iron fortification through enriched organics and foliar nutrition on growth, yield and economics of foxtail millet (Setaria italica",,medium,"The study reports results using India-specific practices (panchagavya, vermicompost) and monetary returns in rupees, indicating the experimental trial was conducted in an Indian agricultural context even though the abstract does not explicitly name the country."
6852,"Mandla, Ishita; Sharma, Subhash",2023,Compendium of success stories of farmers practising natural farming in Himachal Pradesh,,high,"The paper is a state-level compendium focused on farmers and a government natural farming scheme in Himachal Pradesh, making India (a specific Indian state and its agricultural policy) the central focus."
6855,"Kumar, Sunil; Manjeet Singh Nain; V. Sangeetha; Satyapriya",2023,Determinants and Constraints for Adoption of Zero Budget Natural Farming (ZBNF) Practices in Farmer Field School,,high,"The study is an empirical analysis conducted in Wardha district, Maharashtra, making an Indian state/district the primary study site and focus of the paper."
6860,G. Ramesh; Kusuru Meghana; A. Srinivasa Rao; N. Vijaya Sree,2023,EFFECT OF BIO-STIMULANTS ON GROWTH AND YIELD OF COW PEA (VIGNA UNGUICULATA (L.) WALP),,high,"The study reports a field experiment conducted at the Agriculture Research Station in Amaravathi and uses Indian practices (Jeevamrutha), so the research site and interventions are India-specific and central to the paper."
6862,Manjeet Singh Nain,2023,Editorial,,high,"The editorial centers on India-specific events, institutions, programs, and research (Indian Journal of Extension Education, ISEE, UAS Bangalore, Indian policy on rice exports, and multiple studies addressing Indian states/communities and extension programs), so India is the primary focus."
6867,"BEHERA, ALOK KUMAR; CHANDRASHEKARA, C P",2023,"Effect of natural farming, organic farming, and recommended package of practices on yield and economics of irrigated wheat (Triticum aestivum)",,high,"The experiment uses the Recommended Package of Practices from University of Agricultural Sciences, Dharwad (an Indian institution) and evaluates farming practices (natural/organic/RPP) for irrigated wheat in an Indian agricultural context, so India is the central study setting."
6883,Saurabh Tiwari; K.S. Kadian; H.R. Meena; M.S. Nain; Sweety Mukherjee; Amandeep Ranjan,2023,Farmers’ Awareness of Agricultural Schemes under Saansad Adarsh Gram Yojana in Varanasi (UP),,high,"The study is explicitly focused on farmers in Varanasi district, Uttar Pradesh and evaluates awareness of Indian government agricultural schemes under the Saansad Adarsh Gram Yojana, making India the central study context."
6888,"GHOSAL, A.; SAHU, N. C.",2023,"Impact of Crop-specific Technologies and Organic Growth Stimulants on Mustard, Black Gram and Green Gram in Sundarban area of West Bengal",,high,"The study is an on-farm trial conducted in the Sundarbans region of West Bengal, India, making the Indian location and farming population the central focus of the research."
6861,"P. ARUNASRI*, B. PADMODAYA, M.REDDI KUMAR, S.R. KOTESWARA RAO, B. RAVINDRA REDDY and S. TIRUMALA REDDY",2023,EVALUATION OF INTEGRATED MANAGEMENT STRATEGIES AGAINST STEM ROT OF GROUNDNUT (Sclerotium rolfsii) UNDER POT CULTURE,,medium,"The study evaluates Indian traditional inputs (Panchagavya, beejamrutham, jeevamrutham), neem and gingelly cake and common Indian agronomic amendments, indicating the research is situated in an Indian agricultural context and therefore is India-relevant."
6894,Ravi Kumar Dwivedi; Umesha C.; Lalit Kumar Sanodiya,2023,Influence of integrated nutrient management on growth and yield of cowpea (Vigna unguiculata L.) in Prayagraj region,,high,"The study is a field experiment conducted in the Prayagraj region of Uttar Pradesh (India) and centers on crop responses and nutrient management in that specific Indian location, making India the primary focus."
6892,"G S, Chethan; A. Y., Hugar; Salimath, Sarvajna B; G K., Girijesh; B M, Dushyantha Kumar",2023,Influence of biostimulants on growth and productivity of foxtail millet (Setaria italica L.) genotypes,,high,"The study is a field experiment carried out in Bavikere, Karnataka (India) and analyzes foxtail millet genotypes and treatments in that Indian state, making India the primary study site and focus."
6890,,2023,Influence of Modified Atmospheric Packaging on Shelf-Life and Quality of Naturally Grown Tomato ( Solanum lycopersicum L.) Stored Under Different Conditions,,medium,"The study compares tomatoes produced under Subhash Palekar natural farming (an India-specific farming system), so the research focuses on Indian agricultural practices and is likely conducted in India, although the abstract does not explicitly state the location."
6900,Shripad Kulkarni; Tippesh Chavan; K. N. Vijaykumar,2023,Management of Mango Powdery Mildew through Potential Organic Products,,high,"The study was conducted at a farmer’s field in Kyarakoppa village, Dharwad taluka, Karnataka, India and focuses on mango disease management in that Indian context, making India the primary study site and focus."
6898,International Water Management Institute,2023,"Learning, from, with and in India: a study tour of the agroecology initiative",,high,"The paper centers on a CGIAR study tour in India focusing on India's Natural Farming pathway and seeks to understand agroecological transformations in the Indian context, making India the primary study site and focus."
6904,"Chandel, Ashu; Kumar, Rakesh; Shankar, S Vishnu; Chandel, Rajeshwar Singh; Gupta, Rakesh Kumar; Kumar, Pramod",2023,Natural farming: A socio-ecological approach for sustainable livelihood,,high,"The paper is a case study of natural farming in Himachal Pradesh (Shimla fruit growers) and evaluates Indian farming systems and outcomes, making India the central focus."
6905,"Singh, Inderveer; Kaushal, Shilpa",2023,Natural farming: A success story of progressive farmer,,high,"The paper centers on natural farming in India, presenting a case study of an Indian farmer from Haryana and discussing adoption among Indian farmers, so India is the primary focus."
6906,"Behl, Punam; Osbahr, Henny; Cardey, Sarah",2023,"New possibilities for women’s empowerment through agroecology in Himachal Pradesh, India",,high,"The study is a qualitative case study of a state programme in Himachal Pradesh, India, focusing on Indian women farmers and India-specific policy and implementation, so India is the central context."
6909,"Devi, Th. Ibeyaima; Ray, Lala I.P.; Swetha, K.; Jyothi, K.S.; Ram,  V.; Swami, Sanjay",2023,Performance of potato with organic mulches in Meghalaya,,high,"The study is an empirical field experiment conducted in Meghalaya (an Indian state) focusing on potato production and returns there, so India is the central geographic and policy/population context."
6914,"Biswas, Saikat; Kumari, Devyani; Thakur, Raghava",2023,Response of transplanted kharif rice to organic liquid formulations in a red and lateritic soil of Jharkhand,,high,"The study reports a field experiment carried out in Ranchi, Jharkhand (India) and evaluates rice cultivation practices in that specific Indian state, making India the primary study site and focus."
6915,"Samaddar, Ayan; Padiyar Panemangalore, Arun; Maliappan, Sudharsan; Borah, Gulshan; Sikka, Alok; Kumar, Gopal",2023,"Rice fish farming in Andhra Pradesh, India: A case study",,high,"The study is a case study conducted in Andhra Pradesh and evaluates state-specific programs (RySS/APCNF), farmer outcomes, and local aquaculture systems, making India the central focus."
6917,"Balasubramani, N.; Shekara, P.Chandra; Praveen Kumar, Samuel; Sreelakshmi, C.; Jamanal, S.K.",2023,Study on Impact of Mann Ki Baat Programme on Organic and Natural Farming,,high,"The paper assesses the impact of India’s national radio programme 'Mann Ki Baat' on Indian stakeholders (KVKs, farmers, consumers) using data from ATARI zones across the country, so India is the primary study context and dataset."
6919,"Sastry, N S R",2023,The Indian Situation of Livestock Farming & Planetary Boundaries,,high,"The paper explicitly examines livestock farming within the Indian context, discusses India-specific environmental pressures and policy/practice recommendations, making India the primary focus of the study."
6922,"Gupta, Shweta; Malaiappan, Sudharsan; Krishnan, S.; Sikka, Alok",2023,The natural farming model of Andhra Pradesh: a solution for sustainable agriculture in India,,high,"The study explicitly focuses on Andhra Pradesh (specific Indian state), its natural farming programme (APCNF), and field assessments in districts/mandals, making India the primary study site and policy context."
6926,"Dorin, Bruno; Poisot, Anne-Sophie; Vijay Kumar, Thallam",2024,"Agro-industry versus agroecology? Two macroeconomic scenarios for 2050 in Andhra Pradesh, India",,high,"The work develops and compares macroeconomic/agricultural scenarios specifically for Andhra Pradesh, making an Indian state the primary study site and focus of the analysis."
6924,"Athawale, Snehal; Singh, Ram; Hatai, Lakshmi Dhar; Sing Bey, Brota; Singh, N. Anandkumar; Singh, Rajkumar Josmee; Hemochandra, L.",2024,A comparative economics of natural farming and conventional farming of rice cultivation in Arunachal Pradesh,,high,"The paper is an empirical study of rice cultivation in Arunachal Pradesh (East Siang district) using primary data from local farmers, making an Indian state the central study site and dataset."
6927,"Malaiappan, Sudharsan; Krishnan, S.; Gadewar, P.; Sharma, H.; Priyadarshini, P.; Thakur, A.; Ganvir, S.; Acharya, P.; Kumar, Gopal; Shijagurumayum, M. S.; Singh, Sonali; Samaddar, A.; Alvi, Muzna; Borah, Gulshan; Sikka, Alok",2024,"Agroecological insights for Mandla, Madhya Pradesh, India: a contextual analysis for sustainable transformation",,high,"The study focuses specifically on Mandla district in Madhya Pradesh, examining local agroecological conditions, Indian policies, institutions, and community practices, making India the primary case and context."
6934,"Zambare, Vasudeo",2024,"Catalyzing Growth: The Dynamics of Indian Innovation,  Incubation, and Incubators",,high,"The title and abstract explicitly focus on India’s innovation and incubation ecosystems, making India the primary context and subject of the study."
6931,International Journal of Advanced Biotechnology and Research.,2024,"Assessment of Growth, Physiological Efficiency, and  Morpho Physiological Parameters Affecting Productivity  and Yields in Different Soybean Genotypes",,high,"The study was conducted at JNKVV Research Farm in Jabalpur (India) on soybean genotypes, making India the primary study site and population of interest."
6943,"Sivagamy, K.; Karunakaran, V.; Ananthi , K.; Rajesh, M.; Arul Prasad, S.; Tamilselvi, C.; Vijayashanthi, V.A.; Mohammed Ashraf, A.; Vanitha, K.; Kanaga, S.",2024,Effects of Organic Manures and Foliar Sprays on Growth and Yield of Finger Millet,,high,"The study’s experiments were conducted in Thiruvannamalai, India and report India-specific agronomic results and economic outcomes, making India the primary study site and focus."
6942,Raju Yadav; Kavita Arvandakshan; S. B. S. Pandey,2024,Effect of organic growth promoters on growth and yield of pea  (Pisum sativum L.),,high,"The study reports a field experiment conducted at a college farm in Jhalawar, Rajasthan (India), making an Indian location the primary study site and focus of the paper."
6945,"Jat, Mangi L.; Rooyen, Andre F. van; Singh, Ramesh; Pasumarthi, Rajesh; Choudhari, Pushpajeet",2024,"End of Initiative Report of Agroecology: ICRISAT Longitudinal Impact Assessment of Natural Farming on Soil Health, Microbial Diversity, and their Interconnected Response Functions in Andhra Pradesh",,high,"The study specifically examines community-managed natural farming in Andhra Pradesh, India (ICRISAT longitudinal assessment) and discusses Indian state policy, farmer populations, and practices, making India the central focus."
6949,"Lyngkhoi, Dipriya R.",2024,Factors Associated with Shifting Cultivation in Meghalaya: Policy Perspective Probit Approach,,high,"The study uses primary data from farmers in Meghalaya and analyzes shifting cultivation and policy implications for that specific Indian state, so India is the central focus."
6956,"Kavin, P; Praneetha, S; Alagar, M; Kavitha, PS; Janaki, P",2024,"Impact of organic inputs on quality traits and nutrient content of Bottle gourd (Lagenaria siceraria L.): Heat map, PCA, correlation and path analysis",,high,"The study was an on-site agricultural experiment conducted at Tamil Nadu Agricultural University (India), making the Indian state context and population the primary focus."
6961,"Samaddar, Ayan; Panemangalore, Arun Padiyar; Maliappan, Sudharsan; Borah, Gulshan; Sikka, Alok; Kumar, Gopal",2024,"Integrated agroecological rice fish farming in Andhra Pradesh, India: A case study",,high,"The study is a case study of integrated rice–fish farming in Andhra Pradesh, India, using Andhra Pradesh-specific institutions and farmer-level field data, so India (an Indian state) is the central focus."
6964,"Aubron, Claire; Bainville, Sébastien; Philippon, Olivier; Ruiz, Laurent; Systèmes d'élevage méditerranéens et tropicaux (UMR SELMET) ; Centre de Coopération Internationale en Recherche Agronomique pour le Développement (Cirad)-Institut National de Recherche pour l’Agriculture, l’Alimentation et l’Environnement (INRAE)-Institut Agro Montpellier ; Institut national d'enseignement supérieur pour l'agriculture, l'alimentation et l'environnement (Institut Agro)-Institut national d'enseignement supérieur pour l'agriculture, l'alimentation et l'environnement (Institut Agro); Institut Agro Montpellier ; Institut national d'enseignement supérieur pour l'agriculture, l'alimentation et l'environnement (Institut Agro); Montpellier Interdisciplinary center on Sustainable Agri-food systems (Social and nutritional sciences) (UMR MoISA) ; Centre de Coopération Internationale en Recherche Agronomique pour le Développement (Cirad)-Institut de Recherche pour le Développement (IRD)-Centre International de Hautes Etudes Agronomiques Méditerranéennes - Institut Agronomique Méditerranéen de Montpellier (CIHEAM-IAMM) ; Centre International de Hautes Études Agronomiques Méditerranéennes (CIHEAM)-Centre International de Hautes Études Agronomiques Méditerranéennes (CIHEAM)-Institut National de Recherche pour l’Agriculture, l’Alimentation et l’Environnement (INRAE)-Institut Agro Montpellier ; Institut national d'enseignement supérieur pour l'agriculture, l'alimentation et l'environnement (Institut Agro)-Institut national d'enseignement supérieur pour l'agriculture, l'alimentation et l'environnement (Institut Agro); Gestion de l'Eau, Acteurs, Usages (UMR G-EAU) ; Centre de Coopération Internationale en Recherche Agronomique pour le Développement (Cirad)-Bureau de Recherches Géologiques et Minières (BRGM)-Institut de Recherche pour le Développement (IRD)-AgroParisTech-Institut National de Recherche pour l’Agriculture, l’Alimentation et l’Environnement (INRAE)-Institut Agro Montpellier ; Institut national d'enseignement supérieur pour l'agriculture, l'alimentation et l'environnement (Institut Agro)-Institut national d'enseignement supérieur pour l'agriculture, l'alimentation et l'environnement (Institut Agro); Indo-French Cell for Water Sciences =  Cellule Franco Indienne de Recherche en Science de l’Eau (IFCWS = CEFIRSE) ; Indian Institute of Science [Bangalore] (IISc Bangalore)",2024,"Le ""natural farming"" à grande échelle : la promesse agroécologique de l'Inde ?",,high,"The paper centrally examines India’s large-scale natural farming movement and policy, with a specific focus on Andhra Pradesh’s programme, farmers, and hectares targeted — India is the primary case and context."
6967,SONAM PANWAR; N. SRIKANTH; R. M. SRIVASTAVA,2024,"Major insect pests and natural enemies on brinjal in the Tarai region of Uttarakhand, India in relation to weather parameters",,high,"The study is conducted in the Tarai region of Uttarakhand and directly examines brinjal pests and natural enemies there, so an Indian state is the primary study site and focus."
6952,"N, Harish M; Raut, A A; Singh, S R K; Shrivastava, Sanjana",2024,Harmony in cultivation expanding the reach of natural farming practices,,high,"The study centers on an Indian national ICAR initiative implemented via Krishi Vigyan Kendras in specific Indian states (Madhya Pradesh and Chhattisgarh), making India the primary context."
6974,"M, Vignesh; C, Ravindran; S, Kumar; K, Kalpana; L, Srimathi Priya; K, Sundharaiya; K, Nageswari; T L, Preethi; R, Manivannan; C, Muthuramaligam",2024,"Optimizing growth conditions and biostimulant application for enhanced growth, yield and quality in Butter bean (Phaseolus lunatus L.) cultivar KKL 1",,high,"The study is an on-site agronomic experiment conducted at the Horticultural and Forestry Research Station in Kodaikanal (India), making Indian growing conditions and locations the primary context and dataset for the paper."
6971,"Kumar, Ranjit; Kumar, Sanjiv; Yashavanth, B.S.; Meena, P.C.",2024,Natural Farming Practices in India: Its Adoption and Impact on Crop Yield and Farmers’ Income,,high,"The paper is an empirical study of Natural Farming using primary data collected from farmers in the Indian states of Karnataka and Andhra Pradesh, so India is the central study context."
6975,"Chinnasamy , C S; Rajangam , J; Kalpana , K; Balakumbahan , R; Venkatesan , K; Anitha , T; Muthuramalingam , S; Sankar ,  C; Kabilan , M",2024,"Optimizing hill banana (cv. Virupakshi) production: impact of biostimulants on yield, quality and shelf life, unveiling its phytochemical profile using GC-MS analysis and its pharmacological activity",,high,"The study is a field experiment carried out in Kilakuchettipatti, Kodaikanal Taluk, Tamil Nadu, so India (a specific Indian state and location) is the primary study site and focus."
6982,"Reddy, B. Guruva; Reddy, V. Ratna; Reddy, M. Srinivasa",2024,Potential and Constraints of Zero Budgeted Natural Farming (ZBNF): A Study of Andhra Pradesh,,high,"The study is explicitly focused on Andhra Pradesh (an Indian state), using field visits, interviews and case studies across 11 AP districts, so India is the primary study site and context."
6972,Sukamal Sarkar; Anannya Dhar; Saikat Dey; Sujan Kr. Chatterjee; Shibasis Mukherjee; Argha Chakraborty; Gautam Chatterjee; Natesan Ravisankar; Mohammed Mainuddin,2024,Natural and Organic Input-Based Integrated Nutrient-Management Practices Enhance the Productivity and Soil Quality Index of Rice&ndash;Mustard&ndash;Green Gram Cropping System,,high,"The study is a field experiment conducted at a research farm in Narendrapur, West Bengal, and analyzes integrated nutrient-management and crop productivity for specific Indian cropping systems and coastal saline-zone conditions, so India is the primary study site and context."
6976,Yonika Saini; B. S. Meena; D. S. Meena; R. K. Yadav; C.B. Meena; Pratap Singh,2024,Optimizing wheat growth and yield through organic nutrient sources in South-Eastern Rajasthan,,high,"The study is an on‑the‑ground field experiment conducted in South‑Eastern Rajasthan (Agricultural Research Station, Ummedganj, Kota) with Indian wheat production as the primary focus, so India is the central study site and context."
6979,"N D, CHETHAN PATIL; Dayananda Patil; Sujeet K Jha; Rahul Dundesh Bellagi; B.N. Priyanka; H. Gunashekhar",2024,"Perception on Zero Budget Natural Farming: A Comparative Study Among Adopters, Planners, and Non-adopters",,high,"The paper uses primary data collected from farmers in two districts of Northern Karnataka and analyzes perceptions of Zero Budget Natural Farming among Indian adopters, planners, and non-adopters, making India the central study context."
6987,Prashant Kumar Rai; Guvvala Harikishan Reddy; Vaidurya Pratap Sahi,2024,"Standardization of pre-sowing seed treatment with electric, magnetic, rhizobium and panchagavya on growth, yield and yield parameters of Radish (Raphanus sativus L.) variety Taj F1",,high,"Field experiment was carried out at Sam Higginbottom University in Prayagraj, Uttar Pradesh, India, making an Indian location the primary study site and focus."
7005,"Devi, Meera; Sharma, Anurag; Shukla, Arti; Vikram, Amit",2025,A farmwoman practising sustainable farming system from Solan district of Himachal Pradesh,,high,"The paper is a case study of a named farmwoman in Solan district, Himachal Pradesh, making an Indian state and local population the central focus of the study."
7006,"Parthiban, J. J.; Anjugam, M.",2025,A study on Economic Analysis of Organic Coconut Cultivation in Coimbatore District,,high,"The study is an India-specific empirical analysis conducted in Coimbatore district, Tamil Nadu, using local farmers, Indian schemes (PGS and PKVY), and India-local data, so India is the primary focus."
7007,"Shweta; Rani, Sheetal; Rana, Akansha; Gandhi, Rahul; Kumar, Vinod",2025,Ancient natural farming: Way forward to sustainability in modern agricultural practices,,high,"The abstract centers on Indian traditional farming concepts (Rishi Kheti/Zero Budget Natural Farming and panchagavya), so Indian practices are a primary focus of the paper rather than a passing mention."
7022,"Samaddar, A.; Krishnan, S.; Malaiappan, S.; Borah, G.; Panemangalore, A.P.; Kumar, G.",2025,"Ecological and Socioeconomic Characterization of Integrated Rice-Fish Farming Systems under Natural Farming in West Godavari, Andhra Pradesh, India",,high,"The study explicitly focuses on West Godavari district in Andhra Pradesh and evaluates an India-specific program (APCNF) and local rice–fish systems and species, making India the central context."
7023,"Mundu, Sneha; Bhagat, Deepak; Venkannanavara, Murulidhar; Mohan, Golli; Sangma, Gino A",2025,"Economic Analysis of Jhum Farming System of West Garo Hills, Meghalaya",,high,"The study investigates Jhum farming in specific villages of West Garo Hills, Meghalaya (India), using India-specific data (villages, rupee costs, district/block-level results), so India is the central study context."
7027,ALISHA  SHARMA; ANKITA  MOHAPATRA; R P  SHARMA; N K  SANKHYAN; HARI MOHAN  MEENA,2025,"Effect of farmyard manure, fertilizers and lime on quality parameters, nutrient uptake and productivity of maize (Zea mays) inacidic condition of north-western Himalayas",,high,"The study was carried out at a research farm in Palampur, Himachal Pradesh (north‑western Himalayas) and focuses on maize productivity and soil management in that specific Indian state, so India is the primary study site."
7026,Arvind Kumar,2025,"Effect of different sources of farm yard manure, Jeevamrutha and panchgavya on growth and yield of French bean (Phaseolus vulgaris L) var. Paulista",,high,"The study was conducted at AISECT University, Hazaribag, Jharkhand and examines Indian organic inputs (Jeevamrutha, Panchgavya, FYM), so India is the primary study site and policy/practice context."
7014,"Kumar Mishra, Ajay; Kumar Maurya, Piyush; Sheetal, Sharma",2025,Comprehensive analysis of natural farming practices across India: A systematic review,,high,"The paper explicitly focuses on natural farming across India, including India-specific practices, regional case studies (Andhra Pradesh, Sikkim), and Indian policy and community contexts, making India the central focus."
7035,"Nandhini, M; Manivannan, M I; Premalakshmi, V; Theradimani, M; Srinivasan, S; Sabarinathan, K G; Kennady, N R",2025,"Effects of biostimulants on growth, yield, and quality of chili intercropped with palmyrah",,high,"The study is a field experiment conducted in Thoothukudi district, Tamil Nadu (India) and focuses on intercropping and crop management in that Indian dryland context, so India is the primary study site and focus."
7033,"Kumar, Gopal; Parmar, Shipra Singh; Pandey, Divya; Kumar, Pushpendra; Reddy, Ranjith; Kumar, Satish",2025,Effectiveness of Natural Farming Inputs on Agronomic Performance of French Bean,,high,"The study is an on-site agronomic field experiment conducted at ITM University in Gwalior using Indian natural farming inputs and practices, so India is the primary study site and focus."
7036,"Berger, Iris",2025,Efficacy of agroecological approaches to ameliorate trade-offs between food production and biodiversity conservation,,high,"The thesis is centered on field studies and policy analysis in Andhra Pradesh, South India, evaluating the India-specific Zero Budget Natural Farming programme and landscape interventions using India-based surveys and stakeholder workshops."
7041,Soumik Samanta; Sujit Kumar Bhunia; Kaushik Maity; Manish Kumar Naskar; Nilanjan Biswas; Suman Dutta; Apurba Bandyopadhyay; Narayan Chattopadhyay; Dipak Kumar Ghosh; Sumanta Das,2025,Evaluating the efficacy of different organic amendments on crop performance and nutrient uptake in black cumin (Nigella sativa L.),,high,"The study explicitly investigates organic amendments for black cumin cultivation in India’s Eastern zone, uses field experiments and results tied to eastern Indian agroecosystems, and offers recommendations targeted to Indian farming contexts."
7045,lndrajit Barman; A. K. Ray; H.P. Maheswarappa,2025,Feasibility of biomass recycling of arecanut based cropping system through vermicompost technology in the farmers’ garden: A participatory assessment,,high,"The study focuses on arecanut plantation systems and vermicomposting under Indian conditions, cites Indian locations (Assam, Kasaragod) and an Indian research institute (CPCRI), so India is the primary context."
7037,"Aswal, Monika; Chugh, Dr. Priya; Sharma, Rashmi; Bhattacharya, Sayantika",2025,Enhancing Lentil Growth and Yield through Sustainable Foliar Applications,,high,"The experiment uses India-specific context and inputs (Rabi season, Pant Lentil-09 variety, and traditional Indian organic treatments like Panchagavya, Jeevamrutha, cow urine), indicating the study was conducted within and focused on Indian agriculture."
7047,"Behl, Punam",2025,"How agroecology can empower women farmers: a study 
of a transition to natural farming in Himachal Pradesh, 
India",,high,"The study is an India-specific case study centered on the Himachal Pradesh state initiative, using primary data from villages and farmers in that region, so India is the central study site and context."
7057,"Bordoloi, L. J.; C. S., Karibasappa; Kumar, Sunil; Mohanty, A. K.; Kalita, H.",2025,Inspiring journey of a farm woman in natural farming,,high,"The case study focuses on a specific Indian village and district (Tsongpong, Kiphire, Nagaland) and describes an Indian farmer’s adoption of natural farming with local KVK support, making India the central context."
7066,Dr Rajeshwar Singh Chandel,2025,Natural Farming for Sustainable and Transforming Agriculture,,high,"The abstract explicitly discusses post–Green Revolution impacts and challenges on Indian farms and refers to ‘resource poor Indian farms’, indicating India is the primary context and focus of the paper."
7056,S S  WALIA; A S  SIDHU; C S  AULAKH; NARINDER  KUMAR,2025,"Insights from organic farmers in Punjab: A survey on practices, challenges and market access",,high,"The paper reports a survey and analysis of organic farmers in multiple districts of Punjab, conducted by Indian agricultural institutions, making an Indian state the primary study site and focus."
7074,Anjali Kumari Jha; Prince Kumar; J. C. Jana; R. Chatterjee; R. K. Sarkar,2025,Performance of Chilli Varieties under Diverse Nutrient Management of Different Farming Systems,,high,"The study is an on-farm experiment conducted at a specific Indian university farm in Coochbehar, West Bengal, making India the primary study site and context."
7068,Alok Kumar Behera; C. P. Chandrashekara,2025,"Nutritional Status of Plant, Grain and Soil in Nutrient Management of Irrigated Wheat Under Natural Farming System",,medium,"The study evaluates Zero Budget Natural Farming inputs (Jeevamrutha, cow urine) and compares them to the recommended package of practices—terms and practices specific to the Indian agricultural context—so India is likely the central focus despite the abstract not naming the country explicitly."
7078,"Sangma, Christy B. K.; Biswakarma, Niraj; Nongtdu, Deimonlang; Makdoh, Badapmain; Hazarika, Samarendra; Mishra, V. K.",2025,Production techniques in natural farming,,high,"The experiments and case studies were conducted at the ICAR Research Complex for the North Eastern Hill (NEH) region in Umiam and evaluate natural farming practices in the Indian hill region, making India the primary study site and context."
7084,"AMLANI, M.H.; PRAJAPATI, V.M.; TANDEL, M.B.; PATEL, D.P.; BEHERA, L.K.; GARDE, Y. A.; SHRIVASTAVA, P.K.",2025,Soil physico-chemical properties as influenced by the integrated nutrient management under sapota (Manilkara zapota L.P. Royen) based agroforestry system,,high,"The study uses India-specific cropping seasons (Late Rabi/Late Kharif), practices (Neem-coated urea, Natural Farming) and a field trial context indicating the research is centered on Indian agroforestry systems."
7087,"Sharma, Anurag; Devi, Meera; Shukla, Arti; Vikram, Amit",2025,Success story of a natural farmer from Solan district of Himachal Pradesh,,high,"The paper is a case study focused on a specific farmer in Solan district, Himachal Pradesh, making an Indian district/state the primary study site and central focus."
7092,"Chowdhury, Eshan; Parveen, Gulafsha; Thapliyal, Ashish; Uniyal, Virendra Prasad",2025,"Traditional agriculture practices in Garhwal Himalaya, Uttarakhand: An overview",,high,"The paper specifically studies traditional agricultural systems, practices, pest management, climate impacts, and Indian government schemes in the Garhwal Himalaya region of Uttarakhand, India, making India the central focus."
7095,"Walker, Grady; Osbahr, Henny; Duddigan, Sarah; George, Jayna; Ponnolu, Sravanthi; Anisetti, Himabindu; Collins, Chris; Hussain, Zakir",2025,“It feels like we’re doing something good.”  Mapping farmer perceptions of Zero Budget Natural Farming onto crop yields in Andhra Pradesh,,high,"The paper studies Zero Budget Natural Farming adoption and crop yields in two specific districts of Andhra Pradesh, India, making India (and an Indian state) the primary study site and population."
7097,ARPULA  SAIRAM; KHAJANCHI  LAL; SUSAMA  SUDISHRI; MANOJ  KHANNA; P S  BRAHMANAND; YASHBIR SINGH  SHIVAY; GERARD  ABRAHAM; VED PRAKASH  MEENA,2026,Economic analysis of surface and sub-surface drip fertigated maize (Zea mays)–wheat (Triticum aestivum) system under different nutrient management practices and irrigation schedules,,high,"The research was conducted at the Indian Agricultural Research Institute in New Delhi and evaluates maize–wheat cropping, irrigation schedules, and nutrient management within the Indian kharif/rabi context, making India the primary study site and focus."
7100,Devarsh Panchal; Kartik Gajjar; Mahendra Chaudhary; Doongar Chaudhary; C. K. Patel; Nitin Shukla; Ishan Raval; Snehal Bagatharia; Chaitanya Joshi; Amrutlal Patel; Darshan Dharajiya,2026,Microbial and Metabolite Profiling Reveal the Composition of <i>Beejamrit</i>: A Bioformulation for Seed Treatment in Sustainable Agriculture,,high,"The paper explicitly studies Beejamrit, a bioformulation used in Indian natural farming and frames the research in the context of Indian sustainable agriculture, making India the central policy/practice context and subject of the study."
7098,"Kumar, Ravindra; Kumar, Arvind; Ravi Ranjan; Chand, Dinesh",2026,"Effect of Feeding Berseem Fodder Grown Using Natural Farming Practices on Growth, Serum Metabolites, Interleukins and Semen Qualities in Barbari Goats",,medium,"The study uses Barbari goats (an Indian breed) and India-specific feeds (berseem, Bengal gram straw), indicating the research is focused on an Indian livestock/agricultural context even though the country is not explicitly stated."
7102,RAJENDER  KUMAR; MANISHA  THAKUR; VAJINDER  PAL,2026,Productivity and profit enhancement through turmeric (Curcuma longa)intercropped with okra (Abelmoschus esculentus) in Punjab,,high,"The study is an experimental field trial conducted at Punjab Agricultural University in Ludhiana, Punjab, using Indian sites and farmers as the population, making India (Punjab) the central focus."
7110,"Priyanka 	Kumari, Agricultural Research Communication Centre, Naveen 	Kumar, Priyanka 	Kumari",,"Assessment of organic, inorganic, integrated nutrient management and Subhash Palekar's
                     natural farming practices in fodder oat and sarson mixture.",,high,"The paper evaluates Subhash Palekar's natural farming (an Indian ZBNF approach) and uses sarson (Indian mustard) in fodder mixtures, indicating an India-specific agricultural practice and likely India-based trials, so India is the central focus."
7111,"J. R. 	Shalini, Dr R.S. Yadav, G. 	Selvarani, J. R. 	Shalini",,"Barriers faced by Paramparagath Krishi Vikas Yojana (PKVY) beneficiaries and their
                     proposed suggestions.",,high,"The paper focuses on beneficiaries of the Paramparagat Krishi Vikas Yojana (PKVY), which is an Indian agricultural program, so India is the primary study context."
7121,"Sarfaraj, Dr R.S. Yadav, V. K. 	Tripathi, Sarfaraj",,"Effect of bio-enhancers and bio-fertilizers on the economic parameters of different
                     treatments of aonla (Emblica officinalis Gaertn.) cv. NA-7.",,high,"The paper studies aonla (cultivar NA-7), an Indian horticultural cultivar, and evaluates bio-fertilizer/bio-enhancer treatments typical of India-focused agricultural research, so India is the primary context."
7137,"Hima Bindu 	Anisetti, Action for Sustainable, Efficacious Development and Awareness (ASEA), Gubba 	Naveen, Hima Bindu 	Anisetti",,"Impact of bio-formulation Jeevamrutham (Ghana and Drava) on growth and yield of paddy
                     prepared from different animals breeds.",,medium,"The paper studies Jeevamrutham, a traditional Indian bio-formulation used in Zero Budget Natural Farming, which strongly indicates an India-focused agricultural study although the title/metadata do not explicitly state the study location."
7135,"Rahemanali M. 	Surpura, Agricultural Research Communication Centre, Aditya P. 	Rathore, Rahemanali M. 	Surpura",,"Harnessing microbial properties of natural farming components for soil and crop health
                     improvement: a review.",,medium,"The title and the linked search strongly indicate the review focuses on natural/zero-budget natural farming components (jeevamruth, panchagavya, ZBNF/Subhash Palekar) that are primarily Indian practices, but the abstract/full text is not provided so exact India centrality is uncertain."
7143,"International Phytosanitary Research & Services, Insect Environment",,"Influence of panchagavya foliar nutrition on silk protein synthesis in multivoltine
                     silkworms (Bombyx mori Linn.).",,medium,"The paper studies panchagavya, a distinctly Indian traditional agricultural input, applied to multivoltine silkworms common in Indian sericulture, indicating an India-centered context though the abstract does not explicitly name a location."
7142,"Harmandeep 	Kaur, Association of Soils and Crops Research Scientists, Kamalesh 	Kumar, Harmandeep 	Kaur",,Influence of organic nutrients on growth and yield of basil (Ocimum tenuiflorum L.) under irrigated conditions of Punjab.,,high,"The study explicitly focuses on Punjab (a specific Indian state) as the site for experiments on basil growth and yield, making India the central geographical context."
7148,"Devarsh 	Panchal, MDPI AG, Kartik 	Gajjar, Devarsh 	Panchal",,Microbial and metabolite profiling reveal the composition of Beejamrit: a bioformulation for seed treatment in sustainable agriculture.,,high,"The paper analyzes Beejamrit, a traditional Indian bioformulation used in Indian natural/zero‑budget farming practices, so the study centers on an India‑specific agricultural product and practice."
7151,"Diksha 	Nautiyal, Action for Sustainable, Efficacious Development and Awareness (ASEA), Priyanka 	Bankoti, Diksha 	Nautiyal",,"Optimizing organic seed priming and nutrient management for enhanced growth of barnyard
                     millet in irrigated conditions of Dehradun, Uttarakhand.",,high,"The paper examines agronomic practices for barnyard millet specifically in Dehradun, Uttarakhand, so an Indian state/locality is the primary study site and focus."
7149,Agricultural Research Communication Centre,,"Microbial dynamics and shelf-life assessment of indigenous organic preparations Bejamrutham,
                     Jevamrutham and Panchagavya for sustainable agriculture.",,high,The paper specifically studies Beejamrutham/Jeevamrutham and Panchagavya—indigenous organic preparations that are specific to Indian natural/zero‑budget farming—so India (and Indian agricultural practice) is the central context.
7156,"MKK Publication, Environment and Ecology",,"Pre sowing seed treatments of panchagavya, jeevamruth, and leaf extract of neem on
                     growth, yield and yield attributing traits of okra (Abelmoschus esculentus L.) Phule Utkarsha.",,high,"The study focuses on Indian traditional inputs (panchagavya, jeevamruth) and an Indian cultivar name (Phule Utkarsha), indicating the research is conducted in and centered on the Indian agricultural context."
7163,"Eshan 	Chowdhury, Action for Sustainable, Efficacious Development and Awareness (ASEA), Gulafsha 	Parveen, Eshan 	Chowdhury",,"Traditional agriculture practices in Garhwal Himalaya, Uttarakhand: an overview.",,high,"The paper explicitly examines traditional agricultural practices in the Garhwal Himalaya, Uttarakhand, making a specific Indian region the central focus of the study."
7185,"Pandey, Samyak",2019,Modi govt supports Zero Budget Natural Farming but doesn't have enough budget to promote it,,high,"The title and abstract center on the Modi government and national budget allocations for Zero Budget Natural Farming, making India the primary policy context and focus of the piece."
7183,"Sutti, Shrine; chollangi, Uma; Radha, Dr.Y; rao, v; yedukondalu, L",2019,"An economic analysis of energy use in zbnf, conventional farming and organic farming in rice production in Visakhapatnam district of Andhra Pradesh",,high,"The study is an empirical economic analysis of rice production methods conducted in Visakhapatnam district of Andhra Pradesh, making a specific Indian district the primary focus."
7182,,2018,Zero Budget Natural Farming for the Sustainable Development Goals,,high,"The study specifically examines Zero Budget Natural Farming in Andhra Pradesh, India, making India (and an Indian state) the primary study site and policy context."
7165,"Anand B. 	Mastiholi, Agricultural Research Communication Centre, B. R. 	Sathish, Anand B. 	Mastiholi",,"Yield, economics and quality of guava as influenced by varied levels and frequency
                     of application of jeevamrutha.",,high,"The study investigates effects of jeevamrutha—a distinctly Indian natural‑farming input/practice—on guava, indicating an India‑centered agricultural context and dataset, so India is a central focus."
7184,Andhra Pradesh Community Managed Natural Farming,2019,Climate Resilient Zero Budget Natural Farming in Andhra Pradesh Sub titles,,high,"The title and abstract explicitly focus on Zero Budget Natural Farming in Andhra Pradesh, an Indian state, indicating India is the primary study site and policy context."
7170,"Bhati, Akshaya; Bishnoi, Ruchi",2017,An Overview : Zero Budget Natural Farming,,medium,"The paper focuses on Zero Budget Natural Farming and cites Subhash Palekar, the Indian originator of the approach, indicating the study is about an India-specific agricultural practice even though the abstract does not explicitly name India."
7186,"Kumar, Ranjit; Kumar, Sanjiv; Yashavanth, B. S.; Meena, P. C.",2019,Natural Farming Practices in India: Its Adoption and Impact on Crop Yield and Farmers' Income,,high,"The paper is an empirical study conducted in Indian states (Karnataka and Andhra Pradesh) using farmer-level data on natural farming, so India is the primary study context."
7190,"Bailey, Sarah",2019,Zero Budget Natural Farming in India: Perspectives from the field,,high,"The work explicitly focuses on Zero-Budget Natural Farming scaling in Andhra Pradesh, South India, making India (and an Indian state) the primary study site and case for the research."
7188,"Ramakumar, R.; Arjun, S.V.",2019,Stirring up the truth about Zero Budget Natural Farming,,medium,"The paper critiques Zero Budget Natural Farming, a farming approach originating and widely debated in India, and discusses its inclusion in agricultural policy, indicating India (and its policy context) is the central focus."
7193,"Reddy, B.; Reddy, V.; Mandala, Srinivasa",2019,“Potential and Constraints of Zero Budgeted Natural Farming (ZBNF): A Study of Andhra Pradesh”,,high,"The study is explicitly focused on Zero Budget Natural Farming in Andhra Pradesh, India, with field visits, interviews, and case studies across 11 districts, making India (an Indian state) the central study context."
7197,apcnf,2020,Can Zero Budget Natural Farming Save Input Costs and Fertilizer Subsidies? Evidence from Andhra Pradesh – Andhra Pradesh Community Managed Natural Farming,,high,"The paper explicitly focuses on Andhra Pradesh Community Managed Natural Farming, making an Indian state and its program the primary study context and population of interest."
7192,"Shyam, D. M.; Dixit, Sreenath; Nune, Rajesh; Gajanan, S.; Chander, Girish",2019,Zero budget natural farming - an empirical analysis.,,high,The paper centers on Zero Budget Natural Farming within the Indian policy context (citing India's Finance Minister) and thus treats India as the primary case/population for the empirical analysis.
7191,"Kumar, Sunil",2019,Zero Budget Natural Farming-ZBNF-Securing Smallholder Farming From Distress,,high,"The paper centers on Zero Budget Natural Farming (ZBNF), an India-originated, India-focused approach aimed at securing small and marginal farmers, so India is the primary context."
7195,"Mohanapure, Pallavi; Chavhan, Meghraj",2020,Augmentation of Zero Budget Natural Farming For Sustainable Agriculture,,high,"The paper explicitly discusses Zero Budget Natural Farming as a solution for Indian agriculture and frames its analysis and recommendations within the context of Indian farming practices and sustainability, making India the primary focus."
7194,"Bhardwaj, Shweta; Gupta, Rajender",2020,Abstract ID-ZBNF/W-1/2020/022 ZERO BUDGET NATURAL FARMING AND ITS MAIN COMPONENT,,medium,"The paper focuses on Zero Budget Natural Farming (ZBNF), a farming approach that originated and is primarily practiced as a named programme in India, so the topic is India-specific even though the abstract does not explicitly state an Indian location."
7198,"Vijayakumar, Shanmugam; Rajendran, Gobinath; Sivashankari, M; Aravindan, S; Nayak, A.K.",2020,Can zero budget natural farming double the farmers income?,,high,"The paper explicitly examines Zero Budget Natural Farming within the Indian context, referencing specific Indian states (Karnataka, Andhra Pradesh, Kerala) and discussing policy, research and income impacts for Indian farmers."
7204,"Rajamani, Asokan",2020,Studies in Indian Place Names Environmental Sustainability Through Zero Budget Natural Farming,,high,"The abstract focuses on Zero Budget Natural Farming within India, referencing its spread across Indian states and origins and impacts in Karnataka, making India the primary geographic and policy context of the study."
7203,"Rani, Shilpa",2020,"Rising Benefits, Issues and Challenges of Zero Budget Natural Farming (ZBNF)",,high,"The paper centers on Zero Budget Natural Farming in the Indian context, cites Indian government programs and rupee allocations, and discusses marketing and policy issues affecting Indian farmers, making India the primary focus."
7208,"Kumhar, Bheru; Meena, P.K.P.; Meena, Harphool; baldodiya, vijay",2020,Zero Budget Natural Farming (ZBNF) is a way forward to Sustainable Agricultural Productivity and Environment Management,,high,"The paper explicitly frames Zero Budget Natural Farming as a response to Indian Green Revolution impacts, discusses Indian agrarian crises (including farmer suicides) and cites Subhash Palekar, making India the central context."
7207,"Ray, Avik",2020,ZBNF - a bullet no way near the bull’s eye?,,high,"The paper centrally examines Zero Budget Natural Farming, a movement led by Indian practitioner Subhash Palekar and implemented/promoted by Indian governments and organizations, so India is the primary study context."
7223,"Rose, Sabrina; Halstead, Jeremy; Griffin, Timothy",2021,"Zero Budget Natural Farming in Andhra Pradesh: A Review of Evidence, Gaps, and Future Considerations",,high,"The paper specifically examines Zero Budget Natural Farming in Andhra Pradesh and evaluates a state government program in India, making India the central study context."
7220,AFSAfrica,2021,Vijay Kumar on the crucial role of women's groups in scaling up Agroecology.,,high,"The piece centers on India’s Community Managed Natural Farming (CMNF) and Vijay Kumar’s mobilisation of over a million farmers through thousands of women’s self‑help groups, with other regions only offering reflections."
7224,"Kumar, Manish; Sunaratiya, Aakash",2021,Zero Budget Natural Farming: The Return to Nature,,high,"The abstract centers on Zero Budget Natural Farming practiced at scale in India and specifically discusses Andhra Pradesh’s statewide programme and policy to roll out ZBNF to its farmers, making India the primary study context."
7214,"Jayakumar, A.; C Meiyalagan, Ezhilvani",2021,Organic Certification And Marketing -An Inquiry On PGS India,,high,"The paper explicitly examines India's organic certification and marketing systems—PGS India, the PKVY national scheme, and the Jaivik-kheti portal—making India the primary context and focus."
7222,"Elisetty, Sai Madhav; Upadhyay, Hina; Sai, Vullaganti; Gowthami, Surya",2021,Zero Budget Natural Farming -A step towards Sustainable Agriculture: A Review,,high,"The review explicitly examines Zero Budget Natural Farming as practiced and promoted in India, refers to Indian post–Green Revolution context and an Indian proponent (Subhash Palekar), so India is the central focus."
7225,"Lone, Bilal; Sharma, Sushma; Fayaz, Asma; Dar, Ahmad; Nazir, Dr; Aabidi, Ishfaq; Mushtaq, N.; Kumar, Sandeep",2021,under a Creative Commons Attribution 4.0 Interna tional (CC BY 4.0) license. Zero Budget Natural Farming With Reference to Punjab Conditions A Review,,high,"The paper explicitly reviews Zero Budget Natural Farming with reference to Punjab conditions and discusses Indian population, practices, and an Indian proponent (Subhash Palekar), so India (Punjab) is the central focus."
7227,"Meena, Naveen; Midde, Jayasree; Yadav, Rakesh; Thomas, Tarence; Hasan, Amreen",2022,Agri Articles (e-Magazine for Agricultural Articles) Zero Budget Natural Farming-Going back to the Roots of Natural Farming,,high,"The abstract explicitly discusses Zero Budget Natural Farming as a grassroots movement that originated in and has spread across India, with specific focus on Karnataka and Indian farmer adoption, making India the primary study context."
7235,"Paliath, Shreehari",2022,How Women Farmers Are Helping Transition To Natural Farming In Andhra Pradesh - Centre for Sustainable Agriculture,,high,"The paper specifically focuses on Andhra Pradesh (an Indian state) and examines women farmers and the state's natural farming programme, making India the central study context."
7228,"Verma, Himanshu; Juyal, Priyanka; Bhatt, Manoj; Dey, Prithwiraj",2022,Agriculture Letters Agriculture Letters,,high,"The paper is focused on Zero Budget Natural Farming (Subash Palekar natural farming), an agricultural practice introduced and framed in India, indicating the Indian context and practices are the central subject."
7229,,2022,Andhra Pradesh Community-managed Natural Farming programme,,high,"The paper focuses on the Andhra Pradesh Community-managed Natural Farming programme and farmer training in India, making an Indian state and Indian farmers the primary study context."
7226,"Gamoh, Minam; Sharma, Himanshu; Chakraborty, Mandakranta",2022,21. Determinants of Adoption for Natural Farming,,high,"The abstract centers on Zero Budget Natural Farming (ZBNF) introduced by Subhash Palekar and discusses the Green Revolution, farmer indebtedness and suicides in the Indian context, indicating India is the primary focus."
7249,"Didawat, R K; Kumar, Sandeep; Kumar, Praveen; Shankar, Kripa; Gangwar, Kritagya; Singh, Sachin",2022,The Benefits and Features of Zero Budget Natural Farming,,high,"The paper centers on Zero Budget Natural Farming grounded in traditional Indian practices, cites Indian studies and NSSO data, and discusses national policy goals (e.g., doubling farmers' income by 2022), so India is the primary context."
7236,"Saharan, Baljeet; Om, Hari",2022,"Impact of Natural Farming on soil health, microbial dynamics and crop productivity under north-western conditions of India Corresponding author: 2*",,high,"The research is an empirical study conducted on a farm in Haryana with analyses by Indian agricultural institutions and focuses on Indian natural farming practices, soils, and cropping systems, so India is the central focus."
7241,NITI Aayog,2022,National Workshop on Innovative Agriculture,,high,"The document is an agenda for a national Indian workshop led by NITI Aayog with Indian ministers, state chief ministers, and sessions explicitly about scaling natural farming and policies across Indian states, so India is the primary focus."
7254,"Hookway, Demelza",2022,Zero Budget Natural Farming: a low-cost farming system that could achieve similar yields to organic and conventional techniques,,high,"The study specifically examines Zero Budget Natural Farming in Andhra Pradesh, India, including state policy promotion and local research collaboration, making India the primary study context."
7243,,2022,"No Data To Justify, Is Zero Budget Natural Farming A Flawed Concept?",,medium,"The paper critiques Zero Budget Natural Farming, a concept/policy originating and primarily implemented in India, so the paper likely focuses on the Indian agricultural context even though the abstract does not explicitly name India."
7263,"Verma, Aparna; Verma, Sandeep Kumar",2023,Impact of Zero Budget Natural Farming (ZBNF) on Small and Marginal Farmers,,high,"The paper explicitly frames the problem around India's Green Revolution and discusses Zero Budget Natural Farming as a low-input approach for small and marginal farmers in the Indian agricultural context, indicating India is the central focus."
7256,,2023,About 1.5 lakh farmers practising natural farming in Himachal to be certified under PK3Y in FY24,,high,"The title and abstract specifically discuss natural farming certification and a government programme in Himachal Pradesh, an Indian state, making India the central study context."
7267,"Sandhu, Harpinder; Sukhdev, Pavan; Sharma, Kavita; Obst, Carl; Pretty, Jules; Bharucha, Zareen",2023,Natural Farming through a Wide Angle Lens,,high,"The study explicitly examines and compares natural farming impacts in Andhra Pradesh, India, making an Indian state the primary study site and focus."
7269,"Desk, Outlook Planet",2023,Natural farming in Andhra produced more crop yield,,high,"The study explicitly focuses on Andhra Pradesh (an Indian state) and evaluates Zero Budget Natural Farming outcomes there, so India is the central study context."
7270,Down To Earth,2023,"Natural farming in Andhra yielded more produce than chemical methods, shows study",,high,"The study is explicitly about Andhra Pradesh’s Zero Budget Natural Farming programme with field experiments across multiple districts and India-specific policy and crop context, so India is the central focus."
7275,"Negi, Hemendra",2023,ZBNF AROH Varanasi,,high,"The title names Varanasi (an Indian district) and discusses implementation of Zero Budget Natural Farming there, indicating the study is centered on an Indian location and context."
7287,"Samaddar, A.; Sikka, A.",2024,"Agroecological Co-Design Knowledge Exchange in Andhra Pradesh, India completed",,high,"The study explicitly focuses on Andhra Pradesh, India (APCNF representatives and local integrated farming systems), making an Indian state the primary study site and population of interest."
7277,"Kumar, Rajneesh; Kumari, Smita; Chouhan, Shambhu; L Chaudhary, Pravin",2023,Zero-Budget Natural Farming,,high,"The abstract repeatedly frames the problem and solution in the Indian context (fertilizer use since the Green Revolution, impacts on Indian farmers, and adoption/scale-up of Zero Budget Natural Farming in India), so India is the primary study context and population."
7276,"Sharma, Neha",2023,Zero Budget Natural Farming: A New Perspective in Sustainability,,high,"The paper explicitly discusses Zero Budget Natural Farming in the Indian context—referencing Subhash Palekar, Indian smallholder farming, and historical shifts in India’s agriculture—so India is the primary focus."
7286,"Daifa, Osama Mohammed Salih Bashir; Tolossa, Dawit Negussie; Panchal, Dr Nilam; Jangir, Mr Sudhanshu",2024,Advancing Natural Farming - A Systematical Literature Review of Natural Farming Practices in India,,high,"The paper is explicitly a systematic literature review of Zero Budget Natural Farming in India, analyzing impacts on Indian farmers, soils, and policy, making India the primary study context."
7289,,2024,Andhra Pradesh Community Managed Natural Farming | APCNF,,high,"The title indicates the study focuses on Andhra Pradesh's Community Managed Natural Farming programme, making an Indian state the primary study site and central focus."
7303,"Bureau, The Hindu",2024,Research paper warns against nationwide switch to natural farming without proper studies,,high,"The paper critiques a nationwide policy led by Indian institutions (NABARD and ICRIER) on natural farming, indicating India is the primary policy context and focus."
7307,"Gulati, Ashok; Das, Sandip; Khurana, Mahima",2024,"Zero Budget Natural Farming: Implications for Sustainability, Profitability, and Food Security",,high,"The paper explicitly analyzes Zero Budget Natural Farming in the Indian policy and agricultural context, discusses national-level scaling and Indian government initiatives, and uses field visits and farmer discussions within India as primary data sources."
7316,"Deshpande, Dr Prashant Prabhakar",2025,Modi government’s Initiative to promote Natural farming,,high,"The paper centers on an Indian national policy initiative (Modi government's National Mission on Natural Farming), with India’s central government and national programme as the primary focus."
7339,,,(PDF) Impact Assessment of...1 2019 Impact Assessment of Zero Budget Natural Farming in Andhra Pradesh – Rabi 2018-19 A comprehensive Approach using Crop Cutting Experiments S. Galab P,,high,"The study explicitly assesses Zero Budget Natural Farming in Andhra Pradesh, an Indian state, making India the primary study site and policy context."
7326,"Patel, Neelam; Meena, Shivcharan; Batana, Anuradha",2026,India’s Leadership in Natural Farming Research: A Bibliometric Analysis,,high,"The paper explicitly centers on India’s role and leadership in natural farming research (including discussion of the Indian government and India-specific research trends), so India is the primary focus of the study."
7344,,,APCNF@COP28 – Andhra Pradesh Community Managed Natural Farming,,high,"The paper explicitly focuses on Andhra Pradesh Community Managed Natural Farming, making an Indian state (Andhra Pradesh) the primary case and study context."
7341,"Parthiban, J. J.; Anjugam, M.",,A study on Economic Analysis of Organic Coconut Cultivation in Coimbatore District,,high,"The study explicitly examines organic coconut cultivation in Coimbatore District, Tamil Nadu using primary data from local farmers and India-specific certification and subsidy schemes, so India is the central focus."
7345,apcnf,,Agroecology and Sustainable Smallholder Agriculture – Andhra Pradesh Community Managed Natural Farming,,high,"The paper explicitly focuses on Andhra Pradesh Community Managed Natural Farming, a program in the Indian state of Andhra Pradesh, making India the primary geographic and policy context."
7350,,,Farmers in India Are Hit Hard by Extreme Weather. Some Say Expanding Natural Farming Is the Answer,,high,"The title and abstract focus on India, specifically Andhra Pradesh, discussing natural farming policies and impacts on Indian farmers, so India (and an Indian state) is the central case study."
7354,,,Launch of National Mission on Natural Farming,,high,"The title and source indicate it is about India’s national policy initiative (National Mission on Natural Farming) and is hosted on the Prime Minister of India website, so India is the central focus."
7348,Sravan,,Assessing the Impact of APCNF – Second Interim Report of 2021-22 – Kharif Season – Andhra Pradesh Community Managed Natural Farming,,high,"The report is explicitly about the Andhra Pradesh Community Managed Natural Farming program and assesses impacts in the Kharif season, making a specific Indian state and its agricultural policy the central focus."
7352,,,India – Zero Budget Natural Farming,,high,"The title and abstract explicitly focus on India’s Zero Budget Natural Farming as the subject and present India-specific narratives and practices, making India the central focus."
7353,,,Indian states step up natural farming adoption,,high,"The title and abstract explicitly focus on the spread of natural farming across specific Indian states (Karnataka, Tamil Nadu, Maharashtra), making India the central context of the paper."
7358,apcnf,,Reversing desertification through a Climate Resilient Exemplar Landscape (CREL) in Andhra Pradesh – Andhra Pradesh Community Managed Natural Farming,,high,"The title and abstract explicitly focus on Andhra Pradesh and its Community Managed Natural Farming programme, making an Indian state the primary study site and policy context."
7359,,,The natural farming model of Andhra Pradesh: A solution for sustainable agriculture in India,,high,"The paper explicitly focuses on Andhra Pradesh, a specific Indian state, and addresses natural farming and sustainable agriculture in the Indian context, making India the central study site and policy context."
7355,apcnf,,Life Cycle Assessment of ZBNF and Non-ZBNF – A Preliminary Study in Andhra Pradesh – Andhra Pradesh Community Managed Natural Farming,,high,"The study explicitly examines ZBNF versus non-ZBNF in Andhra Pradesh, making an Indian state the primary study site and policy/context focus."
7357,,,Natural farming for whom? Environmental justice and state-led chemical-free farming promotion in India,,high,"The paper explicitly examines India's National Mission on Natural Farming and state-led promotion of chemical-free agriculture, making India the central policy and empirical focus."
