Corpus ID,Authors,Year,Title,DOI,Database,India_confidence,India_reason,NF_confidence,NF_reason,Social_confidence,Social_reason
33,"Dass A., Lenka N.K., Patnaik U.S., Sudhishri S.",2008,"Integrated nutrient management for production, economics, and soil improvement in winter vegetables",10.1080/19315260801934266,Scopus,high,"The study is an on-farm experimental evaluation conducted in Koraput, Orissa (India) and analyzes crop productivity, soil, and economics in that specific Indian region, making India the central focus.",high,"Evaluates integrated nutrient management that uses vermicompost, cow manure and microbial inoculants to reduce synthetic fertilizer use and improve soil health and yields in vegetable production, a sustainable/low-external-input approach.",high,"The paper includes on-farm economic analysis (net economic return/income effects) of nutrient management treatments, so it substantively addresses the livelihoods/income social dimension of farming."
61,"Duboc O., Zehetner F., Gerzabek M.H.",2011,Recent developments of no-till and organic farming in India: Is a combination of these approaches viable?,10.1080/10440046.2011.586569,Scopus,high,"The paper explicitly analyzes no-till, organic, and natural farming developments and experiences in India, focusing on Indian-specific challenges, practices, and literature, so India is the central context.",high,"The paper explicitly examines alternative/sustainable approaches—no-till, organic farming and natural/‘Rishi’ farming—in India, evaluating their viability, productivity and environmental benefits.",high,"The paper addresses socio-economic adoption barriers and livelihood constraints (competing residue uses, poorer farmers’ financial risks, need for multifunctionality and recycling) rather than only biophysical outcomes, indicating substantive social dimensions."
80,Brown T.,2013,Agrarian crisis in Punjab and 'natural farming' as a response,10.1080/00856401.2013.776002,Scopus,high,"The paper’s primary case and empirical focus is the Indian state of Punjab and an India-based organization (Kheti Virasat Mission), making India the central context of the study.",high,"Focuses on Kheti Virasat Mission’s promotion and implementation of chemical-free, locally based ‘natural farming’ as an alternative/sustainable response to Green Revolution practices in Punjab.",high,"Analyzes a civil-society initiative promoting natural farming in Punjab and explicitly examines class, social-group capacities, political dynamics and implementation barriers, i.e. substantive social dimensions (class, civil society, political opportunity)."
89,Whitney Sanford A.,2013,"Gandhi's agrarian legacy: Practicing food, justice, and sustainability in India",10.1558/jsrnc.v7i1.65,Scopus,high,"The paper centrally studies an intentional community in Paunar, Maharashtra and frames agricultural practices and Gandhian agrarian ideas within the Indian social, religious, and geographic context, making India the primary focus.",high,"Examines an intentional community in India enacting Gandhian principles into non-violent, self-sufficient food-production and alternative agricultural practices, i.e., sustainable/alternative farming.",high,"The paper examines how Gandhian social values and religiously-inflected traditions shape community food production, collective practices, and alternative agrarian social arrangements, addressing cultural, community, and value-driven social dimensions of farming."
153,Brown T.,2016,Civil society organizations for sustainable agriculture: negotiating power relations for pro-poor development in India,10.1080/21683565.2016.1139648,Scopus,high,"The paper analyzes three case studies of civil society organizations promoting sustainable agriculture in India and focuses on Indian agrarian contexts, actors, and the rural poor, making India the primary study setting and policy context.",high,The paper explicitly examines civil society organizations that promote sustainable farming systems in India and discusses implementation and power relations affecting pro‑poor sustainable agriculture initiatives.,high,"The paper analyzes how civil society organizations negotiate power relations among state, donors, elites and the rural poor, and how those choices affect pro-poor outcomes and social inequalities in sustainable agriculture."
159,MacRae G.,2016,"Himalayan Agricultures, Ecologies and Local Food Sovereignties",10.1080/00664677.2016.1192989,Scopus,high,The paper centrally discusses Indian national policy (2013 Food Security Ordinance) and uses the Himalayan foothills in India as the primary case/region for examining agriculture and local food sovereignty.,high,"The paper focuses on Himalayan traditional agriculture and local food sovereignty as a model for rural development and critiques corporatized/neoliberal agriculture, indicating attention to non‑conventional, sustainable/indigenous farming approaches.",high,"The paper analyzes social dimensions such as food policy and security, rural livelihoods and agrarian distress (including farmer suicides), outmigration, local community food sovereignty, and cultural/ecological practices in Himalayan farming communities."
160,"Münster D., Poerting J.",2016,"Land as resource, soil and landscape: Materiality, relationality and new agrarian questions in political ecology [Land als Ressource, Boden und Landschaft: Materialität, Relationalität und neue Agrarfragen in der Politischen ökologie]",10.5194/gh-71-245-2016,Scopus,high,"The paper explicitly draws on the authors' anthropological research in South India as a primary case study (alongside Pakistan) to develop its arguments, so India is a central study site for the analysis.",high,"The paper explicitly engages with agroecology and the ontological politics of agro-ecological movements in South India, framing agriculture through alternative, relational and sustainable perspectives rather than conventional industrial approaches.",high,"The paper explicitly engages political ecology and anthropological research addressing agrarian change, capitalist transformations, agroecological movements and human–land relations in South India, which are substantive social dimensions rather than purely biophysical analysis."
166,Ignacimuthu S.,2016,The Contributions of South Asian Jesuits to Environmental Work,10.1163/22141332-00304005,Scopus,medium,"The paper explicitly examines Jesuit environmental work in South Asia, focusing on activities in India (alongside Sri Lanka), so India is one of the primary study sites and a central part of the analysis rather than only a brief mention.",high,"The abstract explicitly mentions promotion of biopesticides and biofertilizers for organic farming, along with conservation, reforestation, and biodiversity projects — all alternative/sustainable farming or agroecological-related activities.",medium,"Although primarily descriptive of Jesuit environmental work, the paper discusses community-level activities (eco-clubs, local centres), political advocacy and promotion of organic farming which implicate social/community structures and political participation rather than purely agronomic outcomes."
180,"Vicziany M., Plahe J.",2017,Extending traditional food knowledge into new marketing institutions for small farmers in India,10.1080/00856401.2017.1342183,Scopus,high,"The study focuses on Indian smallholder marketing and supply chains, centering on SAPCO and producer cooperatives in Telangana, Andhra Pradesh and Maharashtra, making India the primary study context.",high,"The paper examines smallholder cooperatives producing and marketing organic food and reviving traditional knowledge for organic farming, i.e., a clear alternative/sustainable farming focus.",high,"The paper analyzes smallholders organizing into producer co-operatives and new marketing institutions (supply chains, role of external agencies) and assesses impacts on farmers’ livelihoods, institutional arrangements and traditional-knowledge revival, i.e. community/social and socio-economic dimensions."
210,Brown T.,2018,"Farmers, Subalterns, and Activists: Social Politics of Sustainable Agriculture in India",10.1017/9781108590112,Scopus,high,"The work explicitly analyzes sustainable agriculture through case studies of organisations operating in rural India, making India the primary study site and focus.",high,"The book explicitly examines chemical-free and sustainable agriculture movements and organisations in rural India, focusing on alternative farming practices and their social-political implications.",high,"The work explicitly examines social and political dimensions of sustainable agriculture—power relations, organisations' ties to elites, farmers' economic autonomy and movement dynamics—through case studies in rural India."
216,Haigh M.J.,2018,International Development Projects of India's Hindu NGOs [Proyectos de desarrollo internacional de ONG hindúes de la India],10.1177/194277861801100306,Scopus,high,"The paper explicitly studies Hindu NGOs originating in India (their approaches and initiatives), so Indian organisations are the primary population of interest even though projects are located abroad.",high,"The paper examines Hindu NGOs promoting self-sufficient, low‑ecological‑footprint development (including ISKCON model farms and related sustainability initiatives), indicating an alternative/sustainable farming and agroecological orientation.",high,"The paper analyzes Hindu NGOs' agricultural/development projects and explicitly addresses social dimensions—cooperative enterprise, self-reliance, social justice, spiritual and cultural influences, and community-based models around model farms—so it substantively studies social aspects of farming."
221,Münster D.,2018,"Performing alternative agriculture: Critique and recuperation in Zero Budget Natural Farming, South India",10.2458/v25i1.22388,Scopus,high,"The study is based on fieldwork in the South Indian state of Kerala and focuses on the Indian Zero Budget Natural Farming movement and its founder Subhash Palekar, so India is the primary study site and context.",high,"Directly analyzes the Zero Budget Natural Farming/Subhash Palekar movement and its agroecological, natural-farming practices (e.g., fermentation, mulching, cow-based methods), so it clearly addresses non-conventional, sustainable farming in India.",high,"Ethnographic analysis of the ZBNF movement examines political and cultural dimensions (movement politics, critiques of state institutions, Hindu-nativist narratives) and smallholder practices, so it substantively studies social aspects of farming."
226,"Khadse A., Rosset P.M., Morales H., Ferguson B.G.",2018,"Taking agroecology to scale: the Zero Budget Natural Farming peasant movement in Karnataka, India",10.1080/03066150.2016.1276450,Scopus,high,"The paper is an India-specific case study of the Zero Budget Natural Farming peasant movement in Karnataka, making India (a specific Indian state and farming population) the central focus.",high,"The paper explicitly studies Zero Budget Natural Farming (ZBNF) and its scaling as a grassroots agroecological/alternative farming movement in Karnataka, addressing non‑conventional, low‑input sustainable agriculture.",high,"Analyzes ZBNF as a grassroots peasant movement in Karnataka, focusing on social movement dynamics (mobilization, leadership, volunteerism), collective pedagogy, and livelihood issues such as indebtedness and farmer suicides, i.e., substantive social/political dimensions."
278,"Khadse A., Rosset P.M.",2019,Zero Budget Natural Farming in India–from inception to institutionalization,10.1080/21683565.2019.1608349,Scopus,high,"The paper explicitly examines Zero Budget Natural Farming’s origins, scaling and institutionalization within India, focusing on Indian states (Karnataka, Andhra Pradesh) and Indian peasant populations, so India is the central case.",high,"The paper explicitly examines Zero Budget Natural Farming (ZBNF) and its scaling/institutionalization in India, a clearly defined alternative, agroecological farming approach.",high,"The paper traces ZBNF’s emergence as a peasant-led social movement and its institutionalization into state programs, addressing social and political processes (scaling, movement dynamics, impacts on peasant families and governance) rather than only biophysical outcomes."
299,Prasad C.S.,2020,Constructing Alternative Socio-technical Worlds: Re-imagining RRI through SRI in India,10.1177/0971721820903002,Scopus,high,"The paper centrally analyzes the System of Rice Intensification and Responsible Research and Innovation specifically in the Indian context, using India-focused case study evidence and discussing Indian agricultural actors, institutions, and politics.",high,"The paper explicitly analyzes the System of Rice Intensification (SRI) as an agroecological innovation and discusses alternative, non‑conventional farming practices and knowledge systems in India.",high,"The paper examines social and political dimensions of agricultural innovation—power relations, vulnerable farming communities, civil society networks, and participatory governance around SRI—so it substantively addresses social aspects of farming."
307,"Koner N., Laha A.",2020,Economics of zero budget natural farming in Purulia district of West Bengal: Is it economically viable?,10.7896/j.1924,Scopus,high,"The study is an empirical case study of Zero Budget Natural Farming in Purulia district, West Bengal, using Indian farmers and data, so India is the primary study site and focus.",high,"The study explicitly evaluates Zero Budget Natural Farming (ZBNF) as an alternative to chemical farming in Purulia, comparing costs, yields, incomes and factors affecting its long-term sustainability.",high,"The study empirically examines costs, yields and especially household income under ZBNF and discusses socio-economic factors affecting long-term sustainability, so it substantively addresses livelihoods/income and broader socio-economic dimensions."
328,"Reddy V.R., Chiranjeevi T., Syme G.",2020,"Inclusive sustainable intensification of agriculture in West Bengal, India: policy and institutional approaches",10.1080/14735903.2019.1698489,Scopus,high,"The study is explicitly focused on two villages in West Bengal and evaluates Indian policies, programmes, and institutions for sustainable agricultural intensification, so India (and an Indian state) is the central focus.",high,Explicitly assesses policy and institutional support for sustainable agricultural intensification in West Bengal and discusses organic and natural farming programs and barriers to their adoption.,high,"The paper substantively examines social dimensions—policy and institutional factors, local governance (Panchayati Raj), farmer income pressures and awareness—that shape adoption of sustainable intensification in West Bengal."
333,"Erler M., Dittrich C.",2020,"Middle class, tradition and the desi-realm-discourses of alternative food networks in Bengaluru, India",10.3390/su12072741,Scopus,high,"The study is explicitly based on primary interviews and analysis of alternative food networks in Bengaluru, India, making an Indian city and its local actors the central focus.",high,"Examines alternative food networks in Bengaluru that draw on traditional agriculture and agri‑food practices as alternatives to conventional systems, indicating a focus on non‑conventional/sustainable approaches.",high,"Examines alternative food network discourses among middle-class actors in Bengaluru and their implications for peasant livelihoods, class dynamics and traditional practices, addressing socio-economic and class/livelihood social dimensions."
335,Kumpf D.,2020,Organic taste and labour on Indian tea plantations*,10.1111/1469-8676.12951,Scopus,high,"The paper explicitly studies organic agriculture, taste, and labour on Indian tea plantations, making India the primary study site and population of interest.",high,"The paper explicitly examines organic agriculture on Indian tea plantations, focusing on organic practices, multispecies relations, and labour implications, which directly addresses a non‑conventional/sustainable farming approach.",high,"The study substantively analyzes plantation labour relations, precarious work, worker and supervisor dynamics, resistance, and social inequalities produced by organic tea production."
345,"Meek D., Anderson C.R.",2020,"Scale and the politics of the organic transition in Sikkim, India",10.1080/21683565.2019.1701171,Scopus,high,"The paper's primary case and dataset are Sikkim, an Indian state, examining state organic policy and local actors (farmers, consumers, officials), so India is the central focus.",high,"The paper analyzes Sikkim’s statewide shift to organic agriculture and its effects on agroecology transitions, focusing on policy-driven scaling, collectivization, and education—clearly addressing alternative/sustainable farming.",high,"Based on interviews, the paper examines state-driven social processes—collectivization, re-scaling of production and marketing, farmer producer organizations, education and political dimensions—showing substantive analysis of social dimensions in the organic transition."
350,Touri M.,2020,Sustainable Development and Communication in Global Food Networks: Lessons From India,10.1007/978-3-030-46119-5,Scopus,high,The work centers on India through participatory case studies of Indian farming communities and uses India-specific examples as the primary basis for its analysis of sustainable development and communication in global food networks.,high,"Focuses explicitly on organic food and fair-trade movements and communication among farming communities and supply-chain actors, which aligns with alternative and sustainable agriculture approaches.",high,"The work uses participatory methods to analyze communication, trade relations, self-representation and knowledge exchange among Indian farming communities and other actors in organic and fair-trade networks, addressing social processes, community voice and livelihoods rather than only agronomic outcomes."
351,"Tyagi B.B., Kumar R.",2020,The Future of Farming: To What End and For What Purpose?,10.1177/0971721820902966,Scopus,high,"The paper centers on farming in India, discussing an Indian award-winning farmer and agricultural issues in specific Indian states (Punjab and Uttar Pradesh), making India the primary focus.",high,"The conversation explicitly addresses alternative and agroecological approaches to farming, critiques Green Revolution practices, and discusses traditional knowledge, values, and technology within sustainable/alternative agricultural systems.",high,"The paper addresses social and ethical dimensions of agriculture—debating the value of human labour, how communities want to live, and the role of technology and knowledge in farming transitions in Punjab and Uttar Pradesh, not just biophysical outcomes."
361,"Bharucha Z.P., Mitjans S.B., Pretty J.",2020,"Towards redesign at scale through zero budget natural farming in Andhra Pradesh, India*",10.1080/14735903.2019.1694465,Scopus,high,"The paper studies Zero Budget Natural Farming implemented at scale in the Indian state of Andhra Pradesh, using state-level program data and farmer outcomes, making India (Andhra Pradesh) the primary study context.",high,"Evaluates Zero Budget Natural Farming (a non-conventional natural/agroecological approach) in Andhra Pradesh, comparing yields and incomes and examining state-led scale-up.",high,"The paper reports on farmer incomes and household transitions, examines farmers’ experiences with adoption, and reflects on state-led training and extension—indicating substantive study of socio-economic outcomes and policy/organizational dimensions."
370,"Das S., Mandal S., Mohanty S.",2021,Agribusiness Opportunities of Organic Agriculture in West Bengal – An Empirical Analysis,10.63040/25827510.2021.03.011,Scopus,high,"The study is explicitly about organic agriculture in West Bengal (an Indian state), using local farmer and consumer data and discussing state-level marketing, production and policy implications in India.",high,"The paper explicitly investigates organic agriculture in West Bengal—its status, economics, adoption factors, production and marketing constraints and consumer demand—so it addresses a non‑conventional, sustainable farming approach.",high,"The paper examines socio-economic aspects of organic farming—costs, net returns, adoption factors, market linkages and consumer demand—addressing livelihoods, income effects and institutional/market access for farmers."
379,"Aggarwal V., Mahajan R.",2021,Applying Circular Economy Principles to Agriculture: Selected Case Studies from the Indian Context,10.1007/978-981-16-3791-9_12,Scopus,high,"The chapter analyzes circular farming case studies from specific Indian states (Rajasthan and Madhya Pradesh) and focuses on Indian farmers, making India the primary study context.",high,"Documents long-term circular and natural farming practices in Indian case studies and develops a framework around sustainable, non‑conventional agricultural approaches, so it clearly addresses alternative/agroecological farming.",high,"Uses qualitative case studies and explicitly analyzes personal, social and systemic antecedents and consequences of farmers’ adoption of circular farming, indicating substantive treatment of social dimensions (e.g., social drivers, struggles, community influences)."
384,"Taylor M., Bhasme S.",2021,Between deficit rains and surplus populations: The political ecology of a climate-resilient village in South India,10.1016/j.geoforum.2020.01.007,Scopus,high,"The paper explicitly examines a state-led climate-resilience project in a drought-prone region of south India, using village-level Indian case material and Indian policy context as its primary focus.",high,"The paper evaluates a state-led climate-resilience initiative that promotes agroforestry, watershed development and other climate-smart/adaptation practices, which are forms of sustainable/agroecological farming rather than conventional industrial agriculture.",high,"The paper explicitly analyzes political and social dynamics—power relations, elite capture, uneven benefits to smallholders and market/ institutional forces—showing it substantively addresses social dimensions of agricultural resilience."
393,Flachs A.,2021,Charisma and agrarian crisis: Authority and legitimacy at multiple scales for rural development,10.1016/j.jrurstud.2021.10.010,Scopus,high,The paper explicitly draws on multiple case studies from Indian agriculture at three scales and centers its analysis on agrarian development and politics in India.,medium,"The paper examines plural models of alternative agrarian development and how charismatic programs, tools, plants and leaders reshape political-ecological relations in Indian agriculture, indicating engagement with non‑conventional/alternative farming approaches even though specific practices are not named.",high,"Analyzes political and social dynamics in Indian agrarian change—charismatic leaders/programs, collective action, alliances, and social reorganization—indicating substantive treatment of social dimensions such as political affiliations, rural politics, and community structures."
397,"Vincent A., Balasubramani N.",2021,"Climate-smart agriculture (CSA) and extension advisory service (EAS) stakeholders’ prioritisation: A case study of Anantapur district, Andhra Pradesh, India",10.2166/wcc.2021.329,Scopus,high,"The study is a case study of Anantapur district in Andhra Pradesh and examines climate‑smart agriculture interventions and extension stakeholders within the Indian context, so India is the primary focus.",high,"The study explicitly evaluates climate-smart agriculture interventions—including Zero-Budget Natural Farming (ZBNF) and millet/low-input approaches—promoted by public agencies and NGOs in Andhra Pradesh, indicating a clear alternative/sustainable farming focus.",high,"The study examines stakeholders, extension advisory services and prioritisation of CSA by public agencies and NGOs—i.e., institutional and policy/actor dimensions of agricultural practice rather than purely biophysical outcomes."
7210,"Babalad, Hanamantraya; Gunabhagya; Saraswathi; Navali, Gurudevi",2021,Comparative Economics of Zero Budget Natural Farming with Conventional Farming Systems in Northern Dry Zone (Zone-3) of Karnataka,10.46852/0424-2513.2.2021.23,Zotero,high,"The study is explicitly set in the Northern Dry Zone of Karnataka and uses primary data from farmers across multiple districts there, so an Indian state is the central study site.",high,"The study explicitly compares Zero Budget Natural Farming (a non-conventional, agroecological approach) with conventional farming systems, examining costs, yields, and farmer perceptions.",high,"The study systematically compares farm-level costs, yields and income/returns between ZBNF and conventional systems across sampled farmers, directly addressing economic and livelihood effects of adoption."
411,"Koner N., Laha A.",2021,"Economics of alternative models of organic farming: empirical evidences from zero budget natural farming and scientific organic farming in West Bengal, India",10.1080/14735903.2021.1905346,Scopus,high,"The study is empirically based on two specific districts (Purulia and Barddhaman) in West Bengal, using Indian farmers and contexts as the primary study sites, so India is the central focus.",high,"Empirical comparison of two alternative organic models, explicitly Zero Budget Natural Farming and scientific organic farming in West Bengal, analyzing costs, yields and income, so it addresses non‑conventional/sustainable farming approaches.",high,The study empirically analyzes farmers' incomes and economic viability under ZBNF versus scientific organic farming and explicitly examines socio-economic factors (livelihood/income effects and regional socio-economic conditions) that influence long-term sustainability.
412,"Mehjabeen, Saravanadurai A.",2021,Economies of mango cultivation in a whole-farm approach for smallholder farmers: A case study from India,10.18006/2021.9(Spl-3-NRMCSSA_2021).S286.S296,Scopus,high,"The study is a case study of smallholder mango farmers in Srinivaspur, Kolar district, Karnataka, using primary data from 320 local growers, so India is the primary study site and focus.",medium,"The study focuses on integrated farming systems, intercropping and optimal cropping patterns to enhance income and sustainability for smallholder mango growers, indicating attention to sustainable/agroecological practices though it does not explicitly name specific alternative systems (e.g., organic or ZBNF).",high,"Analyzes smallholder livelihoods and farm economics — including declining landholdings, income/welfare effects and optimal cropping patterns — based on interviews with 320 mango growers, indicating substantive social/economic dimensions."
445,"Das A., Datta D., Samajdar T., Idapuganti R.G., Islam M., Choudhury B.U., Mohapatra K.P., Layek J., Babu S., Yadav G.S.",2021,"Livelihood security of small holder farmers in eastern Himalayas, India: Pond based integrated farming system a sustainable approach",10.1016/j.crsust.2021.100076,Scopus,high,"The study is explicitly about pond-based integrated farming systems tested with farmers in South Garo Hills district, Meghalaya, and focuses on livelihoods in the eastern Himalayan region of India, making India the central study site and population.",high,"The study evaluates pond-based integrated farming systems—a diversified, whole-farm, sustainable/resilient approach that integrates crops, fish and livestock as an alternative to conventional agriculture to improve productivity and livelihoods.",high,"The study evaluates livelihood security for resource-poor smallholders by measuring income, employment generation and year‑round food/nutrition outcomes of pond‑based integrated farming systems, addressing socio‑economic and livelihood dimensions."
446,"Goswami G., Datta S., Sharma S., Mukherjee J.",2021,"Locally informed “remediation” interventions: lessons of community (co)engagement from semi-arid Bundelkhand, India",10.1016/B978-0-12-823895-0.00028-2,Scopus,high,"The study is explicitly a case study of Bundelkhand (a semi‑arid region in India) using quantitative and qualitative data from selected districts, so India is the primary study site and focus.",medium,"The paper focuses on small-scale, locally informed, community-driven ‘soft’ land remediation interventions aimed at sustainable livelihoods and empowerment, indicating alternative/sustainable land-management approaches rather than purely conventional/industrial agriculture — though specific agroecological or named alternative practices are not explicitly stated.",high,"The chapter examines community-driven, multistakeholder remediation interventions with qualitative farmer narratives addressing livelihoods, community empowerment, local economy, and barriers to locally informed practices, indicating substantive social analysis."
449,"Singh R.K., Singh A., Zander K.K., Mathew S., Kumar A.",2021,Measuring successful processes of knowledge co-production for managing climate change and associated environmental stressors: Adaptation policies and practices to support Indian farmers,10.1016/j.jenvman.2020.111679,Scopus,high,"The paper explicitly examines agricultural adaptation policies, practices, and traditional knowledge in India and assesses knowledge co-production specifically for Indian farmers, making India the central study context.",high,"The paper explicitly examines integration of farmers' traditional knowledge and co-produced adaptive practices for soil, water and crop management to improve climate resilience, which aligns with non-conventional, sustainable and agroecological approaches.",high,"The study examines stakeholder participation, incorporation of farmers' traditional knowledge, and policy/practice processes affecting subsistence farmers’ adaptive capacity, addressing social dimensions such as governance, livelihoods, and community knowledge systems."
464,"Manjula M., Devi P.I.",2021,Organic farming in India: Catalysts that can help in transition,10.37773/ees.v4i1.337,Scopus,high,"The paper explicitly investigates organic farming policy, market instruments, and transitions within India, referencing central and state government actions and national-level agricultural data, making India the primary focus.",high,"The paper focuses on transitioning Indian agriculture to organic farming and discusses market-based policy instruments to promote this sustainable, non-conventional approach.",high,"The paper focuses on policy and market-based instruments to induce transition to organic farming, addressing institutional and economic/social drivers (incentives, sustainability, market mechanisms) rather than purely agronomic outcomes."
465,"Manna M.C., Rahman M.M., Naidu R., Bari A.S.M.F., Singh A.B., Thakur J.K., Ghosh A., Patra A.K., Chaudhari S.K., Subbarao A.",2021,"Organic farming: A prospect for food, environment and livelihood security in Indian agriculture",10.1016/bs.agron.2021.06.003,Scopus,high,"The paper explicitly focuses on organic farming in Indian agriculture, evaluates India-specific strategies, nutrient availability estimates for India, and discusses policy and practice within the Indian context, making India the central focus.",high,"This paper is a review of organic farming in India, discussing organic inputs, environmental and food-security impacts, policy and practice, and therefore directly addresses a non-conventional/sustainable farming approach.",medium,"The review addresses livelihood/food security, market and policy issues and mentions social acceptance and farmer-to-farmer communication, but the abstract emphasizes environmental and agronomic topics so substantive social analysis is not clearly evident."
467,"Singh P.K., Chudasama H.",2021,Pathways for climate change adaptations in arid and semi-arid regions,10.1016/j.jclepro.2020.124744,Scopus,high,"The study is based on fuzzy cognitive maps from 427 community groups across 96 villages in 12 districts of arid and semi-arid India and evaluates adaptation pathways specifically for Indian drylands, making India the primary study site and focus.",high,"The paper evaluates nature-based adaptation pathways and explicitly identifies natural farming–assisted soil rejuvenation (alongside integrated water management) as key resilience strategies, indicating a clear focus on alternative/sustainable farming approaches.",high,"The study uses community-level fuzzy cognitive mapping across villages and explicitly analyzes social dimensions — institutions, inclusive and gender-nuanced governance, financial support and resilience of small and marginalised farming communities — indicating substantive attention to socio-economic and governance factors."
469,"Veluguri D., Bump J.B., Venkateshmurthy N.S., Mohan S., Pulugurtha K.T., Jaacks L.M.",2021,"Political analysis of the adoption of the Zero-Budget natural farming program in Andhra Pradesh, India",10.1080/21683565.2021.1901832,Scopus,high,"The study examines the state-wide Zero Budget Natural Farming program in Andhra Pradesh and draws on state government documents, fieldwork, and stakeholder interviews, making India (and a specific Indian state) the primary focus.",high,Examines the adoption of Zero-Budget Natural Farming/Community Managed Natural Farming in Andhra Pradesh and situates it within agroecology/organic sustainable agriculture policy and practice.,high,"The paper analyzes political and social processes driving state adoption of ZBNF — including civil society advocacy, bureaucratic champions, stakeholder perspectives, and emphasis on rural livelihoods — indicating substantive study of social dimensions."
485,Besky S.,2021,"The Plantation's Outsides: The Work of Settlement in Kalimpong, India",10.1017/S0010417521000104,Scopus,high,"The article is a historical case study centered on Kalimpong in Bengal's Himalayan foothills, examining colonial agricultural extension and settlement practices in an explicitly Indian regional context.",high,"The paper analyzes how colonial agricultural extension produced biodiverse small farms serving as a socio-ecological alternative to plantation monocultures, addressing non‑conventional/alternative smallholder farming rather than purely industrial agriculture.",high,"The paper analyzes colonial agricultural extension as a racialized and gendered biopolitical project that shaped land use, settlement, social reproduction, and livelihoods in Kalimpong, indicating substantive attention to social dimensions such as race, gender, land, and community formation."
487,"Pervez Bharucha Z., Attwood S., Badiger S., Balamatti A., Bawden R., Bentley J.W., Chander M., Davies L., Dixon H., Dixon J., D’Souza M., Butler Flora C., Green M., Joshi D., Komarek A.M., Ruth McDermid L., Mathijs E., Rola A.C., Patnaik S., Pattanayak S., Pingali P., Vara Prasad V.P., Rabbinge R., Ramanjaneyulu G.V., Ravindranath N.H., Sage C., Saha A., Salvatore C., Patnaik Saxena L., Singh C., Smith P., Srinidhi A., Sugam R., Thomas R., Uphoff N., Pretty J.",2021,The Top 100 questions for the sustainable intensification of agriculture in India’s rainfed drylands,10.1080/14735903.2020.1830530,Scopus,high,The paper explicitly focuses on sustainable intensification in India’s rainfed drylands and frames research priorities and policy in the Indian geographic and agricultural context.,high,"Focuses explicitly on sustainable intensification and alternative/ sustainable farming priorities for India’s rainfed drylands, addressing ecosystem services, dryland farming systems and research on non‑conventional practices.",medium,"The horizon-scanning exercise explicitly addresses social-ecological challenges (endemic poverty, malnutrition, rural development and policy) and generates research questions across themes that include livelihoods and socio-economic issues, indicating substantive coverage of social dimensions rather than a purely biophysical focus."
490,Münster D.,2021,"The nectar of life fermentation, soil health, and bionativism in indian natural farming",10.1086/715477,Scopus,high,"The study is explicitly centered on India—based on ethnography in Wayanad, Kerala, analyzes an Indian practitioner (Subhash Palekar), and discusses Indian natural farming practices and political contexts, making India the primary focus.",high,"Focuses on Zero Budget Natural Farming practices (Nectar of Life ferment) and broader natural farming/soil-health approaches in South India, clearly addressing alternative/agroecological farming.",high,"Ethnographic analysis centers on how fermentation and Zero Budget Natural Farming among smallholders create social and political meanings (bionativism, native-cow nationalism, agrarian identity), explicitly addressing cultural and political dimensions of farming."
493,"Walker G., Osbahr H., Cardey S.",2021,Thematic Collages in Participatory Photography: A Process for Understanding the Adoption of Zero Budget Natural Farming in India,10.1177/1609406920980956,Scopus,high,"The study’s primary empirical focus and fieldwork are in Andhra Pradesh, India—examining adoption of Zero Budget Natural Farming among local women’s self‑help groups across multiple agroecological zones, so India is the central case.",high,"The study specifically examines adoption of Zero Budget Natural Farming (a chemical-free, regenerative/alternative agriculture approach) in Andhra Pradesh using participatory methods, making it clearly about non‑conventional sustainable farming.",high,"The study uses participatory methods with women’s self‑help groups to explore social motivations, group dynamics, and participation in the ZBNF movement, addressing gender, community structures, and drivers of adoption."
497,"Khadse A., Rosset P.",2021,Zero Budget Natural Farming in India - From inception to institutionalization [Agricultura natural de presupuesto cero en India - Desde su inicio hasta su institucionalización],10.5380/dma.v58i0.81370,Scopus,high,"The paper explicitly analyzes Zero Budget Natural Farming within India, discussing its origins in Karnataka and institutionalization in Andhra Pradesh, so India is the primary study context.",high,"The paper directly addresses Zero Budget Natural Farming (an agroecological/alternative farming approach, including SPNF/APCNF themes) and its scaling/institutionalization in India.",high,"Analyzes the social and political evolution of ZBNF—from a peasant-led movement to state institutionalization—addressing drivers of adoption, scale-up, and challenges/contradictions, which are substantive social dimensions."
499,"Selvaraj T., Devadas P., Perumal J.L., Zabaniotou A., Ganesapillai M.",2022,A Comprehensive Review of the Potential of Stepwells as Sustainable Water Management Structures,10.3390/w14172665,Scopus,high,"The paper explicitly focuses on stepwells in India, reviewing major Indian stepwells, their historical, architectural, and water-management roles within the Indian context, so India is the central study focus.",high,"The review focuses on traditional/ancient water-harvesting and irrigation systems integrated with agriculture, use of local materials and agricultural wastes, and insights into social-ecological resilience and agricultural biodiversity, indicating a sustainable/traditional farming and agroecological angle.",medium,"Although primarily architectural and historical, the review explicitly examines socio-cultural behaviors, governance, community knowledge and traditional practices around water management as they relate to agricultural irrigation and social-ecological resilience, so it engages social dimensions (culture, governance, community structures) of farming."
510,"Sahu R.K., Kumar B., Yadav B., Kumar K., Singh P.",2022,Assessment of IFS Model in Context of Doubling Farmers Income in District Banda: A Micro Study,10.46852/0424-2513.4.2022.11,Scopus,high,"The study is a micro-level empirical analysis conducted in Banda District, Uttar Pradesh, using sampled Indian villages and farmers, so India (a specific Indian state/district) is the primary focus.",high,"The study evaluates Integrated Farming Systems (crop–livestock–vegetable combinations), an agroecological/alternative approach promoting integration and diversification rather than conventional monoculture, and therefore fits the review scope.",high,"The study quantitatively assesses farmers’ incomes and profitability of integrated farming systems (livelihood/economic impacts), which is a substantive social dimension (livelihoods/poverty) rather than only agronomic outcomes."
526,Shah M.,2022,Dismantling Barriers to Upscaling Agro-ecological Farming in India,10.37773/ees.v5i1.618,Scopus,high,"The paper explicitly focuses on India, analyzing the country’s agricultural policy framework and proposing India-specific policy reforms to upscale agro-ecological farming.",high,"The paper explicitly focuses on upscaling agro-ecological farming and proposes policy reforms to support alternative, nature-based and agroecology approaches in India, indicating a clear sustainable/alternative farming focus.",high,"The paper analyzes and proposes reforms to the policy and institutional framework obstructing upscaling agro-ecological farming, addressing political/institutional social dimensions rather than purely agronomic outcomes."
533,"Reddy A.A., Melts I., Mohan G., Rani C.R., Pawar V., Singh V., Choubey M., Vashishtha T., Suresh A., Bhattarai M.",2022,Economic Impact of Organic Agriculture: Evidence from a Pan-India Survey,10.3390/su142215057,Scopus,high,"The study evaluates India’s national organic farming program (PKVY) using a pan-India representative farmer sample and India-specific impact and economic analyses, so India is the central focus.",high,"The study explicitly evaluates organic agriculture (PKVY) across India, comparing organic versus conventional systems and assessing profitability and economic impacts of an alternative/sustainable farming approach.",high,"The study assesses farmer-level economic outcomes (costs, yields, profitability) and policy implementation across regions—including impacts on rainfed, hilly and tribal areas—so it substantively addresses livelihoods/income effects and geographic social inequalities related to farming."
539,"Meek D., Khadse A.",2022,Food sovereignty and farmer suicides: bridging political ecologies of health and education,10.1080/03066150.2020.1760248,Scopus,high,"The study explicitly analyzes Zero-Budget Natural Farming and farmer suicides in the Indian context, focusing on an Indian agrarian social movement (Karnataka Rajya Raitha Sangha) and outcomes for farmers in India, so India is the primary study site and population.",high,"The paper explicitly analyzes Zero-Budget Natural Farming (ZBNF) and agroecology as grassroots interventions tied to food sovereignty and farmer wellbeing, indicating a clear focus on non‑conventional sustainable farming approaches.",high,"Addresses social dimensions including farmer suicides/mental health, livelihoods and financial autonomy, education and knowledge dissemination, and role of a grassroots social movement in adoption of ZBNF and food sovereignty."
540,"Olsson S.B., Ameen M., Bajpai S., Gudasalamani R., Gajjar C., Gupta S., Hvilshøj S., Krishnakumar J., Lobo C., Mukherjee R., Naik A., Raghavan A., Singh H., Subaharan K.",2022,Framework For a Collective Definition of Regenerative Agriculture in India,10.37773/ees.v5i1.662,Scopus,high,"The paper explicitly develops a unified framework and definition for regenerative agriculture specific to India, using interactions and workshops with stakeholders across India as its primary evidence base and focus.",high,"The paper explicitly focuses on defining and framing regenerative agriculture in India—an alternative, sustainable/agroecological approach—through stakeholder workshops and a proposed framework.",medium,"The paper uses multi-stakeholder workshops and a cross-sectoral framework addressing human ecosystems, policy and adoption concerns—indicating substantive attention to socio-political and governance dimensions of agricultural practice, though it does not explicitly focus on specific categories like gender or caste in the abstract."
541,Meek D.,2022,"From marginalized to miracle: critical bioregionalism, jungle farming and the move to millets in Karnataka, India",10.1007/s10460-021-10287-x,Scopus,high,"The paper explicitly analyzes millet production and consumption in the southern Indian state of Karnataka, making an Indian state the primary study site and focus.",high,"The paper examines the resurgence of millet production and consumption framed around traditional foodways, bioregionalism, and sustainability/resilience, indicating a focus on alternative/traditional agroecological food systems rather than conventional industrial agriculture.",high,"The paper analyzes social dimensions of millet resurgence—narratives of cultural authenticity, identity, political economy, foodways and land-use histories—addressing culture, value, and social-political aspects of farming in Karnataka."
543,"Fitzpatrick I.C., Millner N., Ginn F.",2022,Governing the soil: natural farming and bionationalism in India,10.1007/s10460-022-10327-0,Scopus,high,"The paper centrally examines India’s soil health policies and natural farming movement, using a Himachal Pradesh case study and interviews, so India is the primary study site and policy context.",high,"Focuses explicitly on India’s natural farming movement and other alternative/agroecological soil-health approaches (and their governance and hybridisation with state programmes), so it addresses non‑conventional sustainable farming.",high,"Based on interviews and a governance-focused case study, the paper analyzes how farmers are socially imagined and governed, and examines political, cultural and institutional dimensions of natural farming (state delivery, movements, epistemic pluralism and bionationalist discourse), not just biophysical outcomes."
549,"Laishram C., Vashishat R.K., Sharma S., Rajkumari B., Mishra N., Barwal P., Vaidya M.K., Sharma R., Chandel R.S., Chandel A., Gupta R.K., Sharma N.",2022,"Impact of Natural Farming Cropping System on Rural Households—Evidence From Solan District of Himachal Pradesh, India",10.3389/fsufs.2022.878015,Scopus,high,"The study is an empirical analysis of natural farming practices in Solan district, Himachal Pradesh, India, making India the primary study site and population of interest.",high,"The study examines Zero Budget Natural Farming (natural farming) practices — low-input, chemical-free inputs and intercropping systems — and compares their economic and sustainability outcomes to conventional farming, so it clearly addresses an alternative/sustainable farming approach.",high,"The paper compares economic outcomes (net returns, cost savings, and land-use benefits) of natural versus conventional farming for smallholder rural households, addressing livelihoods and income effects—a substantive social dimension."
553,"Jaacks L.M., Serupally R., Dabholkar S., Venkateshmurthy N.S., Mohan S., Roy A., Prabhakaran P., Smith B., Gathorne-Hardy A., Veluguri D., Eddleston M.",2022,"Impact of large-scale, government legislated and funded organic farming training on pesticide use in Andhra Pradesh, India: a cross-sectional study",10.1016/S2542-5196(22)00062-6,Scopus,high,"The paper directly evaluates a government organic farming programme in Andhra Pradesh using surveys of farmers and pesticide retailers in Kurnool District, making India (an Indian state and its farmers) the primary study site and dataset.",high,"The study evaluates the Andhra Pradesh Community-Managed Natural Farming (APCNF) government organic farming programme and its effect on pesticide use, directly addressing an alternative/sustainable farming approach (organic/natural farming).",high,"The study evaluates a government organic-farming training programme's effects on farmers’ pesticide use and expenditures, includes retailer sales and interactions with extension services, and therefore addresses policy, economic (livelihood/expenditure), and institutional/social dimensions rather than only agronomic outcomes."
555,"Jaacks L.M., Gupta N., Plage J., Awasthi A., Veluguri D., Rastogi S., Dall’Agnese E., Ramanjaneyulu G.V., Jain A.",2022,Impact of the COVID-19 pandemic on agriculture in India: Cross-sectional results from a nationally representative survey,10.1371/journal.pstr.0000026,Scopus,high,"The study uses a nationally representative sample of Indian farmers and analyzes pandemic impacts on cropping, inputs, sustainable practice adoption, and COVID-19 symptoms in India, so India is the primary study setting and population.",high,"The study explicitly measures farmers’ interest in and willingness to try sustainable farming practices (including influence of government schemes and peer adoption), indicating a clear alternative/sustainable agriculture focus rather than only conventional agriculture.",high,"The study uses a nationally representative farmer survey and reports on gender, farm size and poverty status, labor impacts from COVID-19, changes in cropping and inputs, and social drivers of willingness to adopt sustainable farming (peers, government), indicating substantive socio-economic and labor-focused analysis."
567,"Dutta D., Shambu Prasad C.",2022,Motivating youth engagement in sustainable agriculture: institutional innovations in Andhra Pradesh community-managed natural farming,10.1080/09614524.2022.2049215,Scopus,high,"The paper centrally studies the Andhra Pradesh Community‑managed Natural Farming program in India, focusing on Indian youth (Natural Farming Fellows) and farmer transitions within that specific state.",high,"The paper examines Andhra Pradesh Community‑managed Natural Farming (APCNF) and the Natural Farming Fellows initiative that promote transition to natural/sustainable/alternative farming practices, so it clearly addresses non‑conventional sustainable agriculture.",high,"The paper substantively examines youth engagement and institutional innovations (Natural Farming Fellows), addressing generational knowledge exchange and local participation in sustainable agriculture."
573,"Aulakh C.S., Sidhu A.S., Singh S., Singh D.",2022,ORGANIC AND NATURAL FARMING IN NORTH-WEST INDIA: FARMERS’ PERSPECTIVE,10.5958/2395-146X.2022.00150.8,Scopus,high,"The study is based on a geo-tagged survey of organic/natural farmers in five districts of Punjab, north-west India, making an Indian state and its farmer population the primary focus.",high,"The study explicitly examines adoption, practices, inputs and constraints of organic and natural (natural/ZBNF-style) farming in north-west India, i.e. alternative sustainable/agroecological approaches rather than conventional agriculture.",high,"The geo‑tagged survey explicitly analyzes adoption drivers, economic aspects and constraints (including market access and labour intensity) of organic/natural farming among Punjab farmers, indicating substantive socio‑economic inquiry rather than purely agronomic focus."
588,"Dev P., Paliyal S.S., Rana N.",2022,"Subhash palekar natural farming-scope, efficacy and critics",10.36953/ECJ.021896-2158,Scopus,high,"The paper centrally discusses Subhash Palekar/Zero Budget Natural Farming in the context of India’s population, agricultural policy (including the 2018–19 economic survey) and national food/nutrition goals, so India is the primary focus.",high,"The paper explicitly addresses Subhash Palekar/Zero Budget Natural Farming (a non-conventional natural farming approach), evaluating its scope, efficacy and critiques, which fits the sustainable/agroecological category.",high,"The paper critiques ZBNF's implications for farmers' incomes, debt, national food/nutrition security and policy adoption, addressing livelihoods and economic/policy dimensions rather than only agronomic outcomes."
594,"Ajl M., Sharma D.",2022,The Green Revolution and transversal countermovements: recovering alternative agronomic imaginaries in Tunisia and India,10.1080/02255189.2022.2052028,Scopus,high,"This comparative historical article treats India as one of the two primary case studies, explicitly analyzing Indian dissident agronomists and political thinkers and their alternative agronomic imaginaries, making India a central focus of the analysis.",high,"Examines dissident agronomic visions opposing the Green Revolution and advocates for agroecology and ecologically attuned alternatives, indicating a focus on non‑conventional/sustainable farming approaches.",high,"Examines dissident political thinkers, agronomists and countermovements opposing the Green Revolution, addressing postcolonial politics, political sovereignty and social/political struggles around agrarian development and agroecology."
600,Dorin B.,2022,"Theory, Practice and Challenges of Agroecology in India",10.1080/14735903.2021.1920760,Scopus,high,"The paper explicitly examines agroecology in India with a detailed case study of Andhra Pradesh and discusses India-specific policies, practices, and debates, making India the central focus.",high,"The paper explicitly examines agroecology and Andhra Pradesh’s natural farming (an alternative, large-scale agroecological approach), discussing practices, promises and challenges versus industrial agriculture.",high,"The paper goes beyond biophysical outcomes to examine agrarian crisis, labor productivity, poverty and organizational/political challenges around Andhra Pradesh’s natural farming—addressing livelihoods, agricultural labour, land and sociopolitical dimensions."
604,"Balla J., Goswami K.",2022,"Understanding the constraints and reasons to adopt natural farming - a study on rice growing farmers of Andhra Pradesh, India",10.1080/14735903.2022.2070340,Scopus,high,"The paper investigates adoption and constraints of natural farming among rice farmers in Andhra Pradesh, using a large India-specific sample and Andhra Pradesh as the primary study site and dataset.",high,"The paper explicitly investigates adoption, reasons, and constraints of Natural Farming (an agroecological/non-conventional approach) among rice growers in Andhra Pradesh, India, indicating a clear alternative farming focus.",high,"The paper analyzes farmers' reasons and constraints for adopting natural farming using perceptions and survey data that address socioeconomic and social dimensions such as production costs, debt reduction, farm size, labor costs, lack of experience/awareness, and local input access, which are substantive social factors."
616,"Nair M.S., Augustine A.",2023,"Agroecological transitions during COVID-19: evidence from Kerala, India",10.1080/21683565.2023.2275154,Scopus,high,"The paper is a case study of agroecological transitions in Kerala, focusing on Kerala government policies, programs (Subhiksha Keralam) and farm-level outcomes during COVID-19, so an Indian state is the primary focus.",high,"The study explicitly examines agroecological transitions and the adoption/characterization of agroecological practices on homestead farms in Kerala, including government programs and policy nudges supporting sustainable, non‑conventional farming approaches during COVID‑19.",high,"The study analyzes how government policy, collective actions, societal values and user preferences enabled agroecological transitions in Kerala during COVID-19, addressing political, cultural and community-level social dimensions rather than only biophysical outcomes."
617,Abrol D.,2023,Agroecology and Agrarian Transitions: Current Debate in India,10.1177/22779760231164861,Scopus,high,"The paper centers on India’s national policy and programs (ZBNF/NMNF) and analyzes agrarian structures, impacts, and barriers within the Indian context, making India the primary focus.",high,The article critically examines zero-budget natural farming and the National Mission on Natural Farming and discusses agroecological approaches and barriers to their adoption within India’s agrarian structures.,high,"Critically analyzes agrarian structures, class relations (landlords, landless proletariat), labour and land access issues, and policy impacts on peasants and commons, addressing substantive social and political‑economic dimensions of farming."
619,"Ghuriani V., Wassan J.T., Deolal P., Sharma V., Dalal D., Goyal A.",2023,An Integrative Approach Towards Recommending Farming Solutions for Sustainable Agriculture,10.18006/2023.11(2).306.315,Scopus,high,"The study uses a dataset collected from multiple Indian states and evaluates Zero Budget Natural Farming (an Indian farming program), making India the primary study context.",high,"The paper explicitly analyzes Zero Budget Natural Farming (ZBNF) and other sustainable farming solutions, compares ZBNF with non-ZBNF, and assesses ecological and economic impacts (soil microbial diversity, nutrients, profitability).",medium,"The paper compares cost-efficiency and profitability of ZBNF versus non-ZBNF (income/livelihood implications), but the abstract emphasizes agronomic, microbial, and ML modelling with limited detail on broader social factors, so relevance is likely but not certain."
627,"Garg A.K., Kaushal R., Rana V.S., Singh P.",2023,"Assessment of Yield, Quality and Economics of Kiwifruit (Actinidia deliciosa cv. Allison) Production as Influenced by Integrated Nitrogen Management Strategies in Indian Lower Himalayas",10.1007/s42729-023-01429-7,Scopus,high,"The study is an empirical, site-specific assessment of kiwifruit yields, quality, soil properties and economics conducted in the Indian Lower Himalayas and evaluates Indian farming systems (e.g., Subhash Palekar’s Natural Farming), so India is the central focus.",high,"The study explicitly evaluates Subhash Palekar’s Natural Farming (SPNFS) and an organic farming system (vermicompost, poultry manure, FYM) alongside conventional chemical fertilization, assessing yields, soil health and economics, so it clearly addresses alternative/sustainable farming approaches.",high,"The paper includes a substantive economic analysis (costs, gross/net returns and benefit–cost ratios) comparing farming systems, directly addressing income and livelihood outcomes of farmers."
638,"Singh M., Hasan F.Q.",2023,Climate Smart Agriculture Practices in India,10.4108/EW.4645,Scopus,high,"The paper explicitly focuses on climate-smart agriculture in India, uses India-specific statistics (population, GHG share, climate risk ranking) and examines Indian policies, institutions, and financial models, making India the central case and study context.",high,"The paper explicitly addresses Climate-Smart Agriculture, a sustainable/alternative farming framework focused on adaptation, mitigation, resilience and policies for reducing agricultural GHGs in India, which falls within agroecological/alternative approaches.",medium,"The paper explicitly analyzes how climate-smart agriculture objectives are being met in India through policies, institutions, and financial models, indicating a substantive focus on institutional and socio-economic dimensions of farming, though the abstract does not specify investigation of particular social groups (gender, caste, land tenure) so details are uncertain."
639,"Jaacks L.M., Bliznashka L., Craig P., Eddleston M., Gathorne-Hardy A., Kumar R., Mohan S., Norrie J., Rajan S., Roy A., Yandrapu B., Venkateshmurthy N.S., Prabhakaran P.",2023,Co-Benefits of Largescale Organic farming on huMan health (BLOOM): Protocol for a cluster-randomised controlled evaluation of the Andhra Pradesh Community-managed Natural Farming programme in India,10.1371/journal.pone.0281677,Scopus,high,"The study is a cluster-randomised evaluation of the Andhra Pradesh Community-managed Natural Farming programme conducted across districts in Andhra Pradesh, India, making the Indian state and its policy the primary study site and focus.",high,"The study is a cluster-randomised evaluation of the Andhra Pradesh Community-managed Natural Farming (APCNF) programme, an agroecology/organic/natural farming initiative, and explicitly examines pesticide exposure, dietary diversity and health co-benefits of this alternative farming approach.",high,"The protocol explicitly includes social outcomes—women’s empowerment, household income, and gender- and household-level health and nutritional measures—indicating substantive study of socio-economic and gender dimensions of farming."
646,"Ghosh R., Ghosh A.",2023,"Conventional farmers’ attitude toward the organic farming: a study on North 24 Parganas, West Bengal, India",10.1007/s13165-023-00433-6,Scopus,high,"The study is explicitly focused on conventional farmers in North 24 Parganas, West Bengal (India) and uses India-specific data and context, so India is the central focus.",high,"The study explicitly investigates conventional farmers’ attitudes and intentions regarding organic farming in West Bengal, focusing on adoption of a sustainable/alternative farming approach.",high,"The study analyzes conventional farmers’ intentions and perceptions toward organic farming using socio-demographic variables (age, gender, education, farm size) and attitudinal factors, so it substantively addresses social dimensions of farming."
648,"Mawar R., Manjunatha B.L., Sanyal A., Sharma S.K., Singh H.B., Dubey S.C.",2023,"Current Regulatory Requirements for PGPM Products for Management of Seed, Soil and Plant Health: An Overview",10.1007/978-981-19-4124-5_16,Scopus,high,"The paper explicitly analyzes regulatory mechanisms, challenges, and needed modifications for PGPM product development and commercialization in India, making India the primary policy and study context.",high,"Paper addresses plant growth-promoting microorganisms, biofertilizers, biopesticides and biocontrol regulation—topics directly related to alternative, low‑input and agroecological farming approaches in India.",high,"The paper examines regulatory, commercialization and adoption barriers for microbial products—including farmer education, market size and legislative gaps—which are institutional, policy and socio-economic issues rather than purely agronomic outcomes."
651,"Kumar S., Nain M.S., Sangeetha V., Satyapriya",2023,Determinants and Constraints for Adoption of Zero Budget Natural Farming (ZBNF) Practices,10.48165/IJEE.2023.59427,Scopus,high,"The study is an empirical analysis conducted in Wardha district, Maharashtra, focusing on Indian farmers, local constraints, and institutions (ZBNF adoption in an Indian state) as the primary case study.",high,"The study explicitly investigates adoption and constraints of Zero Budget Natural Farming (ZBNF), a recognized agroecological/chemical-free alternative farming approach in India.",high,"The paper explicitly analyzes socio-economic and institutional constraints affecting ZBNF adoption—including labour availability and wages, market access and pricing, certification fees, and the role of farmer organizations—indicating substantive social dimensions."
653,"Babajani A., Muehlberger S., Feuerbacher A., Wieck C.",2023,Drivers and challenges of large-scale conversion policies to organic and agro-chemical free agriculture in South Asia,10.1080/14735903.2023.2262372,Scopus,high,"The paper analyzes large-scale organic conversion programs including Sikkim (an Indian state) as one of the central case studies, making India a primary focus of the study.",high,"The paper analyzes large-scale organic and agrochemical-free conversion programs and policies (including Sikkim’s statewide organic transition and toxin-free initiatives), addressing organic, traditional, and alternative farming approaches and their drivers and barriers.",high,"The qualitative policy study explicitly examines social and economic factors—rural livelihoods, institutional leadership, market access and price premiums, certification costs, extension/knowledge gaps, and traditional practices—indicating substantive analysis of social dimensions of farming."
680,"Boora S., Kaur B., Tyagi R., Bishnoi D.K., Manisha, Rohit",2023,Extent of Adoption of Intercropping Practices Among Farmers of Haryana,10.48165/IJEE.2023.59105,Scopus,high,"The study is explicitly conducted in Haryana (an Indian state) using primary data from local farmers, making India the central study context and population.",high,"The paper directly assesses adoption of intercropping, a multiple-cropping/agroecological practice that promotes diversification and sustainable production, so it addresses alternative/sustainable farming approaches.",high,"The study analyzes adoption patterns in relation to social variables (age, caste, education, income, landholding, inheritance, extension contacts and socio-economic status), showing clear focus on social determinants and livelihoods."
681,Lyngkhoi D.R.,2023,Factors Associated with Shifting Cultivation in Meghalaya: Policy Perspective Probit Approach,10.63040/25827510.2023.02.005,Scopus,high,"The study explicitly focuses on shifting cultivation in Meghalaya (an Indian state), uses a household survey of 250 farmers there, and assesses policy implications for that Indian region, so India is the central context.",high,"The paper examines traditional shifting cultivation (jhum) and explicitly discusses alternative sustainable options such as agroforestry, forest/home gardens and allowing jhum under natural farming, indicating a clear agroecological/alternative farming focus.",high,"The study analyzes socio-economic and demographic determinants (age, family size, per capita income), livelihood alternatives, government incentives and market access influencing continuation of shifting cultivation, i.e., substantive social dimensions."
685,Bhattacharjee S.,2023,From Farmer to Consumer: Exploring Proximity and Direct Selling Initiatives of Organic Farmers of Delhi NCR During COVID-19,10.48416/ijsaf.v29i2.532,Scopus,high,"The study specifically investigates organic farmers in Delhi NCR (National Capital Region), India, using India as the primary study site and population of interest.",high,"Focuses on organic farmers in Delhi NCR participating in alternative food networks and short food supply chains (direct selling), clearly addressing non-conventional/sustainable farming practices and their challenges during COVID-19.",high,"Uses interview data to examine relational and geographical proximity, direct-selling initiatives, and how organic farmers were socially and economically affected by COVID-19, focusing on producer–consumer relations and alternative food networks (community/social structures and livelihoods)."
711,"Kumar R., Kumar S., Yashavanth B.S., Venu N., Meena P.C., Dhandapani A., Kumar A.",2023,Natural Farming Practices for Chemical-Free Agriculture: Implications for Crop Yield and Profitability,10.3390/agriculture13030647,Scopus,high,"The paper is an empirical study conducted in India using survey data from farmers in three Indian states (Andhra Pradesh, Karnataka, Maharashtra), making India the central study site and population.",high,"The paper evaluates Natural Farming/chemical-free agroecological practices (including ZBNF-related inputs like jeevamritha and FYM) and their impacts on yields, costs and farmer adoption across Indian states, clearly addressing alternative sustainable farming approaches.",high,"The study surveys farmers’ adoption experiences and reports on costs, market prices, debt pressures and profitability effects of natural farming, which directly addresses livelihoods and income-related social dimensions."
723,"Rana N., Kumar R., Punam, Sharma G.D., Sharma R.P., Pareek B., Upadhyay R.G.",2023,Performance of Different Farming Practices in Legume based Cropping System under Mid-hills of H.P. Himalayas,10.18805/LR-4722,Scopus,high,"The paper is based on field experiments conducted in Palampur, Himachal Pradesh (mid-hills of the H.P. Himalayas) and analyzes farming practices and cropping systems specific to that Indian region, so India is the central study site.",high,"The study explicitly evaluates organic and natural (and integrated) farming practices versus inorganic systems in legume-based cropping, addressing alternative/sustainable farming approaches.",medium,"Although primarily an agronomic field trial comparing farming systems, the study reports net returns, cost of cultivation and explicitly frames objectives around increasing small and marginal farmers’ income, so it addresses an economic/social dimension (livelihood/income) without broader household or social-group analysis."
725,"Naikah K., Goudra S., Govinda K., Anantha Rama A., Divyajyothi U., Sujatha S., Pallavi M.",2023,"Performance of maize (Zea mays)+ field bean (Dolichos lablab) intercropping system under natural, organic and conventional farming practices",10.56093/ijas.v93i9.136842,Scopus,high,"The study was conducted at a research station in Hiriyur, Chitradurga, Karnataka and evaluates farming practices, yields, and economics in an Indian agricultural context, making India the primary focus.",high,"Compares natural farming (using inputs like jeevamrutha and panchagavya) and organic farming with conventional practices in a maize–field bean intercropping system, indicating an alternative/sustainable farming focus.",high,"The study reports and compares labour costs, material costs, cost of cultivation and gross/net returns across farming systems, addressing economic/livelihood impacts of different farming practices."
726,Das S.,2023,Politically Branding India’s “First Fully Organic State”: Re-Signification of Traditional Practices and Markets in Organic Agriculture,10.1007/s10806-023-09915-9,Scopus,high,"The study focuses on Sikkim, a specific Indian state, using ethnographic interviews and policy/discourse analysis of the state's transition to fully organic agriculture, making India the central case and policy context.",high,"Analyzes Sikkim’s state-led transition to fully organic agriculture, including the promotion of traditional agrarian practices, organic markets, and policy implementation, which is directly about an alternative/sustainable farming approach.",high,"The article uses ethnography and discourse analysis to examine farmers', middlemen's and consumers' socio-political experiences (discontent over yields/prices), cultural framings, and the state's political branding and legitimacy, which are clearly social dimensions of farming."
734,"Gorripati R., Thakur M., Kolagani N.",2023,Promoting Climate Resilient Sustainable Agriculture Through Participatory System Dynamics with Crop-Water-Income Dynamics,10.1007/s11269-023-03533-w,Scopus,high,"The study is a case study of groundwater and agricultural dynamics in an upland village in southern India, using local stakeholders and India-specific data and context, so India is the central focus.",high,"The study identifies and promotes less water‑intensive, chemical‑free and other sustainable farming strategies as solutions to groundwater overexploitation and frames a replicable participatory approach to adopt alternative/agroecological practices.",high,"The study uses participatory system dynamics with stakeholders, including focused group discussions and a post-project survey, and models crop–water–income dynamics—addressing livelihoods/income effects and community/policy engagement rather than solely biophysical outcomes."
743,"Gill S., Johal R.K.",2023,"Resurrecting sustainable farming in India’s Granary: current practices, challenges and solutions",10.1080/21683565.2023.2251430,Scopus,high,"Study explicitly examines farmers’ practices, challenges, and scaling solutions in Punjab (an Indian state), making India the primary study site and population of interest.",high,"The paper explicitly investigates sustainable agriculture and organic farming practices, challenges and scaling-up solutions (including crop diversification and low-cost resource approaches) in Punjab, indicating a clear alternative/sustainable farming focus.",high,"The study examines farmers’ practices and socio-economic challenges (marketing, high labour requirements, low income/yields, resource constraints) and policy/market solutions, indicating substantive focus on social dimensions such as livelihoods, labour and institutional access."
750,"Bahinipati C.S., Singh A.K., Patnaik U.",2023,Soil-based interventions for economic returns in India,10.18520/cs/v124/i5/547-553,Scopus,high,"The abstract explicitly analyzes empirical evidence on soil-based interventions and economic returns in India, cites India-specific crops and the national Soil Health Card policy, so India is the central focus.",high,"The paper evaluates integrated nutrient management and organic/biofertilizer options (soil-based, low-external-input alternatives) versus conventional balanced nutrient use, indicating a focus on sustainable/alternative nutrient management approaches.",medium,"The paper links soil management practices to economic profit and farmer incomes and discusses policy implications, indicating analysis of livelihoods/economic effects rather than only biophysical outcomes."
752,"Paul B., Murari K.K., Patnaik U., Bahinipati C.S., Sasidharan S.",2023,Sustainability transition for Indian agriculture,10.1038/s41598-023-34092-0,Scopus,high,"The paper explicitly analyzes the transition to sustainable inputs in Indian agriculture, uses India-specific statistics and farmers as the study population, and discusses Indian policy and state investment needs, making India the central focus.",high,"The paper analyzes transitions away from chemical fertilizers toward biofertilizers and other sustainable inputs, examining adoption barriers, scale and affordability and proposing a framework for moving Indian agriculture toward sustainable practices.",high,"Abstract examines differential adoption of sustainable inputs across farmer size groups, affordability and distribution (small/marginal vs larger farmers) and policy implications, indicating substantive socio-economic and equity-focused analysis."
763,"Seufert V., Austin S.E., Badami M.G., Turner S., Ramankutty N.",2023,"The diversity of organic farmer motivations and livelihoods in the Global South – A case study in Kerala, India",10.1016/j.geoforum.2022.103670,Scopus,high,"The paper is a case study explicitly focused on organic farmers in the Indian state of Kerala (districts Thrissur and Wayanad), using India-specific data and policy implications, so India is the central study context.",high,"The study explicitly examines organic agriculture in Kerala—typical alternative/sustainable farming—focusing on farmer motivations, livelihoods, and policy implications, so it clearly addresses non-conventional/agroecological approaches.",high,"This qualitative study explicitly investigates farmers’ livelihoods, socio-economic typologies (wealthy hobby, poorer non‑certified, middle‑class export), motivations and satisfaction with organic farming, and draws policy implications — all substantive social dimensions."
768,"Dutta D., Prasad C.S., Chakraborty A.",2023,Thinking beyond Ecology: Can Reskilling Youth Lead to Sustainable Transitions in Agri-Food Systems?,10.3390/socsci12090478,Scopus,high,"The paper explicitly examines agroecological initiatives across India and uses two India-specific case studies (Natural Farming Fellows and a Gandhian university) to analyse youth reskilling for sustainable agri-food systems, making India the central focus.",high,"The paper examines agroecological and Natural Farming initiatives (via a Natural Farming Fellows program) and institutional reskilling aimed at sustainable, non-conventional agri-food transitions in India.",high,"The paper examines youth reskilling, rural livelihoods and institutional programmes (Natural Farming Fellows, university pedagogy) affecting participation in natural farming, addressing generational, socio-economic and institutional social dimensions."
782,"Sadhukhan R., Sharma L.D., Lalhmingsanga, Thangjam R., Chanbisana C.",2024,"A Case Study of Natural Farming in Mizoram, North-East India",10.1201/9781003309581-18,Scopus,high,"The paper is a case study focused on natural farming in Mizoram, a specific state in northeast India, making India the central study site and context.",high,"The paper explicitly examines natural farming—a non‑conventional, eco‑friendly/organic approach—and its adoption and relevance in Mizoram’s north‑eastern hill agriculture.",medium,"The abstract discusses socio-economic conditions (poor farmer livelihoods, limited land holdings, adoption by the farming community and input costs) and frames adoption and viability of natural farming in social/economic terms, indicating study of social dimensions rather than only biophysical outcomes."
784,"Ramdas S.R., Pimbert M.P.",2024,A cog in the capitalist wheel: co-opting agroecology in South India,10.1080/03066150.2024.2310739,Scopus,high,"The paper focuses explicitly on Andhra Pradesh’s Zero Budget/Community Managed Natural Farming programme and analyses agroecology and agrarian change in that Indian state, making India the central case and policy context.",high,"The paper explicitly examines Andhra Pradesh Community-Managed Natural Farming (APCNF) and Zero Budget Natural Farming (ZBNF) within an agroecology/alternative farming framework, critiquing its political-economic implications.",high,"The paper critically examines social dimensions—inequality, dispossession, state–capital relations, governance, and peasant/social movement dynamics around APCNF—indicating substantive analysis of socio-economic and political aspects rather than purely biophysical outcomes."
789,"Bharamappanavara S.C., Srivastava Y., Baraj B., Mishra A.K.",2024,Adoption and Scaling Regenerative Agriculture: Strategies for Sustainable Resource Management in Rice-Based Systems,10.1007/978-981-97-7564-4_10,Scopus,high,"The paper centrally examines natural/sustainable farming adoption in India, cites the Indian Green Revolution context, discusses Indian farmers and specific Indian states (e.g., Andhra Pradesh), and uses Indian rice-based systems as the primary case and population.",high,"The paper explicitly examines regenerative and natural farming approaches (including community-managed and Andhra Pradesh models), sustainable agricultural practices and low-input methods for rice systems, focusing on adoption, scaling and resource management rather than conventional industrial agriculture.",high,"The paper examines farmer adoption and scaling of natural/regenerative practices with attention to marginal farmers, community adoption approaches, cost-of-cultivation and income impacts, and needs for ICT, postharvest and market support, indicating substantive socio-economic and community dimensions."
792,"Srinivasa Reddy M., Mishra B.",2024,Advancing Women’s Empowerment and Labour Market Mobility Through MGNREGA in Andhra Pradesh and Telangana,10.1007/978-981-97-9218-4_11,Scopus,high,"The study centers explicitly on India—analyzing MGNREGA impacts and APCNF in the Indian states of Andhra Pradesh and Telangana, making India the primary case and policy context.",high,"The paper explicitly discusses Andhra Pradesh Community-Managed Natural Farming (APCNF) as a strategy for year-round income and its integration with MGNREGA, indicating a clear focus on community-based natural/sustainable farming.",high,"Explicitly examines social dimensions—women’s empowerment, rural labour market impacts, seasonal employment, income and migration dynamics, and policy integration of MGNREGA with APCNF to address livelihoods and poverty alleviation."
794,"Gill S., Johal R.K.",2024,Agrarian Distress in Indian Punjab: A Public Policy Paralysis,10.1525/cse.2024.2168761,Scopus,high,"The paper focuses specifically on agrarian distress and policy options in Punjab (an Indian state) and discusses the Indian policy context and stakeholders, making India the central study site.",high,"The paper explicitly contrasts conventional Green Revolution practices with organic farming and examines policy options and environmental/resource impacts, indicating a clear focus on alternative/sustainable agriculture.",high,"The paper focuses on agrarian distress, stakeholder perspectives and policy choices affecting socio-economic outcomes and livelihoods in Punjab, indicating substantive treatment of social dimensions (policy participation, stakeholders, and socio-economic impacts)."
799,"Shubham, Mukteshawar R., Rohila A.K., Chahal P.K., Ghanghas B.S., Kumar R.",2024,Analysis of constraints on the adoption of management practices for water conservation in Haryana,10.36953/ECJ.26032748,Scopus,high,"The study is explicitly based on primary fieldwork in five districts of Haryana, India, focusing on Indian farmers and local water-conservation management constraints, so India is the central study context.",high,The study investigates farmers’ adoption of water-conservation management practices—a sustainable/conservation agriculture issue—so it addresses alternative/sustainable farming approaches.,high,"Survey-based study of farmers’ constraints to adopting water-conservation practices addresses socio-economic barriers (financial, infrastructure, labor, awareness) and policy/motivation issues, so it substantively examines social dimensions of farming."
805,Mishra B.,2024,Assessing Farm Income and Input Efficiency Under Zero-budget Natural Farming in India,10.1177/00194662241265469,Scopus,high,"The study explicitly examines Zero-budget Natural Farming among Indian farmers using household survey data and Indian policy/contextual analysis, making India the primary study site and population of interest.",high,"The study explicitly evaluates Zero-budget Natural Farming (ZBNF) and associated agroecological practices versus chemical farming, focusing on costs, income, and input efficiency, which are alternative/sustainable farming approaches.",high,"Uses household survey and political agroecology framing to analyze farm income, production costs, input efficiency and region-specific heterogeneities, including government and local stakeholder support and constraints — addressing livelihoods, socio-economic and policy dimensions."
806,"Habanyati E.J., Paramasivam S., Seethapathy P., Manalil S.",2024,"Assessing Organic Farming Adoption in Selected Districts of Tamil Nadu: Challenges, Practices, and Pathways for Growth",10.3390/agronomy14112537,Scopus,high,"The paper is centrally focused on organic farming adoption in Tamil Nadu (India), using a primary survey of farmers across specific Indian districts and region-specific analyses, so India is the primary study context.",high,"The study explicitly examines adoption, practices, region-specific inputs, and challenges of organic farming among smallholder farmers in Tamil Nadu, including traditional organic formulations and microbial bio-inputs, making it clearly about a non-conventional sustainable farming approach.",high,"The paper surveys 300 smallholder organic growers and analyzes farmer perceptions, economic viability, market demand, information services and adoption challenges—substantive socio-economic and livelihood dimensions rather than purely agronomic outcomes."
818,"Kuruganti K., Prasad C.S., Shah K.",2024,Balancing Collaboration with Autonomy: Civil Society and Agroecology Movement in India,10.1177/09730052241301501,Scopus,high,"The paper explicitly examines the agroecology movement and civil society actions within India, traces historical and policy developments in the Indian context, and focuses on Indian state-level scaling of natural farming, making India the central study site.",high,"Explicitly examines the agroecology movement and natural/organic farming in India, including scaling of natural farming and civil-society roles in promoting alternatives to conventional agriculture.",high,"The paper substantively examines social and political dimensions of agriculture by analyzing civil society and the agroecology movement in India, including organizational dynamics, marginalised knowledge systems, socio-economic concerns, and scaling/participation issues rather than only biophysical outcomes."
830,"Keller C., Joshi S., Joshi T., Goldmann E., Riar A.",2024,Challenges for crop diversification in cotton-based farming systems in India: a comprehensive gap analysis between practices and policies,10.3389/fagro.2024.1370878,Scopus,high,The study explicitly examines crop diversification in cotton-based farming systems across multiple specific Indian states and uses India-focused stakeholders and national policy analysis as its core focus.,high,"The study focuses on crop diversification (crop rotation, intercropping), sustainable agriculture and organic cotton in cotton-based smallholder systems and analyzes barriers and policy levers for adoption of these agroecological practices.",high,"The study examines socio-economic and policy barriers and levers to crop diversification—including impacts on smallholder livelihoods, capacity building, market/policy constraints, and women’s empowerment—based on stakeholder interviews and participatory workshops."
845,"Patil D., Jha S.K., Bellagi R.D., Priyanka B.N., Gunashekhar H., Chethan Patil N.D.",2024,Diverging Views on Zero Budget Natural Farming (ZBNF): Insights from Farmers in Northern Karnataka,10.48165/IJEE.2024.60402,Scopus,high,"The study is based on primary survey data from farmers in two districts of Northern Karnataka, India, making an Indian state the central study site and the Indian farming population the primary focus.",high,"The paper explicitly studies Zero Budget Natural Farming (ZBNF) adoption and farmers’ perceptions, which is a non-conventional, sustainable agricultural approach.",high,"The study examines farmer perceptions and adoption categories (adopters, planners, non-adopters) and compares social factors influencing adoption such as labour intensity, reliance on indigenous cattle, and attitudes toward machinery and yields, indicating a substantive social-dimension analysis."
846,"Athawale S., Singh R., Bey B.S., Singh R.J.",2024,Dynamics and Determinants of Crop Diversification Under Natural Farming Regime in Arunachal Pradesh: Application of Tobit Model,10.63040/25827510.2024.02.010,Scopus,high,"The paper is a primary empirical study of crop diversification in specific blocks of East Siang District, Arunachal Pradesh, using data from Indian farmers, so India (an Indian state) is the central focus.",high,"The paper explicitly examines crop diversification under a natural farming regime and discusses traditional/natural farming practices and organic/natural farming techniques in Arunachal Pradesh, indicating a clear alternative/sustainable agriculture focus.",high,"The paper analyses socio-economic determinants of crop diversification (farm size, education, net returns, price exposure) and discusses implications for small and marginal farmers and policy, indicating substantive social dimensions rather than purely agronomic focus."
848,"Ajatasatru A., Prabhu V., Pal B.D., Mukhopadhyay K.",2024,Economy-wide impact of climate smart agriculture in India: a SAM framework,10.1186/s40008-023-00320-z,Scopus,high,"The paper uses an Indian Social Accounting Matrix (2017–18) and evaluates climate-smart agriculture interventions, cropping shifts, and policy implications specifically for India, making India the primary study context and dataset.",high,"The study explicitly evaluates Climate‑Smart Agriculture interventions including Conservation Agriculture, SRI‑SWI, Natural/Zero‑Budget/Organic farming and shifts to lower‑emission crops, so it clearly addresses alternative/sustainable/agroecological farming approaches.",high,"The study uses a Social Accounting Matrix to estimate economy-wide and household income effects of climate-smart farming interventions, addressing socio-economic and livelihood impacts rather than solely biophysical outcomes."
862,"Sahu R.S., Tiwari M.",2024,Ensuring sustainable livelihoods and inclusive growth of Indian smallholder farmers through organic farming: a systematic literature review,10.1007/s42532-024-00190-0,Scopus,high,"The paper explicitly investigates organic farming and its impacts on smallholder and marginal farmers in India, using a systematic review focused on the Indian context, so India is the central study population and policy context.",high,"The paper is a systematic review of organic farming in India and its effects on smallholder livelihoods and sustainability, which directly addresses a non-conventional, sustainable/agroecological farming approach.",high,"The review explicitly examines socio-economic outcomes and inclusive growth for Indian smallholders—addressing livelihoods, income/profit margins, labour requirements, market access and constraints—indicating substantive social analysis."
867,"Ghasal P.C., Mishra R.P., Choudhary J., Dutta D., Bhanu C., Meena A.L., Ravisankar N., Kumar A., Panwar A.S.",2024,"Evaluation of integrated crop management, organic management and natural farming in basmati rice-wheat system under Upper Indo-Gangetic Plains",10.1080/01904167.2023.2209117,Scopus,high,"The study is conducted in the Upper Indo-Gangetic Plains and focuses on the basmati rice–wheat system and locally used Indian management practices (e.g., Beejamrit, Jeevamrit, natural farming), so India is the primary study context.",high,"Directly evaluates organic management and natural farming (using inputs like Beejamrit/Jeevamrit) alongside integrated crop management, assessing productivity and soil health in a rice–wheat system, so it addresses alternative/sustainable farming approaches.",medium,"Although mainly agronomic and soil-focused, the study reports net returns and profitability (income effects) of management systems, which addresses a socio-economic dimension of farming rather than purely biophysical outcomes."
868,"Ch L.D., Bharath Y., Bliznashka L., Kumar V.T., Jonnala V., Chekka V., Yebushi S., Roy A., Venkateshmurthy N.S., Prabhakaran P., Jaacks L.M.",2024,"Evidence of potential impacts of a nutrition-sensitive agroecology program in Andhra Pradesh, India, on dietary diversity, nutritional status, and child development",10.1371/journal.pone.0286356,Scopus,high,"The study evaluates a large-scale nutrition-sensitive agroecology program implemented in Andhra Pradesh and analyzes dietary, nutritional, and child development outcomes in Indian villages, making India the primary study site and population.",high,"The study evaluates a large-scale nutrition-sensitive agroecology program (including homestead food production, crop planning, and related sustainable/agroecological interventions) and its impacts on diets, nutrition, and child development, so it clearly addresses alternative/sustainable farming approaches.",high,"The study evaluates a nutrition-sensitive agroecology program with household- and individual-level social outcomes (men’s and women’s dietary diversity, caregiver-reported child development, anemia prevalence) and includes socioeconomic variables, so it substantively addresses social dimensions of farming interventions."
871,Mishra A.,2024,Extension Strategies for Climate Resilient Agriculture in Eastern Himalayan,10.1007/978-981-99-8014-7_13,Scopus,high,"The study explicitly analyzes farmer perceptions, adaptation strategies, and extension policies for climate-resilient agriculture in India’s Eastern Himalayan region (Central Agricultural University, Imphal, Manipur and the seven North East states), making India the central focus.",high,"The study examines farmer perceptions and adaptation strategies for climate‑resilient agriculture in the Eastern Himalaya and explicitly highlights adoption of natural farming and climate‑smart/transformational changes in cropping systems and land use, indicating an agroecological/alternative farming focus.",high,"The paper examines farmer perceptions and adaptation strategies and the role of extension services, institutions and policy in influencing adoption — substantive social dimensions of decision-making, institutional influence and acceptance."
872,"Thangjam B., Jha K.K., Sharma S., Singh H.",2024,Factors Affecting on Adoption of Sustainable Agricultural Practices in Manipur,10.48165/IJEE.2024.60213,Scopus,high,"Study is explicitly conducted in Manipur (an Indian state) with India-specific data and sample, making India the central focus of the paper.",high,"The study explicitly examines farmer adoption of sustainable agricultural practices (e.g., manual weeding, crop rotation) and factors influencing uptake, indicating a clear focus on alternative/low-input sustainable farming approaches.",medium,"This survey and regression study of farmers' adoption behavior in Manipur likely examines socio-economic and demographic determinants (livelihood, awareness, landholding, etc.) that are social dimensions of farming, but the abstract does not explicitly list which specific social factors (gender, caste, tenure, migration) were analyzed."
873,"Janakanandhini P., Malarkodi M., Divya K., Padma S.R., Vidhya D.",2024,"Farmers' preference of organic farming in Coimbatore district, India",10.14719/pst.5772,Scopus,high,"The study is explicitly conducted in Coimbatore district and analyzes Indian farmers' preferences and barriers to organic farming, making India the primary study site and population of interest.",high,"The study explicitly examines adoption and farmer preferences for organic farming and barriers to certification, addressing a non-conventional, sustainable agricultural approach.",high,"The study examines farmers' motivations and barriers to adopting organic farming—highlighting economic incentives, market demand, certification costs, and the need for targeted training—indicating substantive socio-economic and policy-related analysis rather than purely agronomic focus."
875,"Thangjam B., Jha K.K.",2024,Farmers’ Attitude towards Adoption of Sustainable Agricultural Practices: A Study in Manipur,10.48165/IJEE.2024.60407,Scopus,high,"The study is conducted in four districts of Manipur (an Indian state) with data from local farmers, making India the primary geographic and population focus.",high,"The study specifically examines farmers' attitudes and determinants for adopting sustainable agricultural practices in Manipur, indicating a clear focus on non-conventional/sustainable farming approaches.",high,"The study analyzes socio-economic determinants of farmers’ attitudes (age, family size, education, landholding, extension contacts, etc.) and recommends social measures like farmer cooperatives, indicating substantive treatment of social dimensions."
876,"Jayaraman A., Rajan S.C., Ramu P.",2024,Food system resilience: Unraveling power relations and the Matthew effect in farmers networks,10.1016/j.techfore.2023.123144,Scopus,high,"The study uses field data from two natural farming Farmer Producer Companies in rural India and analyzes India-specific institutions, populations, and governance, making India the central focus.",high,"The study explicitly examines Farmer Producer Companies practicing natural farming, a non-conventional/sustainable agroecological approach, and analyzes how power relations affect their resilience, so it clearly fits the review scope.",high,"The study explicitly investigates social dimensions—power relations, inequality (Matthew effect), democratic participation, and the inclusion of marginal and women farmers within Farmer Producer Companies, addressing socio-economic and gender aspects of food-system resilience."
883,"Katsir S., Biswas A.K., Urs K., Lenka N.K., Jha P., Arora K.",2024,Governing soils sustainably in India: Establishing policies and implementing strategies through local governance,10.1016/j.soisec.2024.100132,Scopus,high,"The paper explicitly examines soil degradation and governance in India, focusing on Indian institutions (Panchayats), national policy proposals, and India-specific agricultural practices, making India the central case.",high,"The paper explicitly discusses policy support for natural farming and biofertilizer use and advocates village-level implementation for soil rehabilitation, indicating a clear focus on non‑conventional, sustainable farming approaches.",high,"The paper examines local governance (Panchayat) and policy implementation for soil rehabilitation and natural farming, addressing political/institutional and community-level aspects rather than solely agronomic outcomes."
901,"Philip B., Suresh G.",2024,India's Agriculture Sector's Journey towards Sustainable Development Goals: Assessing Governmental Interventions and Sectoral Outcomes,10.13189/ujar.2024.120212,Scopus,high,"The paper explicitly focuses on India’s agriculture sector and government interventions to achieve the SDGs, using India as the primary country and policy context for analysis.",high,"The paper evaluates SDG-focused government interventions in agriculture and explicitly lists Natural Farming among its keywords, indicating it addresses alternative/sustainable farming approaches rather than only conventional agriculture.",high,"The paper explicitly examines socio-economic and policy dimensions — poverty alleviation, food security, rural livelihoods, and government interventions affecting agricultural communities and SDG outcomes, indicating substantive social analysis."
904,"Dorin B., Degron R., Landy F.",2024,"Industrial agriculture, organic farming and agroecology: Europe-India cross-perspectives [Agriculture industrielle, agriculture biologique et agroécologie: regards croisés Europe-Inde]",10.1051/cagri/2024026,Scopus,high,"The paper is a Europe–India comparative study that explicitly examines Indian agricultural models and policies, including a specific case (Andhra Pradesh’s Natural Farming), so India is a central focus.",high,Comparative analysis of agroecological transitions that explicitly examines organic farming and Natural Farming (including Andhra Pradesh Natural Farming) as alternatives to industrial agriculture in India and Europe.,high,"The paper compares socio-technical and policy conditions for the emergence of Organic and Natural Farming in Europe and India and explicitly addresses social/economic outcomes (employment, emancipation from industrial, jobless regimes) and programme-level dynamics, indicating substantive study of social dimensions."
944,"Behl P., Osbahr H., Cardey S.",2024,"New Possibilities for Women’s Empowerment through Agroecology in Himachal Pradesh, India",10.3390/su16010140,Scopus,high,"The paper is a qualitative case study of a specific Indian state (Himachal Pradesh) and its state-led natural farming programme, with Indian women farmers and local policy context as the central focus.",high,"The paper examines a state programme to transition farmers to natural farming/agroecology and analyzes how those alternative, low-input practices and associated networks and training affect women’s empowerment and livelihoods.",high,"Qualitative case study explicitly examines gendered social dimensions—women’s empowerment, decision-making, leadership, networks, livelihoods and community agency in the transition to agroecology, so it substantively addresses social factors."
951,"Parameswaran S., Sanghvi M., Josephine Williams M., Tandon A., Rawat G., Som A., Monica L.",2024,Optimizing Food Production with a Sustainable Lens: Exploring Blockchain Technology in Raw Plant Materials and Organic Techniques in Achieving Sustainable Development Goals,10.1109/TQCEBT59414.2024.10545026,Scopus,high,"The abstract repeatedly frames the analysis and policy recommendations specifically for India (including Indian agricultural sector, SDG targets for India, and a customized Indian policy framework), making India the central focus rather than a peripheral example.",high,"The paper explicitly centers on organic techniques and multiple sustainable/alternative farming practices (use of raw plant materials, water-efficient irrigation, eco-friendly pest control, soil and biodiversity benefits) and policy measures to scale them, so it addresses non‑conventional/agroecological approaches.",medium,"The paper explicitly discusses social outcomes and policy measures—community resilience, food security, farmer income, cultural heritage, equitable trade, education/extension, financial tools and subsidy redistribution—indicating substantive treatment of socio-economic and community dimensions even though the approach appears conceptual rather than narrowly agronomic."
975,"Sidhu A.S., Bhullar S.S., Aulakh C.S., Singh S.",2024,Productivity and energetics of basmati rice-wheat cropping systems under different farming conditions in northwest India,10.1080/01448765.2024.2409757,Scopus,high,"The paper reports field experiments and economic/energetic analysis of basmati rice–wheat systems conducted at Punjab Agricultural University in Ludhiana, Punjab, and explicitly focuses on Indian farming systems and outcomes.",high,"The study explicitly compares organic and natural farming (non-conventional/sustainable approaches) as well as integrated nutrient/crop management against conventional chemical management, assessing productivity, economics, and energetics.",medium,"Although primarily agronomic and energetics-focused, the paper reports net returns, benefit-to-cost ratios and price premiums for organic versus conventional systems, which constitutes an analysis of income/economic outcomes for farmers (a social/livelihood dimension)."
984,Fazli C.E.,2024,Reflections on &#x2028;Agroecology and Social Justice in Malwa-Nimar,10.1177/09730052241284708,Scopus,high,"The paper explicitly studies agroecology and social justice in the Malwa-Nimar region of India, using Indian regional social dynamics (caste, gender, class) and local practice as the primary case and analytic focus.",high,"The paper explicitly examines agroecology as an alternative/sustainable farming approach in Malwa-Nimar, focusing on agroecological practice and its social-justice implications and challenges to structural inequalities.",high,"The study explicitly examines agroecology in Malwa-Nimar through the lenses of caste, gender, class and labour relations, assessing social and epistemic justice and structural inequalities in rural transformation."
1033,"Prasad C.S., Chakraborty A., Dutta D.",2024,"The need for ground-up transitions: exploring the knowledge politics of agroecology in Gujarat, India",10.1080/21683565.2024.2316124,Scopus,high,"The study specifically investigates agroecology and knowledge politics in the Indian state of Gujarat, using primary data (survey of 250 farmers across 12 districts), and focuses on state policy and local actors, making India the central context.",high,"The paper explicitly examines agroecology and the promotion of Zero-Budget Natural Farming/natural farming in Gujarat, focusing on farmer practices, knowledge politics, and policy implementation, which fits alternative/sustainable farming approaches.",high,"The paper substantively examines social dimensions — knowledge politics, institutional arrangements, state–civil society relations, extension and learning processes among farmers and stakeholders — rather than only biophysical/agronomic outcomes."
1036,"Sahu R.S., Tiwari M., Deka N.",2024,The role of organic farming in creating food security and sustainable livelihoods for India’s smallholder farmers: a systematic review using PRISMA,10.1007/s13165-024-00457-6,Scopus,high,"The paper explicitly investigates organic farming’s effects on smallholder food security and livelihoods in India, using a systematic review of studies conducted in India and focusing on the Indian policy and market context.",high,"This systematic review explicitly evaluates organic farming in India and its effects on smallholders' food security and livelihoods, which is a recognized alternative/sustainable agricultural approach.",high,"The paper is a systematic review explicitly examining organic farming’s effects on smallholder livelihoods, income and food/nutrition security, and discusses social/economic factors such as labor constraints, market access and financial barriers in India."
1051,"Mazumdar D., Bhattacharjee M.",2024,Zero Budget Farming and Export Competitiveness of Agricultural Sector in LDCs: An Introspection with Reference to India,10.1108/978-1-83608-336-820241009,Scopus,high,"The paper explicitly analyzes zero-budget/organic farming and export competitiveness with India as the primary case/reference and discusses India-specific agricultural, policy, and export issues.",high,The chapter explicitly examines Zero-Budget Natural Farming (ZBNF) and organic/reduced-inorganic practices as alternatives to conventional agriculture and their implications for small-farm viability and export competitiveness in India.,high,"The chapter examines economic viability and affordability for small and micro farms and how zero-budget farming affects livelihoods and market access (export competitiveness) for farmers in India, which addresses socio-economic and livelihood dimensions of farming."
1059,"Raghavendra K.J., Kumara T.M.K., Gowda C., Kandpal A., Bhat S., Amrutha T., Shivaswamy G.P., Nithyashree M.L., Ravisankar N.",2025,A meta-analysis on economic performance of organic vis-à-vis conventional farming in India,10.1007/s10098-024-03053-0,Scopus,high,"The paper explicitly conducts a meta-analysis of agricultural studies drawn from India and focuses on Indian crops, regions, and implications for Indian farmers, making India the primary study context.",high,"This meta-analysis directly evaluates organic farming in India compared to conventional agriculture, examining yields, costs, drivers, and implications for sustainable/alternative farming systems.",high,"The paper explicitly analyzes economic performance (costs, net returns, profitability) of organic versus conventional farming in India, which directly addresses livelihoods/income effects — a social dimension of farming."
1063,"Prasad C S., Dutta D., Chakraborty A.",2025,Academic Institutions as Innovation Intermediaries; Co-creating knowledge and building the Gujarat agroecology learning alliance (GALA),10.1016/j.eist.2025.101033,Scopus,high,"The paper is a case study centered on an Indian higher-education institution and the creation of an agroecology learning alliance in Gujarat, so India (a specific Indian state) is the primary study site and context.",high,"The paper explicitly examines the creation of an agroecology learning alliance and the co-production of agroecological and indigenous knowledge to support sustainability transitions, indicating a clear focus on alternative/sustainable farming approaches.",high,"The paper analyzes HEI-mediated network governance and learning alliances that engage civil-society, marginalized grassroots actors and indigenous knowledge, addressing social structures, inclusive governance, and collective experimentation in agroecology."
1069,"Arora S., Narayanarao B., Mittal N., Vadekkal R.S.",2025,"Agricultural innovations for sustainability? Diverse pathways and plural perspectives on rice seeds in Odisha, India",10.1007/s10460-024-10666-0,Scopus,high,"The paper explicitly studies rice seed innovation pathways in Odisha and centers Indian stakeholders (including Adivasi smallholders), making India the primary study site and policy context.",high,The paper explicitly contrasts an agroecological pathway—centered on saving/sharing diverse local rice varieties and Indigenous smallholders—with an industrial breeding pathway and argues for supporting marginalised agroecological approaches to sustainability.,high,"The paper analyzes social and institutional dimensions—contrasting Indigenous Adivasi smallholders’ seed saving/sharing and cultural uses with industrial breeding, assessing accessibility, marginalisation, land restitution and political support—rather than solely agronomic outcomes."
1081,"Thallam V.K., Patel R.",2025,Andhra Pradesh community managed natural farming–a conversation,10.1080/03066150.2024.2445650,Scopus,high,"The paper is explicitly centered on Andhra Pradesh’s Community Managed Natural Farming program and discusses the state's parastatal agency, making India (specifically an Indian state) the primary focus.",high,"Paper focuses on Andhra Pradesh Community Managed Natural Farming (APCMF), an explicit agroecological/natural farming initiative transitioning farmers away from conventional practices.",high,"The conversation focuses on institutional, policy and community-managed aspects of Andhra Pradesh Community Managed Natural Farming—including relationships with donor agencies, the parastatal implementer and prospects for community-driven change—indicating substantive social and political dimensions rather than purely agronomic analysis."
1087,"Amalan A.A., Aram I.A.",2025,Artificial Intelligence Adoption in Non-Chemical Agriculture: An Integrated Mechanism for Sustainable Practices,10.3390/su17198865,Scopus,high,"The study was conducted in Tamil Nadu using survey and focus-group data from 57 farmers across 18 districts, making an Indian state the primary study site and population of interest.",high,"The study explicitly investigates adoption of AI among farmers practicing non-chemical/sustainable agriculture (NCAM) in Tamil Nadu and frames its findings around sustainable, climate-smart, and justice-centred agricultural practices, which aligns with alternative/agroecological farming approaches.",high,"The study explicitly examines socio-economic and justice-related factors shaping AI adoption among NCAM farmers in Tamil Nadu—including marginal farmers, labour shortages, digital inclusion, extension services, and cultural/political justice—indicating substantive social analysis."
1088,"Gireesh S., Dinesh G.K., Adityan S., Abinaya S., Aravindharajan S.T.M., Anokhe A., Venkatramanan V., Manu S.M., Shahidha P.A., Geetha I.R., Surendhar P.",2025,Assessing India’s Millet Promotion Policies: Schemes and Initiatives of the Government of India to Promote Millets for Food and Nutritional Security through a Systematic Approach,10.17503/agrivita.v47i3.4332,Scopus,high,"The paper explicitly analyzes Government of India policies and schemes to promote millets, making India the primary policy and study context.",high,"The paper examines government initiatives to promote millets as climate-resilient crops and explicitly frames their promotion in terms of sustainable, agroecological practices and biodiversity conservation, which aligns with alternative/sustainable farming approaches.",medium,"The paper examines government schemes and policy initiatives to promote millets for food and nutritional security — a clear socio-political and food security (socio-economic) dimension of farming, though the abstract does not specify detailed social variables like gender, caste, or livelihoods."
1094,"Thangjam B., Jha K.K.",2025,Assessment of Farmers’ Knowledge towards Sustainable Agricultural Practices (SAP) in Manipur,10.48165/IJEE.2025.61110,Scopus,high,"The study is an empirical, district-level analysis conducted entirely in Manipur (specific Indian districts and farmer respondents), so India is the primary study site and dataset.",high,"The paper explicitly assesses farmers’ knowledge of sustainable agricultural practices (including crop rotation, water harvesting, soil and water conservation, nutrient and pest management, and waste recycling), so it addresses alternative/sustainable farming approaches and extension needs.",high,"Analyzes social/geographic disparities in farmers’ knowledge between valley and hilly districts, considers information sources (e.g., social media) and recommends region-specific extension interventions, indicating substantive social dimensions (location-based inequality and access to information)."
1096,"Bhushan P., Bhardwaj D.R., Sharma P., Dogra R., Pathania S., Kumar D.",2025,"Assessment of pea (Pisum sativum L.) and cauliflower (Brassica oleracea L. var. botrytis) productivity in Mulberry (Morus alba L.) based agroforestry system in mid-hills of the north-western Himalayas: effects of tree canopy, fertiliser and bio-stimulants",10.1007/s10457-025-01276-8,Scopus,high,"The study is a field trial conducted in the mid-hill north-western Himalayas (an Indian region) focusing on mulberry-based agroforestry, crop productivity, soil and management practices specific to that regional context, so India is the central focus.",high,"The study evaluates a Mulberry-based agroforestry system and compares organic and low-external-input practices (vermicompost, FYM, natural farming practices, biostimulants) and crop rotation for soil health and yields, which are clearly within sustainable/alternative farming approaches.",medium,"The study is primarily agronomic but explicitly evaluates economic returns and frames the agroforestry system as a livelihood option, indicating a socioeconomic (income/livelihood) dimension, though it lacks deeper social analysis (gender, caste, tenure, migration, etc.)."
1108,"Swarnam T.P., Velmurugan A., Subramani T.",2025,Blending Traditional Knowledge of Farmers in Agriculture with Modern Scientific Technologies in Andaman and Nicobar Islands,10.1007/978-981-96-1020-4_36,Scopus,high,"The study explicitly examines farming systems, indigenous practices, and recommendations for the Andaman and Nicobar Islands, a specific Indian union territory, making India the primary study site and focus.",high,"Examines indigenous/traditional farming practices and explicitly discusses conservation tillage, green manuring/leaf manuring, leguminous cover crops, organic waste recycling and promotion of natural/low‑input approaches to sustain soil fertility and food security, i.e., agroecological/alternative farming.",high,"The paper examines Nicobari and Karen tribal indigenous knowledge and practices and discusses economic prosperity, marketable surplus, food/nutritional security and land-use conservation, indicating substantive attention to livelihoods, socio-economic conditions and cultural/traditional dimensions."
1109,"Kumar S., Gupta G., Dev I.",2025,Blending Traditional Knowledge of Farmers in Agriculture with Modern Scientific Technologies in Bundelkhand Region of Uttar Pradesh,10.1007/978-981-96-1020-4_19,Scopus,high,"The study is explicitly focused on the Bundelkhand region of Uttar Pradesh, India, examining indigenous agricultural practices and interventions there, so India is the primary study site and population.",high,"The paper explicitly addresses blending indigenous/traditional farming knowledge with sustainable practices (mulching, integrated nutrient management, agroforestry, watershed approaches) to reduce chemical inputs and enhance resilience, indicating a clear alternative/agroecological focus.",high,"The paper explicitly examines indigenous/traditional knowledge and farming practices of Bundelkhand farmers and their integration with modern technologies, addressing cultural/knowledge dimensions and farmer-level impacts rather than solely biophysical outcomes."
1110,"Prasad M., Kumar S., Kumar A., Khan N., Shukla S.K.",2025,Blending Traditional Knowledge of Farmers in Agriculture with Modern Scientific Technologies in Central Uttar Pradesh,10.1007/978-981-96-1020-4_16,Scopus,high,"The paper explicitly studies indigenous and modern agricultural practices in the central region of Uttar Pradesh (listing specific Indian districts), so India is the primary study site and population of interest.",high,"The study explicitly examines indigenous and traditional farming practices and their integration with modern technologies to promote sustainable, low‑input approaches (e.g., mulching, integrated nutrient management, agroforestry) for natural resource management and resilience in central Uttar Pradesh.",high,"The paper documents and analyzes farmers' indigenous/traditional knowledge and how social preferences and practices (including shifts toward profit-oriented modern practices), livelihood impacts (profitability, food security), and community-level resource management are integrated with modern technologies, indicating substantive social dimensions."
1111,"Verma S., Vashisth S., Bhushan L., Acharya C.L.",2025,Blending Traditional Knowledge of Farmers in Agriculture with Modern Scientific Technologies in Cold Desert Region of Himachal Pradesh,10.1007/978-981-96-1020-4_10,Scopus,high,"The study specifically examines agricultural practices and interventions in the cold desert regions of Himachal Pradesh (Lahaul‑Spiti and adjoining districts), making an Indian state and its local farming population the primary study context.",high,"The paper documents indigenous, chemical-free and natural/organic farming practices and discusses blending those with integrated nutrient management, micro-irrigation and other agroecological measures in the cold desert regions of Himachal Pradesh.",high,"The chapter explicitly addresses indigenous knowledge of tribal farmers, cultural practices (Buddhist-dominant areas), and socio-economic pressures driving shifts to high‑input crops along with technology transfer, indicating substantive attention to livelihoods, culture, and socio-economic dimensions."
1112,"Madhu M., Hombegowda H.C., Bishnoi R.",2025,Blending Traditional Knowledge of Farmers in Agriculture with Modern Scientific Technologies in Hill and Tribal Areas of Odisha,10.1007/978-981-96-1020-4_29,Scopus,high,"The chapter centrally examines traditional agricultural practices, soil and water conservation, and cropping systems in tribal hill areas of Odisha (Eastern Ghats), making a specific Indian region and population the primary focus.",high,"The chapter documents indigenous and natural farming approaches (low‑input/minimum tillage, stone/wood bunding and traditional water‑harvesting, native cultivars, mixed and multitier cropping, residue retention and local manures) that are explicitly sustainable and alternative to conventional industrial agriculture.",high,The chapter documents indigenous tribal traditional knowledge and farming practices in Odisha—an explicit cultural/indigenous-knowledge social dimension of natural farming—even though it also reports agronomic outcomes.
1113,"Patel K.P., Patel K.C., Kumar D.",2025,Blending Traditional Knowledge of Farmers in Agriculture with Modern Scientific Technologies in the State of Gujarat,10.1007/978-981-96-1020-4_4,Scopus,high,"The paper focuses specifically on agricultural practices, traditional knowledge, and technological interventions in the Indian state of Gujarat, making India (Gujarat) the central study site and policy/population context.",high,"The paper explicitly discusses blending indigenous/traditional knowledge with scientific methods including NADEP/Jivamrut/Amritpani natural-farming inputs, indigenous plant protection, low-external-input practices and other alternative sustainable soil, water and nutrient management approaches in Gujarat.",medium,"The paper examines farmers' indigenous/traditional knowledge (including tribal/indigenous contexts) and quantifies monetary/net income benefits from adopting blended practices, indicating attention to socio-economic (income/livelihood) and cultural dimensions beyond purely biophysical outcomes."
1115,"Kumar S., Bhattacharya D., Banerjee M.",2025,Bridging behavioral theories and government initiatives: understanding the drivers of biopesticide adoption among farmers in India,10.1017/S1742170525100070,Scopus,high,"Uses primary survey data from four districts in Bihar and analyzes Indian farmers’ adoption of biopesticides and related government initiatives, making India the central study context.",high,"The study examines farmers’ adoption of biopesticides and discusses policy measures for organic/sustainable production, which constitutes a non‑conventional, low‑chemical and sustainable farming approach.",high,"The study empirically examines farmers’ attitudes, subjective norms, government policy influences and socio-economic barriers (price, income inequality, affordability) affecting biopesticide adoption, which are substantive social dimensions of agricultural practice."
1118,"Rao C.S., Jagadesh M., Chandana V.M., Kumar G.R., Venu N., Karthik R., Baral K.",2025,Carbon Farming Opportunities and Action Plan Toward Achieving SDGs in India,10.1007/978-981-96-0759-4_13,Scopus,high,"The chapter explicitly focuses on carbon farming in Indian agriculture, discusses Indian government programs (e.g., National Mission on Natural Farming, Paramparagat Krishi Vikas Yojana), and frames action plans toward achieving India’s SDGs, making India the central context.",high,"Focuses on carbon farming and related sustainable practices (soil carbon enhancement, agroforestry, cover crops) and references policy programs promoting natural/organic farming, indicating an alternative/sustainable agriculture emphasis.",high,"The chapter explicitly examines policy instruments, market mechanisms (carbon credits), government programs, and implications for farmer livelihoods and empowerment, indicating substantive treatment of socio-economic and governance dimensions of farming."
1120,"Nichols C.E., Kumari N.",2025,Centering the body in agricultural development: Bridging conceptualizations of bodies-as-mechanism and bodies-as-affective,10.1016/j.socscimed.2024.117593,Scopus,high,"The paper draws on primary qualitative data from central India (explicitly named as one of the main study sites) and uses Indian rural producer experiences as a core case in its comparative analysis, not merely a passing mention.",high,"The paper explicitly engages with agroecology, chemical-free/organic and nutrition-sensitive farming and examines trade-offs of diversified, alternative food production systems (including sites in central India), so it addresses sustainable/alternative farming approaches.",high,"The paper substantively examines social dimensions—gender, labor practices and burdens, inequities, and the social/sensorial meanings of feeding and work—using qualitative data from India (and the US) to link agricultural systems to producer wellbeing and nutrition."
1132,"Lakshmi R., Singh V.K., Singh D.K., Priyanka V., Kumar M.",2025,Constraints Faced by Farmers in Adapting to Climate Change in North Bihar,10.48165/IJEE.2025.614RN06,Scopus,high,"The study is explicitly conducted in North Bihar (Darbhanga and Sitamarhi districts) and focuses on Indian farmers and local constraints to climate change adaptation, making India the central study context.",medium,"The paper examines farmer constraints to climate-change adaptation and explicitly cites lack of training in climate-smart agriculture and input/timing issues, indicating relevance to sustainable/alternative farming approaches rather than purely conventional agronomy.",high,"The study explicitly examines social and institutional constraints shaping adaptive capacity—including land fragmentation and tenure-related issues, labor scarcity, extension and information gaps, training deficits, and financial barriers—so it substantively addresses social dimensions of farming."
1133,"Suman S., Deb A., Prusty A.K.",2025,Constraints and Strategic Suggestions for Enhancing Integrated Farming Systems among Bonda Tribal Family Farms,10.48165/IJEE.2025.613RN05,Scopus,high,"The study is centered on the Bonda tribe in Khairput block, Malkangiri district, Odisha, using primary data from 150 respondents, making India the primary study site and population.",high,"The study explicitly focuses on Integrated Farming Systems as a sustainable, diversified farming approach for tribal family farms and discusses adoption barriers and strategies (capacity building, soil/water conservation, livelihood diversification), indicating an alternative/agroecological farming angle.",high,"The study explicitly investigates social dimensions among the Bonda PVTG—cultural resistance to change, livelihood and market-access constraints, training and capacity-building needs, and participatory, culturally relevant recommendations—indicating substantive social analysis."
1137,"Kumar A., Divyanshu, Prasher R.S., Chandel R.S., Dev I., Sharma S., Mehta P., Vashishat R.K.",2025,"Correction: Market performance and supply chain selection dynamics for vegetables grown through sustainable practices in the Northwest Himalayan region (Frontiers in Sustainable Food Systems, (2025), 9, (1558481), 10.3389/fsufs.2025.1558481)",10.3389/fsufs.2025.1654484,Scopus,high,"The study explicitly focuses on the Northwest Himalayan region with author affiliations in Himachal Pradesh, India, indicating India (a specific Indian region) is the central study site and policy/context of interest.",high,"The article (and its keywords) explicitly focus on vegetables grown through sustainable practices including natural farming and market/supply-chain dynamics, indicating an alternative/sustainable farming angle.",high,"Focuses on market performance, supply chain selection, consumer awareness and marketing challenges for vegetables grown with natural/sustainable practices, which are substantive socio-economic and livelihood/social-structure issues rather than purely agronomic outcomes."
1152,"Sharma A., Kant V., Malhotra S.",2025,Designing a participatory-based permaculture toolkit for marginal Indian farmers to support sustainable farming,10.1080/14606925.2025.2573718,Scopus,high,"The study explicitly centers on marginal Indian farmers, describing co-design workshops, toolkit development, and policy/practice implications specifically for sustainable farming in India, making India the primary study context.",high,"The paper focuses on designing a participatory permaculture toolkit to support sustainable, alternative farming practices among marginal Indian farmers, indicating a clear agroecological/alternative agriculture orientation.",high,"The paper focuses on co-design with marginal farmers through participatory workshops and addresses barriers to adoption (knowledge, training, decision-making), which substantively engages socio-economic and community participation dimensions of farming."
1154,"Aliyar Q., Devakumar A.S., Shivaramu H.S., Abdollahzadeh G.",2025,Determinants in the adoption of drought adaptation strategies of smallholder farmers in drought-prone areas of India,10.1007/s00704-025-05383-5,Scopus,high,"The study uses primary data collected from farmers in Karnataka State and analyzes drought adaptation strategies within Indian semi-arid agricultural contexts, making India the central focus.",high,"The study explicitly documents agroecological and low-external-input adaptation practices — e.g., intercropping, application of farmyard manure, construction of bunds, and use of tolerant varieties — indicating a focus on sustainable/alternative farming approaches.",high,"The study explicitly analyzes socio-demographic and socioeconomic determinants (literacy, landholding size, household size, loan use, and overall socioeconomic status) shaping farmers’ drought adaptation choices, so it substantively addresses social dimensions such as land access, poverty/livelihoods, and socio-economic conditions."
1155,"Vennelasree V., Divya K., Uma K., Prahadeeswaran M., Ashok kumar G.",2025,Determinants of the adoption of biological control agents in Andhra Pradesh,10.14719/pst.6106,Scopus,high,"The study is an empirical investigation conducted in Kurnool district, Andhra Pradesh, focusing on local farmers and adoption of biological control agents in an Indian state, so India is the primary study context.",high,"The paper investigates farmers' adoption of biological control agents, a non-chemical, sustainable pest-management practice and part of alternative/agroecological farming approaches, including barriers and policy recommendations to support sustainable agriculture in Andhra Pradesh.",high,"The study explicitly examines socio-economic and demographic determinants (age, gender, education, income, farm size, training, organization membership) and barriers (knowledge, credit access, entrenched practices), addressing livelihoods, training and collective action, so it substantively investigates social dimensions."
1175,"Yadav A.K., Chandel A., Chandel R.S., Gupta R.K., Sharma S., Shankar S.V., Ananthakrishnan S.",2025,"Economic assessment of natural farming over conventional methods in Himachal Pradesh, India",10.18520/cs/v129/i6/537-543,Scopus,high,"The study is an India-specific empirical analysis using primary survey data from Kangra district, Himachal Pradesh, and focuses on farming practices, outcomes, and policy implications within the Indian context.",high,"The study explicitly evaluates natural farming (a non-conventional, sustainable approach) compared with conventional methods, addressing costs, yields, and sustainability challenges in Himachal Pradesh.",high,"The study compares cultivation costs and net farm incomes between natural and conventional systems and explicitly discusses labour intensity and market access constraints, indicating substantive analysis of livelihoods and socio-economic factors."
1188,"Mohanty P.R., Sahoo M., Ghosh S.",2025,Empowered by Enterprise: Evaluating Livelihood Status Improvement through Attracting and Retaining Youth in Agriculture (ARYA),10.48165/IJEE.2025.61211,Scopus,high,"The study evaluates ICAR's ARYA initiative using primary survey data from Puri district in Odisha, making an Indian state and Indian rural youth the central study site and population.",medium,"The study evaluates an ICAR youth agripreneurship programme that explicitly frames outcomes as promoting sustainable agricultural practices and resilient, low‑investment livelihoods, but the abstract lacks detail on specific alternative or agroecological methods, so relevance is likely but not certain.",high,"The study evaluates rural youth agripreneurs’ livelihood status and reports changes in income, social participation, and information-seeking, directly addressing age/generational and socio-economic/social dimensions of farming."
1204,"Divyanshu, Sharma S., Chandel R.S., Vashishat R., Verma S.C., Verma S., Bharat N.K., Thakur K.S., Dev I., Chauhan S., Chandel A., Kishore K., Kumar A.",2025,Evidence of transitioning apple farming to an agro-ecological model in Himachal Pradesh,10.3389/fnut.2025.1611137,Scopus,high,"The study is explicitly conducted in Himachal Pradesh (an Indian state) using primary data from 140 apple farms there, making India the central geographic and empirical focus.",high,"Directly compares Natural Farming (an agroecological/alternative approach) with conventional apple orchards in Himachal Pradesh, assessing soil health, pest management and economic outcomes.",high,"Although primarily agro-ecological, the paper explicitly analyzes farm-level economic outcomes (profitability, variable costs, and economic resilience), which constitutes a substantive socio-economic dimension of farming/livelihoods."
1228,"MC S.C., Rao Sahib P., Achuthan K., Chandran R.",2025,From farm to table: India’s transition towards cashew production and sustainable livelihood of smallholder farmers,10.1080/14735903.2025.2557083,Scopus,high,"The paper is an empirical study focused on cashew cultivation among smallholder farmers in southern India, using India-specific data and making policy recommendations for the Indian context.",medium,"The study on smallholder cashew production discusses sustainable-livelihood measures and recommends agroecological practices (intercropping with staples, slope stabilization, climate-resilient varieties and promotion of best practices/cooperatives), indicating an alternative/sustainable farming angle though it is primarily focused on livelihoods rather than a specific alternative farming system.",high,"The study explicitly analyzes social and economic dimensions of cashew cultivation among smallholders—income, poverty reduction, food security, education access, social recognition, housing, and policy/cooperative interventions—indicating substantive social analysis."
1253,"Thomas R., Gupta V.K., Vidyarthi V.K., Somvanshi R., Attupuram N.M., Kumar S., Singh R.K.",2025,Historical and cultural perspectives of pigs in ancient India and prospects of natural pig farming in contemporary India,10.56093/ijans.v95i4.159298,Scopus,high,"The paper explicitly focuses on pigs in ancient India and contemporary Indian pig farming (population, trade, and policy prospects), making India the central study context.",high,"The paper explicitly discusses prospects for natural and organic pig farming, indigenous breeds suited to low-input natural systems, and sustainability/carbon-neutrality in contemporary pig production, indicating a clear alternative/sustainable farming focus.",high,"The paper explicitly examines historical and cultural perspectives of pigs in India and discusses contemporary prospects for natural/organic pig farming including value addition and food-security/economic aspects, indicating substantive treatment of cultural and livelihood/social dimensions."
1256,Brown T.,2025,"Humus gnosis: soil fertility, research and funding in the life of Sir Albert Howard",10.1017/S0007087424001468,Scopus,medium,"The paper explicitly treats Howard’s engagement with ‘Eastern’ practice and devotes a core topic to financial support for the Institute of Plant Industry at Indore, making India/Indore a central case in the analysis even though the study also considers British contexts.",high,"A historical analysis of Sir Albert Howard centers on composting and his opposition to artificial fertilizers—topics foundational to organic and alternative farming approaches, so the paper clearly engages with non‑conventional/sustainable agriculture.",high,"The article analyzes funding, patents, institutional ownership and ideological debates around organic versus chemical agriculture—addressing political, economic and institutional/social dimensions of agricultural research rather than only biophysical outcomes."
1272,"Berger I., Kamble A., Morton O., Raj V., Nair S.R., Edwards D.P., Wauchope H.S., Joshi V., Basu P., Smith B., Dicks L.V.",2025,"India’s agroecology programme, ‘Zero Budget Natural Farming’, delivers biodiversity and economic benefits without lowering yields",10.1038/s41559-025-02849-7,Scopus,high,"The paper evaluates India’s government-incentivized Zero Budget Natural Farming programme using Indian landscapes and farmer outcomes as the primary study context, making India the central focus.",high,"The study evaluates India’s large-scale Zero Budget Natural Farming agroecology programme (ZBNF), assessing biodiversity and socio-economic outcomes and comparing agroecological practices with conventional agrichemical-based farming.",high,The study explicitly co-analyzes socio-economic impacts of the ZBNF programme—reporting changes in farmers’ economic profits and implications for livelihoods—so it substantively examines social dimensions of farming.
1279,"Berger I., Bhan M., Bhangaonkar R., Chaudhary A., Mallapu G.R., Nair T., Ramireddy E., Raj R., Ramprasad V., Sankararaman V., Singh V., Hareesha A.S., Basu P., Bheemappa B., Biradar C., Chatterjee A., Dagam R., Edwin Devarathna I.O.K., Gergan R., Patibandla V., Paul B., Pulluri V.K., Rajamani N., Ramireddy M., Siddiqui I., Vadaganambi Ramachari S., Tampal F., Udayraj S., Venkateswarlu T., Dicks L.V.",2025,"Integrated land systems for sustainable food production and biodiversity conservation in the semi-arid to moist tropics: stakeholder perspectives from Andhra Pradesh, India",10.3389/fsufs.2025.1594356,Scopus,high,"The paper is explicitly focused on Andhra Pradesh, India (a specific Indian state) and examines local land-system transitions, policies, and stakeholder perspectives, making India the central study context.",high,"The paper explicitly addresses Zero Budget Natural Farming and broader agroecological/alternative farming transitions in Andhra Pradesh, focusing on sustainable, low-input practices and their integration with biodiversity and food-system policy.",high,"The study centers on multi-stakeholder perspectives and governance of the ZBNF transition, addressing equity, social organisations and infrastructure, participatory processes, value chains and policy alignment — substantive social dimensions rather than purely biophysical outcomes."
1280,"Das J., Sharma U., Sankhyan N., Sharma S., Chauhan V., Parida S., R A.A.",2025,Integrating millets into agroforestry systems: A climate-smart strategy for sustainable land use and livelihood improvement with special emphasis on India,10.1016/j.tfp.2025.101087,Scopus,high,"The review explicitly gives special emphasis to India, synthesizing regional evidence from India and discussing Indian agronomic practices, traditional knowledge, and policy/institutional implications, making India a central focus.",high,"The paper focuses on millet-based agroforestry and mixed-cropping systems that emphasize low-external-input, climate-resilient, biodiversity-friendly and traditional/indigenous practices—clear agroecological/sustainable farming approaches.",high,"The review explicitly examines rural livelihoods and economic returns, highlights traditional ecological knowledge and indigenous land-use practices, and discusses participatory research, policy and institutional support, indicating substantive attention to social dimensions (livelihoods, culture, and institutions)."
1281,"Kumar S., Chethan Patil N.D., Sandhu H.S., Jarial S.",2025,Integrating tradition and innovation: The role of indigenous knowledge systems in modern agriculture,10.4018/979-8-3373-4124-8.ch014,Scopus,high,"The chapter centers on Indigenous Technical Knowledge with explicitly Indian practices (khadin, johads, panchagavya, sacred groves), indicating India is a primary context for the analysis.",high,"Examines Indigenous Technical Knowledge and traditional sustainable practices (e.g., khadin, johads, panchagavya, sacred groves) and their integration with modern technologies to promote sustainable, low-input, biodiversity-conserving farming systems.",high,"Focuses on Indigenous Technical Knowledge and traditional farming practices (e.g., sacred groves, khadin, panchagavya) and discusses integrating community-held cultural/knowledge systems with modern technologies, which is a substantive social/cultural dimension of agriculture."
1292,"Kumar A., Divyanshu, Prashar R.S., Chandel R.S., Dev I., Sharma S., Mehta P., Vashishat R.K.",2025,Market performance and supply chain selection dynamics for vegetables grown through sustainable practices in the Northwest Himalayan region,10.3389/fsufs.2025.1558481,Scopus,high,"The paper centrally analyzes vegetable production, natural farming, and market supply chains in the Northwest Himalayan region (an Indian subnational region) with farmer-level focus and India-specific policy and market context, so India is the primary study setting.",high,"The paper explicitly investigates natural farming (a non-conventional, sustainable approach), addressing cultivation costs, resource use, and marketing/supply-chain challenges for vegetable producers practicing natural farming in the Northwest Himalayan region.",high,"The study analyzes farmers’ socio-economic conditions and livelihoods through their market supply chain selection, market access and pricing challenges, lack of training/extension and policy support—clear social and economic dimensions rather than purely agronomic outcomes."
1293,"Sabarmatee, Prasad C.S., Maat H., Glover D.",2025,Masculine Tools and Feminine Tasks: The Dynamic Interplay of Gender and Technology Through System of Rice Intensification,10.1177/09730052241312477,Scopus,high,"The study investigates System of Rice Intensification and gendered labour changes based on primary fieldwork in three villages in Odisha, India, making India the central study site and focus.",high,"The paper studies the System of Rice Intensification (SRI), a recognized agroecological/sustainable rice cultivation approach, and examines its gendered impacts and adoption of mechanical weeders in Indian villages.",high,"The paper substantively analyzes gendered labour divisions, shifts in weeding practices, wage and employment norms, women's agency and sociocultural constraints in the adoption and use of SRI mechanical weeders across villages, showing clear focus on social dimensions."
1294,"Dash S., Priyadarshini S., Dulla N., Swain S.C.",2025,Measuring women’s empowerment in organic farming from Odisha: critical reflections on the total observed score of statement-revised scale (TOSS-R),10.1108/IJSE-09-2023-0693,Scopus,high,"The study explicitly focuses on women organic farmers in four districts of Odisha and uses primary data and policy implications specific to that Indian state, making India the central study context.",high,"The study explicitly investigates women practicing organic farming in Odisha, which is a clearly defined alternative/sustainable farming approach (organic agriculture).",high,"The paper quantitatively assesses women’s empowerment among organic farmers in Odisha and discusses gendered issues such as land titling and policy inclusion, so it substantively addresses social dimensions (gender, governance, livelihoods)."
1296,"Gopalkrishnan S., Taur A.",2025,Media perceptions of organic farming and insights on sustainability messaging from an urban and rural district in India,10.1007/s43621-025-02048-1,Scopus,high,"The study is based on surveys and interviews with journalists in urban and rural Pune district and addresses organic farming and sustainability communication within the Indian policy and social context, making India the primary focus.",high,The study explicitly focuses on organic and sustainable agriculture (and references natural/alternative farming) and examines media roles in promoting adoption and communication of these non‑conventional farming approaches.,high,"The study examines media professionals' perceptions and urban–rural differences in information access and editorial focus, and discusses implications for farmer organisations, government extension linkages and capacity-building, indicating substantive attention to social structures, geographic inequalities, and institutional dimensions of sustainable farming adoption."
1299,"Sharma L., Singh S., Das P., Gupta P., Tiwary N.K., Oraon S.",2025,"Micro-level assessment of agricultural vulnerability to climate variability in Mirzapur District, Uttar Pradesh",10.1007/s00704-025-05624-7,Scopus,high,"The paper is a micro-level empirical study conducted in Mirzapur District, Uttar Pradesh, using primary data from local farmers, making India (a specific Indian district/state) the central study site and population.",high,"Although primarily a vulnerability assessment, the paper discusses shifts back to traditional millet‑based cropping, advocates agricultural diversification, drought‑resistant crops, micro‑irrigation and integration of indigenous knowledge—indicating attention to alternative/sustainable farming approaches.",high,"The study uses farmer surveys and an Agriculture Vulnerability Index incorporating adaptive capacity and socio-demographic indicators, reports farmer perceptions and cropping-system changes, and calls for integrating indigenous knowledge — all substantive social dimensions (livelihoods, perceptions, adaptive capacity)."
1317,"Mishra A.K., Mishra S., Sahoo M.R., Sharma S.",2025,Nature-Based Solutions for Mahanadi River Basin Protection and Conservation,10.1007/9789819610488_8,Scopus,high,"The paper is explicitly centered on the Mahanadi River Basin in East Central India, using that Indian basin as the primary study site and policy context for its analysis of nature-based solutions.",high,"The chapter explicitly promotes nature-based solutions including sustainable agriculture, riparian buffer zones, wetland restoration and community-led watershed management—clear agroecological/sustainable farming approaches.",medium,"The chapter explicitly discusses community-led watershed management, stakeholder engagement, community participation and socioeconomic benefits, indicating it addresses social structures and livelihood-related dimensions, although the abstract suggests a primarily ecological focus so the depth of social analysis is unclear."
1318,"Mariappan S., Arumugam S., Ponnusamy J., Natesan R., Kumar S.S.",2025,Next-Generation Natural Farming Practices for Crop Improvement,10.1007/978-981-95-0309-4_11,Scopus,high,"The chapter explicitly analyzes natural farming’s evolution and current status in India, discusses Indian-specific practices (jeevamrit, beejamrit, acchadana, whapasa) and Indian policy/institutional support, making India a central focus.",high,"The chapter explicitly examines natural farming in India (jeevamrit, beejamrit, acchadana, whapasa) and discusses agroecological/regenerative, low-input and alternative farming strategies and policies, so it clearly addresses non‑conventional sustainable farming.",medium,"The chapter explicitly discusses policy and institutional support, sustainable livelihoods, labour-intensive processes and market limitations, indicating attention to socio-economic and policy dimensions of natural farming even though much content is technical and agronomic."
1325,"Dhasmana A., Seferidi P., Sharma V., Kohli S., Ghosh-Jerath S.",2025,"Opportunities for enhancing dietary diversity and environmental sustainability of supplementary nutrition program under the Integrated Child Development Services Scheme - a qualitative study in Srikakulam district, Andhra Pradesh",10.1186/s12889-025-24313-8,Scopus,high,"This is an India-specific qualitative case study carried out in Srikakulam district, Andhra Pradesh, examining the ICDS Supplementary Nutrition Program and related policy/practice in India, so India is the primary study site and context.",high,"The study explicitly discusses local food procurement, promotion of kitchen gardens, and millet inclusion—measures that engage sustainable, low-input and local/alternative food production approaches relevant to agroecology and non‑conventional farming.",high,"The qualitative study examines stakeholder and community perspectives on local food procurement, kitchen gardens, community engagement and capacity-building of grassroots workers—directly addressing community/social structures and program-level socio-economic links to local farming."
1332,"Narendran K., Kumar D., Panghal A.",2025,Organic Agribusiness and Management: An Overview,10.1201/9781003637608-2,Scopus,high,"The study analyzes case studies from rural and urban Bengaluru and focuses on organic agribusiness supply chains and institutions in that Indian city, making India the primary geographic and empirical focus.",high,"The paper explicitly addresses organic and zero-chemical farming, organic supply chains, certification and management of organic agribusiness, which are non-conventional/sustainable farming approaches.",high,"The paper analyzes case studies of organic businesses in Bengaluru that discuss contract farming, supply chains, institutional promotion, certification, group approaches and challenges faced by small growers—addressing livelihoods, organizational/institutional and market-related social dimensions."
1339,Naik V.,2025,Organic Vegetable Farming in Southern India: A Pathway to Enhanced Farmers’ Income,10.35716/IJED-24516,Scopus,high,"The study explicitly examines organic vegetable cultivation in Southern India and analyzes factors and income impacts for farmers there, making India the central study site and population.",high,"The study explicitly examines organic vegetable cultivation—an alternative, low-external-input sustainable farming approach—and factors affecting its adoption and income impacts in Southern India.",high,"The study analyzes socio-economic determinants (age, education, occupation, landholding size, access to credit, market access, training and extension) and the impact on farm income, so it substantively addresses social dimensions like age/generation, livelihoods, socio-economic conditions, and access to services."
1342,Kakati B.K.,2025,Organic farming in Northeast India: barriers and prospects,10.1007/s13165-025-00515-7,Scopus,high,"The study explicitly focuses on the North Eastern region of India, uses field data from that region, and discusses India-specific barriers and policy recommendations for organic farming.",high,"Directly examines organic and sustainable farming in Northeast India, including traditional natural-farming foundations, barriers to certification/market access, and measures to support scaling of organic practices.",high,"The field study analyzes socio-economic and institutional barriers and prospects—including impacts on poor and marginal farmers, market access, certification, community/institutional integration, and traditional knowledge—indicating a substantive focus on social dimensions."
1352,"Janaki Rani A., Kavitha B., Abirami S., Narmadha N., Murugan P.P., Sumathi E., Sathya Bama K., Manimekalai R.",2025,Pesticide in Indian agriculture: Consumption pattern and farmers perception,10.14719/pst.6210,Scopus,high,"The study explicitly analyzes pesticide consumption and farmers' perceptions across India and Indian states, using India-specific national and state-level data and focusing on Indian farmers and policy recommendations.",medium,"While primarily analysing pesticide consumption and farmer perceptions, the paper explicitly discusses sustainable pest control and alternative pest‑management practices and recommends training and incentives, indicating engagement with low‑input/alternative farming approaches rather than purely conventional agriculture.",high,"The study analyzes farmers' perceptions, knowledge gaps, safety practices and access to training regarding pesticides and discusses policy/institutional measures affecting farmer behavior, health and livelihoods, indicating substantive social dimensions."
1365,"Jena D., Mishra S.",2025,Production Gains and Marketed Surplus of Finger Millet: Sustainable Lessons for the Global South,10.1111/issj.12584,Scopus,high,"The study is based on fieldwork in Nuapada district, Odisha and evaluates Odisha Millets Mission interventions using data from Indian farmers, making India the primary study site and policy context.",high,"The study explicitly frames the intervention as an agroecological/sustainable approach and examines adoption of System of Crop Intensification, agronomic training, and millet promotion—practices consistent with alternative/low-input farming.",medium,"While the paper mainly analyzes agronomic drivers of production, it also examines farmers' perceptions and determinants of marketed surplus (an income/livelihood indicator) and the role of training, so it includes economic/social dimensions despite not explicitly addressing gender, caste, tenure or other social stratifiers."
1374,"Siva Muthuprakash K.M., Mishra A.K., Ahirwar K., Dabral V., Ghosh P., Bhadbhade N., Patil S., Damani O., Kate T., K. J J., Shah M.",2025,"Reframing the Narrative on Natural Farming Yields and Income - Insights from a Baseline Survey in Madhya Pradesh, India",10.1177/09730052241310930,Scopus,high,"The study is based on a primary baseline survey of 1,776 farmers across 11 agro-ecological zones in Madhya Pradesh, India, making an Indian state the central study site and primary dataset.",high,"Explicitly examines natural/organic farming (including NPM and organic inputs), multi-cropping systems, and the gradient of agro-ecological practice adoption versus conventional chemical farming, so it addresses alternative/sustainable farming approaches.",high,"The study uses a large farmer survey to compare net incomes (including the impact of fertiliser subsidies) and examines adoption as a socioeconomic gradient, addressing livelihoods and adoption dynamics rather than only biophysical outcomes."
1375,Besky S.,2025,Regeneration and its discontents: biodynamic agriculture and Darjeeling tea plantations [La régénération et ses désillusions : l’agriculture biodynamique et les plantations de thé de Darjeeling] [La regeneración y sus descontentos: la agricultura biodinámica y las plantaciones de té de Darjeeling],10.1080/14649365.2024.2441767,Scopus,high,"The paper is a case study focused on biodynamic agriculture and certification practices on tea plantations in Darjeeling, West Bengal, making India the central study site and policy/context of interest.",high,"The paper analyzes biodynamic agriculture and regenerative/certification practices on Darjeeling tea plantations, which are explicitly alternative/sustainable farming approaches.",high,"Examines biodynamic certification and marketing on Darjeeling tea plantations with attention to labour, political economy, historical violence, and social inequalities among plantation workers."
1382,"Meinzen-Dick R., Singh S.",2025,Repairing the mosaic: the political economy of landscape-level agroecological transitions in India,10.1080/21683565.2025.2568498,Scopus,high,"The study is a qualitative case study conducted in Mandla District, Madhya Pradesh, so India (and an Indian state/district) is the primary study site and policy context.",high,"The study explicitly examines landscape-level agroecological transitions in India and mentions natural farming and commons, indicating a clear focus on alternative/sustainable farming approaches.",high,"The study uses a political-economy case analysis of landscape-level agroecology, examining actors, institutions, panchayat governance, commons and tenure issues—clear social dimensions (governance, land access, stakeholder heterogeneity)."
1414,"Raman K., Rani J., Dwivedi A., Mir M.A.",2025,Strategic mix priorities as drivers of agripreneurial performance: Evidence from smallholder organic vegetable farmers in Tamil Nadu State of India,10.5304/jafscd.2025.144.007,Scopus,high,"The study uses primary data from 271 organic vegetable growers across 16 districts of Tamil Nadu and centers its analysis and policy implications on that Indian state, making India the clear focal context.",high,"The study explicitly investigates smallholder organic vegetable farmers in Tamil Nadu and analyzes strategic factors driving performance and promotion of organic (non‑conventional, sustainable) farming practices.",high,"The study explicitly examines networking/social capital and supply‑chain/FPO linkages as strategic drivers of smallholder organic farmers’ performance, addressing community/organizational and livelihood/market social dimensions rather than purely biophysical outcomes."
1423,Mukherjee S.,2025,Sustainable and Climate-Friendly Organic Agribusiness: Scopes and Challenges,10.1201/9781003637608-3,Scopus,high,"The abstract explicitly frames organic agriculture and policy recommendations around India—referring to India as the national case, discussing food security and region-level transition strategies—so India is the central policy/case focus.",high,"The paper explicitly focuses on organic agriculture and strategies for transitioning from conventional farming to sustainable, climate-friendly organic agribusiness in India, which is a non‑conventional/agroecological approach.",medium,"The paper discusses socio-economic and policy aspects of organic agribusiness—market creation, price compensation, food security and regional adoption—which implicate livelihoods/income and broader social outcomes, though it appears more policy/market-focused than an in-depth empirical social study."
1429,"Reddy D.S., Ramkumar A.",2025,"Tamil Nadu’s heritage rice, lost and found",10.1080/09584935.2025.2575154,Scopus,high,"The paper examines heritage rice revival specifically in Tamil Nadu and frames the analysis within India’s agrarian and policy history, making an Indian state the central study site and focus.",high,"Focuses on revival of native/heirloom rice, natural farming, folk seed-saving and traditional/agroecological practices in Tamil Nadu, clearly addressing alternative and sustainable farming approaches.",high,"The paper examines cultural and social dimensions of agrarian change—revival of native seed practices, local knowledge and farmer identities, folk seed-saving, and the repositioning of heirloom rice as traditional food—indicating substantive study of social/communal aspects rather than only biophysical outcomes."
1430,"Balla J., Goswami K.",2025,"Technical efficiency of rice in community-anaged natural farming vs. conventional farming in Andhra Pradesh, India",10.1080/09614524.2025.2565620,Scopus,high,"The paper is an empirical study conducted in Andhra Pradesh, India, using a sample of 1,000 Indian farmers and focusing on natural vs conventional farming in that specific Indian state, so India is the central context.",high,"The paper directly compares natural/community-managed natural farming (an agroecological/alternative approach) with conventional farming and evaluates technical efficiency, recommending promotion of natural/agroecological practices.",high,"The study explicitly includes sociological, structural and functional indicators in its efficiency analysis of 1,000 farmers and makes recommendations addressing demographic (rural youth), credit access and support measures, indicating a substantive treatment of socio-economic and demographic dimensions."
1431,"Tozzi A., Still E.",2025,The Ambiguous Ecologies of Agri-Alternatives: Exploring the Calculus of Social Reproduction in Rural India,10.1111/joac.70048,Scopus,high,"The paper explicitly draws on ethnographic data from India and centers Indian farmers and agrarian relations, making India the primary study context and focus.",high,"The paper explicitly examines farmer transitions to and engagement with 'agri-alternatives' and how they renegotiate socio-ecological relations in opposition to industrialised farming, indicating a clear focus on alternative/sustainable/agroecological approaches.",high,"Based on an ethnographic, feminist focus on social reproduction and farmers' renegotiation of productive and reproductive agrarian relations, the paper substantively examines social dimensions such as gendered labour, household decision-making, livelihoods and agrarian social relations."
1438,"Behl P., Osbahr H., Angra D., Cardey S.",2025,The importance of traditional seeds in agroecology transitions: a case study from Himachal Pradesh in India,10.1080/21683565.2025.2585485,Scopus,high,"The paper is a qualitative case study conducted across multiple villages in Himachal Pradesh, India, examining a state-led natural farming initiative and farmer seed systems, so India (a specific Indian state) is the primary study site and context.",high,"The study examines a state-led transition to natural farming and agroecology in Himachal Pradesh, focusing on traditional/indigenous seed systems and contrasts with hybrid seeds—clearly addressing alternative, sustainable farming approaches.",high,"Qualitative interviews across multiple villages examine farmer perspectives, cultural suitability, state facilitation of seed access, and the role of farmer seed systems in food security and resilience, all of which are substantive social dimensions."
1441,"Shambu Prasad C., Prasanth A.",2025,"Towards Livelihood Diversification: Pileru Mandal Mahila Samakhya (PMMS), Andhra Pradesh",10.1007/978-981-96-2751-6_15,Scopus,high,"The study explicitly focuses on Pileru Mandal Mahila Samakhya in Andhra Pradesh, examining Indian self‑help groups, local livelihood programs, and policy/practice (rupees, state-level context), so India is the central case.",high,The study explicitly describes promotion and training in Zero Budget Natural Farming (ZBNF) and organic farming as part of a livelihoods and sustainable agriculture initiative.,high,"The study focuses on livelihood diversification and poverty alleviation through SHGs and cooperatives, covering financial inclusion, non-farm incomes, women's social action, and promotion of ZBNF—i.e., multiple socio-economic and gender dimensions."
1445,"Suryawanshi A., Dash B., Tasung A., Singh R., Alone R., Angami T., Wangchu L., Nema A.K., Choudhury B.U.",2025,Traditional soil and water conservation by tribal farmers in Arunachal Pradesh: A case study on erosion control,10.56042/ijtk.v24i9.13930,Scopus,high,"The study explicitly investigates traditional soil and water conservation practices of Galo tribal farmers in Arunachal Pradesh, India, using primary data from 150 local farmers across elevation zones, making India the central study site and population.",high,"Study documents indigenous and traditional agroecological and conservation-based farming practices (agroforestry, contour farming, mulching, mixed cropping, water-harvesting, vegetative barriers, etc.) used by Galo tribal farmers, indicating non-conventional sustainable approaches.",high,"The study documents Galo tribal farmers’ indigenous knowledge and traditional conservation practices and assesses their economic benefits across elevation zones, addressing culture/traditions, livelihoods, and location-based social dimensions."
1446,"Pandey P., Cabral L.",2025,Transformational Agroecology: The Making and Unmaking of Zero Budget Natural Farming in India,10.1177/09717218251326835,Scopus,high,"The paper’s primary case study and analysis focus explicitly on Zero Budget Natural Farming in India, examining Indian sites, networks, and practices as the central context.",high,"The paper explicitly analyzes Zero Budget Natural Farming and broader agroecology in India, addressing alternative/sustainable farming practices and their social and ecological dimensions.",high,"The paper analyzes Zero Budget Natural Farming through lenses of knowledge politics, social justice, networks and contested everyday practices, indicating substantive focus on socio-political and community dimensions rather than purely agronomic outcomes."
1448,"Divyanshu, Vashishat R.K., Verma S.C., Chandel R.S., Sharma S., Verma S., Bharat N., Thakur K.S., Dev I., Chauhan S., Sharma P., Kishore K., Chandel A., Sharma P.",2025,"Transitioning apple farming towards sustainability: evidence from Himachal Pradesh, India",10.1088/2515-7620/adf9e0,Scopus,high,"The study specifically examines natural versus conventional apple farming across agro-climatic zones in Himachal Pradesh and draws India-focused policy implications, so India is the primary study context.",high,"The study explicitly evaluates Natural Farming (an alternative, chemical-free/sustainable approach) versus conventional farming in apple orchards, examining soil health, intercropping systems, and economic outcomes consistent with agroecological/alternative agriculture themes.",high,"The paper evaluates economic outcomes (net returns, production costs) of Natural vs Conventional farming and discusses policy measures for farmers, indicating substantive analysis of livelihoods/income effects even if other social axes are not deeply examined."
1454,Dalal A.,2025,Understanding agricultural transitions and sustainability: a study of farmers’ perspectives in rural North-West India,10.1080/09584935.2025.2575160,Scopus,high,"The paper is an empirical study conducted in Haryana villages in north-west India with 11 months of fieldwork focusing on farmers’ perspectives and farm-level practices, making India the primary study site and population.",high,"The paper explicitly investigates farmers’ perspectives and experiences of moving towards alternative and sustainable agricultural approaches, using a multifunctional agriculture framework to conceptualize transitions away from conventional practices.",medium,"The study uses extensive qualitative fieldwork on farmers’ perspectives and farm typologies within a socio-economic and socio-cultural context, indicating substantive analysis of social dimensions of agricultural transition even though specific axes (gender, caste, land tenure, etc.) are not explicitly listed in the abstract."
1460,"Nautiyal S., Lal C.",2025,"Voices from the field: a survey-based perspective on organic transition among farmers in Uttarakhand, India",10.1108/JADEE-05-2025-0213,Scopus,high,"The study is based on primary survey data from organic farmers in Uttarakhand, India, making an Indian state and its farming population the central focus of the research.",high,"The paper studies farmers' transition to and barriers/motivations for organic agriculture among smallholders in Uttarakhand, which directly addresses an alternative/sustainable farming approach.",high,"The paper surveys smallholder farmers about adoption, motivations, barriers, price-premium expectations and engagement in organic farming—addressing socio-economic livelihoods, market access, policy support and adoption status rather than only agronomic outcomes."
1461,"Sinha A., Pankaj A.",2025,WOMEN-LED CLIMATE ACTION IN INDIA: Lessons from MGNREGS and DAYNRLM,10.4324/9781003660255-12,Scopus,high,"The paper explicitly examines women-led climate action through India’s flagship rural programmes (MGNREGS and DAYNRLM) and uses state-level case examples (Andhra Pradesh, Sikkim, Telangana), so India is the central focus.",high,"The paper explicitly discusses community-managed and climate-resilient agricultural approaches including Natural Farming (Andhra Pradesh), organic farming (Sikkim), CMSA and MKSP which are alternative/ agroecological farming interventions.",high,"The chapter centrally analyzes women-led livelihoods and collectives under national programmes (MGNREGS, DAYNRLM/MKSP/CMSA), addressing gender roles, community institutions, policy participation and livelihood impacts tied to community-managed natural/organic farming."
1463,"Kumar J., Rana S., Rani V., Ahuja A.",2025,What affects organic farming adoption in emerging economies? A missing link in the Indian agriculture sector,10.1108/IJOEM-03-2023-0390,Scopus,high,"The study is based on a primary survey of 397 farmers in Haryana, India, and explicitly analyzes determinants of organic farming adoption in an Indian state, making India the central focus.",high,"The paper explicitly investigates factors influencing adoption of organic farming in Haryana, India, examining behavioral, cultivation, economic, governmental, marketing and social determinants of switching from conventional to organic systems.",high,"The study uses farmer survey data to model adoption determinants and explicitly includes social factors and community participation as drivers of organic farming adoption, indicating substantive examination of social dimensions."
1465,"Sood K., Kumar A., Negi V.",2025,Women Leading the Way: Female-Led Adaptation Initiatives in Western Himalayas,10.1007/978-3-031-90236-9_13,Scopus,high,"The paper focuses on female-led climate adaptation case studies in Mandi and Lahaul Spiti, Himachal Pradesh, making specific Indian regions the primary study site and central focus.",high,"The chapter documents women-led community adaptation efforts in Himachal Pradesh that explicitly adopt and promote natural farming as a sustainable, community-driven alternative to conventional agriculture.",high,"The paper substantively examines gender roles and women's leadership in agricultural adaptation, including male out-migration, livelihood impacts, and community-level natural farming initiatives, indicating clear social-dimension analysis (gender, migration, livelihoods, and community structures)."
1470,"Walker G., Osbahr H., Duddigan S., George J., Ponnolu S., Anisetti H., Collins C., Hussain Z.",2025,“It feels like we're doing something good.” Mapping farmer perceptions of zero budget natural farming onto crop yields in Andhra Pradesh,10.1016/j.wdp.2025.100665,Scopus,high,"The paper is centered on Zero Budget Natural Farming in Andhra Pradesh (Anantapur and Visakhapatnam), using local farmer perceptions and field experiments, so India is the primary study site and focus.",high,"The study explicitly investigates Zero Budget Natural Farming (ZBNF) adoption in Andhra Pradesh, compares natural farming plots with organic and conventional plots, and examines farmer perceptions and motivations for a non‑conventional, agroecological approach.",high,"The paper uses participatory photography and farmer narratives to analyze motivations, identities, and subjective benefits driving ZBNF adoption and links these social perceptions to yield outcomes, thus substantively examining social dimensions of farming."
1480,"Mishra H., Dwivedi S., Kumar R., Rana L., Gitari H., Roy D.K.",2026,Economic Viability and Market Prospects of Organic and Natural Farming in Climate-Resilient Agriculture,10.1201/9781998511150-10,Scopus,high,"The abstract opens with India-specific production data (APEDA) and frames organic/natural farming, economic evaluation and policy challenges in the Indian context, indicating India is the primary focus.",high,"The paper explicitly examines organic and natural farming and regenerative/climate-resilient practices, including economic viability, market prospects, and policy measures for sustainable agriculture in India.",high,"The paper explicitly analyzes economic viability, market access, profitability, and policy barriers for organic/natural farming, which directly relate to livelihoods, income effects, and institutional/social constraints faced by farmers."
1489,"Prasad C.S., Kumar R.",2026,Managing Sustainable Transitions in Agriculture: Beyond Productivity and Populism in India,10.1177/09730052251409524,Scopus,high,"The paper explicitly focuses on India’s agricultural system and Green Revolution legacy, synthesising Indian scholarship and practitioner evidence and proposing an India-specific research and policy agenda, so India is the central context.",high,"The paper critiques the high-input Green Revolution model and explicitly frames a transition toward agroecology/diversified smallholder and sustainable farming systems, calling for metrics like soil health, biodiversity and co-produced knowledge, indicating a clear alternative/sustainable agriculture focus.",high,"The paper explicitly frames agricultural transitions as socially negotiated processes shaped by power, knowledge and institutions, and calls for co-production with farmers and civil society while referencing intersectionality and care work, indicating substantive treatment of social dimensions."
1508,Singh N.,2026,Sustainable Agriculture in Punjab: Questions from an Ecological Justice Perspective,10.4324/9780429277580-17,Scopus,high,"The paper explicitly focuses on Punjab and analyzes the aspirations and barriers faced by Punjabi farmers regarding sustainable agriculture, making an Indian state the primary study site and population of interest.",high,"The study explicitly examines aspirations and barriers around creating a sustainable farming model in Punjab from an ecological-justice perspective, indicating a focus on alternative/sustainable agricultural approaches rather than conventional industrial agriculture.",high,"The study explicitly analyzes farmers' aspirations and the barriers they face in Punjab, including smallholder economic distress and livelihood/income issues within an ecological justice framework, which are substantive social dimensions."
1973,"Pasala, SR",2017,An Econometric Analysis of Farmer's Distress in Andhra Pradesh: A Logistic Regression Analysis,10.5958/2322-0430.2017.00049.X,Web of Science,high,"The paper is an econometric study based on field survey data from North Coastal Andhra Pradesh (an Indian state), making India the primary study site and population of interest.",high,"Although mainly an econometric study of farmer distress, the paper explicitly advocates Subhash Palekar's Zero Budget/Nature Farming as a remedy, so it addresses a non‑conventional sustainable farming approach.",high,"Uses field survey and econometric analysis of farmer distress, addressing livelihoods and socio-economic differences (irrigated vs rainfed) in Andhra Pradesh, which is a social dimension (poverty/livelihoods and geographic inequality)."
2233,"Thangamayan, S; Sundaram, A; Mythili, G",2022,Performance Of Organic And Non Organic Farming In Theni District Of Tamilnadu,10.47750/pnr.2022.13.S05.07,Web of Science,high,"The study explicitly investigates organic vs. non-organic farming in Theni District, Tamil Nadu, using India-specific locations, populations, and findings, so India is the central focus.",high,"The study explicitly evaluates organic farming (vs non-organic), examining adoption drivers, impacts and constraints in Theni district, indicating a clear alternative/sustainable agriculture focus.",high,"The study analyzes socio-economic drivers and constraints of organic adoption — e.g., input costs, NGO influence, labour availability and wage rates — indicating substantive treatment of livelihoods, labour and organizational/social factors."
2403,"Sreejina, SK; Nasser, M; Nandakumar, MK",2025,Compiling the wisdom of Kerala's indigenous farmers: A traditional rice pest management calendar,10.56042/ijtk.v24i7.10870,Web of Science,high,"The study specifically documents traditional pest management among rice farmers in Kerala (an Indian state), with Kerala as the primary study site and population, so India is the central focus.",high,"Documents indigenous, low-external-input and ecologically grounded rice pest-management practices (botanical/organic treatments, cow-based bioproducts, cultural and physical methods), which align with traditional/organic/agroecological farming approaches.",high,"The paper documents farmers' indigenous knowledge and traditional pest-management practices gathered through field surveys and interviews, addressing cultural/traditional social dimensions rather than being purely agronomic."
7325,"Lal, Banarsi",2026,"A study on communication behaviour of farmers towards natural farming in Reasi district of Jammu and Kashmir, India",10.3389/fsufs.2026.1709722,Zotero,high,"The paper is a primary case study conducted in Reasi district, Jammu and Kashmir, with survey data from local farmers and focuses on dissemination of natural farming in India, so India is the central study context.",high,"The paper explicitly investigates farmers' communication and information use regarding natural farming, which is a non‑conventional, sustainable/agroecological farming approach.",high,"The study substantively analyzes farmers' communication behavior and social information networks—use of extension personnel, progressive farmers, family, neighbours, local leaders—and considers remoteness of hilly villages, addressing community/social structures and geographic access to information."
2493,"Saripalle, M",2026,Economic analysis of organic inputs and biostimulants: Adoption and crop yield in South India,10.1016/j.sftr.2026.101851,Web of Science,high,"The study is centered on a specific district in Tamil Nadu, uses primary survey and on-farm experiments with Indian farmers, and examines India-specific environmental and institutional constraints, so India is the primary focus.",high,"The paper evaluates adoption and yield impacts of biostimulants and organic inputs framed as sustainable alternatives to chemical inputs among smallholder farmers in Tamil Nadu, addressing barriers and institutional needs for scaling such low-external-input bio-inputs.",high,"The paper substantively analyzes socioeconomic and institutional determinants of adoption—including SES (income, land), gender, membership in farmer groups, and region/water constraints—alongside on-farm outcomes, so it addresses multiple social dimensions."
2502,"Gajjar, K; Chaudhary, M; Patel, S; Vasa, N; Maniyar, R; Agrawal, D; Patel, CK; Chaudhary, D; Joshi, C; Joshi, M; Dharajiya, D",2026,Natural farming as a sustainable agricultural approach enhances soil health and microbial diversity in wheat cultivation: a metagenomic perspective,10.3389/fagro.2026.1755662,Web of Science,medium,"The study evaluates Natural Farming System variants using India-specific practices/inputs (e.g., Ghanjeevamrit, farmer-owned cow scenarios) and rural farming metrics, strongly indicating the research is centered on the Indian agricultural context even though India is not explicitly named.",high,"The paper evaluates Natural Farming—a chemical-free, on‑farm resource‑based/sustainable alternative to conventional wheat cultivation—assessing soil health, microbial diversity, yields and economics, which fits the review scope.",high,"The study includes economic analysis (Benefit–Cost Ratio) and explicitly assesses how farmer asset ownership (owning a cow vs non‑livestock scenarios) affects the economic viability of natural farming, addressing livelihood/socio‑economic dimensions."
2503,"Nichols, C; Kumari, N",2026,Natural farming for whom? Environmental justice and state-led chemical-free farming promotion in India,10.1080/03066150.2026.2643200,Web of Science,high,"The paper centrally analyzes India’s National Mission on Natural Farming and presents qualitative/ethnographic evidence from two districts in eastern Madhya Pradesh, making India the primary study context.",high,"Analyzes state-led promotion of natural/agroecological and chemical-free farming (NMNF) and its social and justice implications, so it clearly addresses alternative sustainable farming approaches.",high,"Qualitative ethnographic analysis of state-led natural farming examines environmental justice and how NMNF risks producing new inequities, explicitly addressing marginalization of land-poor households, policy impacts, and structural agrarian issues (land access, poverty)."
2507,"Rao, TVV; Varaprasad, KS",2026,Revitalising traditional rice varieties (landraces) through natural farming: story of Manne Srinivasa Rao (India),10.3389/fagro.2026.1756433,Web of Science,high,"The paper is a case study of an Indian farmer and documents cultivation and sourcing of traditional rice landraces in specific Indian locations (West Bengal, Odisha, Munugodu), so India is the central focus.",high,"Documents a farmer-led transition from chemical-based to Natural Farming and the cultivation and seed-saving of traditional rice landraces, clearly focusing on regenerative agroecological and indigenous farming practices.",high,"The paper documents a farmer’s transition grounded in ancestral knowledge and community beliefs, involving civil-society training, seed-saving and seed-network collaborations and oral-history archiving, addressing culture, community structures and social seed systems rather than only biophysical outcomes."
2510,"Thapa, A; Muthuprakash, S; Damani, O; Isaac, ME",2026,Social-ecological outcomes of agroecological transitions: A case study from natural farming systems in central India,10.1371/journal.pstr.0000212,Web of Science,high,"The paper’s primary study site and dataset are farms in central India and the analysis focuses on transitions among Indian farmers, making India the central focus.",high,"The paper explicitly studies transitions to natural/agroecological farming in central India—characterized by bio-inputs, elimination of synthetic fertilizers/pesticides, crop diversification and related social-ecological outcomes—so it clearly addresses alternative/sustainable farming approaches.",high,"The study uses farmer interviews and a well‑being/five‑capital framework to assess community support, social capital, dietary diversity and livelihood resilience among conventional, transitional and agroecological farms, indicating substantive analysis of social dimensions."
2513,"Aishwarya, SP; Nayak, MR; Jamakhandi, BR",2026,Sustainable Sugarcane Farming: Evaluating Resource Use and Economic Outcomes of Natural and Conventional Farming Systems,10.35716/IJED-25524,Web of Science,high,"The paper is an empirical, district-level study of sugarcane growers in Belagavi district, Karnataka, India, making India the primary study site and population of interest.",high,"Explicitly compares natural and conventional sugarcane farming systems and discusses use of organic inputs (farmyard manure, biofertilisers) and resource-use efficiency, indicating a focus on alternative/sustainable farming approaches.",high,"The paper explicitly analyzes economic performance and input-use efficiency of farmers under natural vs conventional systems, which addresses farm-level livelihood/economic outcomes (a social dimension) and informs extension and decision-making."
7168,"Neelam, Hema Sarat Chandra; Kadian, K. S.",2016,"Cow based natural farming practice for poor and small land holding farmers: A case study from Andhra Pradesh, India.",10.18805/asd.v36i4.6468,Zotero,high,"The paper is a case study explicitly focused on Cow Based Natural Farming in Andhra Pradesh, India, making an Indian state the central study site and population of interest.",high,"The paper explicitly examines cow-based natural farming and chemical-free/organic practices for small and marginal farmers in Andhra Pradesh, which is a non-conventional, sustainable/agroecological approach.",high,"The study examines group formation and dynamics, economic empowerment and income effects for poor and marginal smallholders adopting cow-based natural farming, addressing livelihoods and collective social processes."
7202,"Korav, Santosh",2020,"Review- Zero Budget Natural Farming a Key to Sustainable Agriculture: Challenges, Opportunities and Policy Intervention",10.18782/2582-2845.8091,Zotero,high,"The paper centrally examines Zero Budget Natural Farming in the Indian context, cites implementation and uptake in specific Indian states and discusses policy interventions for Indian agriculture, so India is the primary focus.",high,"The paper explicitly reviews Zero Budget Natural Farming (ZBNF)/Subhash Palekar Natural Farming, a non‑conventional sustainable agriculture approach, its practices, challenges, opportunities and policy implications.",high,"The review explicitly discusses farmer adoption numbers, input costs, indebtedness, challenges and policy interventions for ZBNF, indicating substantive treatment of socio-economic and policy dimensions (livelihoods, cost/debt, and policy)."
7209,"Biswas, Saikat",2020,Zero Budget Natural Farming in India: Aiming Back to the Basics,10.9734/IJECC/2020/v10i930228,Zotero,high,"The paper explicitly studies Zero Budget Natural Farming in India, references Indian states (Karnataka, Andhra Pradesh), Indian agricultural context and policy debates, making India the central focus.",high,"Directly examines Zero Budget Natural Farming, a non‑conventional, chemical‑free natural farming approach in India, discussing its practices, spread, outcomes, and debates about efficacy.",high,"The paper discusses ZBNF as an agrarian movement—its spread through trainings and demonstrations, impacts on farmer livelihoods (debt and suicides), controversies and advocacy—which indicates substantive attention to social adoption, policy and livelihood dimensions."
7232,"Gamit, Rohan; Kumar, Vinaya",2022,Farmers attitude towards zero budget natural farming,10.56572/gjoee.2022.34.2.0010,Zotero,high,"The study is an empirical survey of farmers in Anand district (India) focusing on attitudes toward Zero Budget Natural Farming among Indian farmers, so India is the primary study site and population.",high,"The study explicitly examines farmers’ attitudes toward Zero Budget Natural Farming (ZBNF), a recognized non‑conventional/sustainable natural farming approach in India.",high,"The study analyzes farmers’ attitudes and explicitly examines socio-demographic and socio-economic factors (including gender, landholding size, education, social participation, training, and economic motivation), indicating substantive coverage of social dimensions."
7314,"Kumar, Sunil; Nain, Manjeet Singh; Sangeetha, V.; Satyapriya; Das, Sukanta; Anbukkani, P.; Khan, Shakeel A.",2025,Measuring sustainability of zero budget natural farming practices,10.5958/2231-6736.2025.00141.4,Zotero,high,"The study centrally evaluates Zero Budget Natural Farming in two Indian states (Andhra Pradesh and Maharashtra), using state-level sustainability indices, so India is the primary study context.",high,"The paper explicitly evaluates Zero Budget Natural Farming (a recognized alternative, agroecological and low-external-input approach) and measures its sustainability across economic, socio-territorial and agro-ecological dimensions in Indian states.",high,"The paper explicitly assesses economic and socio-territorial dimensions of ZBNF across states, indicating substantive analysis of socio-economic and community/territorial social factors rather than only biophysical outcomes."
7327,"Mane, P.; Chorey, A.; Paslawar, A.N.; Dodewar, Prajwal; Bayskar, Akshay; Jadhav, A.K.",2026,"Natural Farming in India: Evidence, Challenges, and Pathways for Sustainable Agriculture",10.9734/jsrr/2026/v32i23961,Zotero,high,"The paper explicitly focuses on natural farming practices, empirical evidence, and national/state-level policies (ZBNF, BPKP, NMNF) in India, making India the central study context.",high,"The paper explicitly reviews natural farming/Zero Budget Natural Farming practices, their impacts on soil, productivity, and policy support, which are alternative, agroecological approaches to conventional agriculture.",high,"The review discusses socioeconomic outcomes (reduced input costs, enhanced profitability for smallholders) and uneven adoption across states along with policy initiatives, indicating substantive treatment of livelihoods, geographic adoption inequalities, and institutional/policy dimensions."
7334,"Chowdhury, Eshan; Parveen, Gulafsha; Thapliyal, Ashish; Uniyal, Virendra Prasad",2026,"Traditional agriculture practices in Garhwal Himalaya, Uttarakhand: An overview",10.36953/ECJ.34533164,Zotero,high,"The paper is explicitly focused on traditional agricultural practices in the Garhwal Himalaya, Uttarakhand (an Indian state), discusses Indian government schemes and regional impacts of climate change, making India the central study context.",high,"The review focuses on traditional indigenous systems (e.g., Sari, Barahnaja), mixed cropping and indigenous pest-management practices that are explicitly sustainable/low-external-input, so it clearly addresses alternative agroecological farming approaches.",high,"The review discusses livelihoods of small landholding farmers, indigenous knowledge and pest management, government schemes/policy, and climate-driven impacts including potential relocation, all substantive social dimensions (landholding, income, mobility, culture, policy)."
7336,"Devarinti, Srihari",2026,Zero Budget Natural Farming (ZBNF) in India: An Economic Perspective,10.37648/ijps.v21i02.028,Zotero,high,"The paper explicitly studies Zero Budget Natural Farming as practiced in India, cites Indian case studies (Andhra Pradesh, Karnataka), and discusses Indian policy and economic impacts, making India the central focus.",high,"The paper explicitly examines Zero Budget Natural Farming (ZBNF), a non‑conventional, sustainable/eco-friendly farming approach in India, reviewing case studies on costs, profitability, and transition issues.",high,"The review explicitly examines economic outcomes of ZBNF—input costs, profitability, and debt reduction—which are substantive social dimensions relating to livelihoods, poverty and farmer income/financial security."
10,Jackson M.G.,2001,Let us take another look at jhum cultivation,,Scopus,high,"The paper explicitly evaluates jhum (shifting) cultivation against traditional sedentary Indian farming, discusses environmental impacts and national policy implications for India, indicating India is the central focus.",high,"The paper evaluates traditional jhum (shifting) cultivation using ecological sustainability criteria, compares it with sedentary and modern chemical agriculture, and discusses traditional/indigenous practices and policy for sustainable farming.",high,"The paper evaluates traditional jhum farming in relation to sustainability but emphasizes socio-economic and political pressures (global economy destabilization) and recommends national policy changes, indicating substantive treatment of social dimensions such as livelihoods, policy context, and cultural/traditional practices."
17,Jackson M.G.,2003,Whither agricultural education and research?,,Scopus,high,"The paper explicitly addresses the role and reorientation of agricultural education and research in India, discussing village-level farming, national development strategy, and Indian institutions, making India the central focus.",high,"Examines an alternative agricultural paradigm advocating natural farming, village- and farm-based agroecological research and traditional learning methods rather than conventional package-based approaches.",high,"The paper focuses on reorienting agricultural education and research toward farmer- and village-level participatory learning, institutional roles, and community-based practices, addressing social and institutional dimensions rather than purely biophysical outcomes."
124,"Kumar S.M., Ponnuswami V., Padmadevi K.",2015,Cashew industry in India,,Scopus,high,"The paper explicitly focuses on the cashew industry in India, using India-specific production and export statistics, mentioning Indian states, employment, and domestic practices, so India is the central study context.",high,"The abstract explicitly describes that major cashew areas follow natural/chemical-free practices, notes low use of fertilizers/pesticides, and highlights potential for organic adoption and value‑addition, indicating a sustainable/alternative farming angle.",high,"The abstract explicitly discusses employment and livelihoods in the cashew sector (noting ~300,000 workers and >95% women), plus value‑addition and economic development potential, indicating substantive attention to gender and socio‑economic dimensions."
141,"Velmurugan A., Swarnam T.P., Sai T.P., Dam Roy S.",2015,Traditional farming and post harvest processing of coconut by Nicobari tribe,,Scopus,high,"The study focuses on the Nicobari tribe in the Nicobar Islands (part of India), examining their coconut farming and processing practices, making India the central study site and population.",high,"Documents Nicobari tribe’s traditional/indigenous natural farming practices (minimal soil disturbance, intercropping, seedling replacement) and related post-harvest processing, which are alternative/sustainable approaches.",high,"Examines Nicobari tribal farming and post-harvest practices through a survey, addressing indigenous knowledge, livelihood reliance on coconut, intergenerational transmission of practices and cultural land-management, which are substantive social dimensions."
145,Brown T.,2016,Agrarian crisis in Punjab and 'natural farming' as a response,,Scopus,high,"The paper's primary case and empirical focus is Punjab (an Indian state) and a local civil-society initiative (Kheti Virasat Mission) addressing the region's agrarian crisis, so India is the central context.",high,"Examines Kheti Virasat Mission’s promotion of chemical-free, locally based 'natural farming' as an alternative to Green Revolution practices in Punjab and the implementation/social challenges involved.",high,"The paper examines social and political dimensions of natural farming in Punjab—civil society intervention, class and social group differences in capacities, implementation challenges, and broader agrarian crisis—rather than purely agronomic outcomes."
7171,"Bhattacharya, Niloshree",2017,"Food sovereignty and agro-ecology in Karnataka: interplay of discourses, identities, and practices",,Zotero,high,"The paper examines the Karnataka Rajya Raitha Sangha and zero-budget natural farming in the Indian state of Karnataka, making India (a specific state) the primary study site and focus.",high,"The study examines Karnataka Rajya Raitha Sangha’s promotion of zero-budget natural farming and broader food-sovereignty and agroecology practices, indicating a clear focus on alternative/sustainable farming approaches.",high,"The article substantively analyzes social and political dimensions—farmer movement organization (KRRS/La Via Campesina), discourses, identities, and local–global struggles—addressing governance, collective action and sociopolitical aspects of agroecology and food sovereignty."
186,Bhattacharya N.,2017,"Networks, Solidarities and emerging alternatives: Farmers' movement in Karnataka",,Scopus,high,"The paper is an ethnographic study of the Karnataka Rajya Raitha Sangha and its linkages, making the Indian state of Karnataka the primary study site and focus.",high,"The paper examines a farmers' movement's engagement with discourses and practices of alternative agriculture and its linkages with La Via Campesina, indicating attention to non‑conventional/agroecological approaches.",high,"Ethnographic study of the Karnataka farmers' movement examines its networks, political practices, alliances with transnational movements and discourses of alternative agriculture, focusing on collective mobilization and social-political dynamics."
258,"Kumar R., Kumar S., Yashavanth B.S., Meena P.C.",2019,Natural Farming Practices in India: Its Adoption and Impact on Crop Yield and Farmers’ Income,,Scopus,high,"The study is explicitly focused on Natural Farming in India with primary data collected from farmers in the Indian states of Karnataka and Andhra Pradesh, making India the central study context.",high,"The study explicitly evaluates Natural Farming/zero-budget natural farming practices (e.g., Jeevamritha, Beejamritha) and their adoption, costs, yields and income impacts, which are clearly alternative/agroecological farming approaches.",high,"The study explicitly measures adoption and the effects on farmers’ cost of cultivation and income across farmer samples in Karnataka and Andhra Pradesh, addressing livelihoods/economic impacts of natural farming."
263,Minhas R.,2019,"Organic farming, scenario of India - A bibliographical review",,Scopus,high,"The paper explicitly examines organic farming in the Indian context (national policies, challenges, and examples) and frames the discussion around India-specific issues and actors, making India the central focus.",high,"The paper explicitly reviews organic farming in India, discussing its practices, benefits, limitations and positioning as an alternative to conventional chemical-intensive agriculture, which qualifies as a sustainable/alternative farming approach.",medium,"The bibliographical review discusses socio-economic and cultural aspects of organic farming in India (farmer profitability, consumer affordability/food security, and traditional practices), not solely agronomic or biophysical outcomes."
266,"Reddy B.G., Reddy V.R., Reddy M.S.",2019,Potential and Constraints of Zero Budgeted Natural Farming (ZBNF): A Study of Andhra Pradesh,,Scopus,high,"The paper’s primary focus and empirical analysis are explicitly on Andhra Pradesh (field visits, interviews and case studies across 11 districts), making India the central study context.",high,"The paper directly evaluates Zero Budget Natural Farming (ZBNF) in Andhra Pradesh, examining its environmental and economic impacts and constraints to scaling, which is a non‑conventional, sustainable farming approach.",high,"Based on interviews and case studies across districts the paper analyzes ZBNF’s effects on farmer incomes, adoption and dis-adoption dynamics and constraints to scaling, addressing livelihoods and other socio-economic dimensions."
271,"Arora S., Vijayabaskar M., Sharma D., Stirling A.",2019,Sustainable development through diversifying pathways in India,,Scopus,high,"The title and abstract explicitly frame sustainable development and diversification pathways in India, making India the primary geographic and policy context of the paper.",medium,"The paper discusses diversifying sustainable development pathways that explicitly include agriculture and alternatives to modern industrialized approaches, implying attention to agroecological/alternative farming orientations rather than purely conventional agriculture.",medium,"The paper frames sustainable agriculture within broader social and political pathways—mentioning democracy, struggles, and caring/cooperative relations—indicating substantive attention to social dimensions of farming, but the abstract is high-level and not explicit about specific social variables, so certainty is moderate."
300,"David A., Ahmed R.R., Ganeshkumar C., Sankar J.G.",2020,Consumer purchasing process of organic food product: An empirical analysis,,Scopus,high,"The study uses primary survey data collected from 240 respondents in Bangalore and analyzes consumer behavior toward organic food in the Indian context, making India the central study site.",high,"The paper explicitly investigates consumer behavior toward organic food products, which directly relates to organic farming and sustainable/alternative agriculture in India.",high,"This is a social-behavioral study of consumer trust, intentions and personal/social norms driving organic food purchases in Bangalore, addressing social dimensions (norms and consumer behavior) relevant to organic/natural farming markets."
433,"Suja G., Harishma S.J., Byju G., Neeraja C.R., Sheeba B.S.",2021,Geo-tagged characterization of organic growers in Kerala,,Scopus,high,"The paper reports a GPS-based field survey of organic farmers in two districts of Kerala, India, using Indian institutions and datasets, so India (Kerala) is the primary study site and central focus.",high,"This paper explicitly surveys organic growers and organic management practices in Kerala, documenting use of indigenous inputs, composting/biogas recycling and other non-conventional sustainable farming approaches.",high,"The study collects socio-economic data on farmers (landholding sizes, uncertified status), livelihood motivations (using produce for household sustenance vs. marketing), asset ownership and constraints (input access, low farm-gate prices), indicating substantive analysis of social and economic dimensions."
438,"Chandel R.S., Gupta M., Sharma S., Sharma P.L., Verma S., Chandel A.",2021,Impact of palekar's natural farming on farmers' economy in Himachal Pradesh,,Scopus,high,"The study is an empirical evaluation of Subhash Palekar Natural Farming focused specifically on farmers in Himachal Pradesh (an Indian state), using primary data and comparisons within that state, so India is the central study site and population.",high,"The study directly evaluates Subhash Palekar Natural Farming (SPNF/ZBNF) — a non‑conventional, sustainable farming approach — comparing yields, input costs, and net returns with conventional farming.",high,"The paper explicitly evaluates economic outcomes (input costs, net returns, profitability) and discusses the potential to sustain farming and enhance mountainous farmers' income, i.e., livelihoods and socio-economic impacts."
470,"Vashishat R.K., Laishram C., Sharma S.",2021,Problems and factors affecting adoption of natural farming in sirmaur district of himachal pradesh,,Scopus,high,"The study is explicitly focused on adoption of natural farming in Sirmour district, Himachal Pradesh, using primary data from local farmers, making India the central study site.",high,"The study explicitly examines adoption, constraints and factors affecting Natural Farming/Zero Budget Natural Farming (a chemical-free, agroecological alternative) in Sirmour district, Himachal Pradesh.",high,"The study analyzes socio-economic constraints and adoption factors—market access, price/unfair pricing, labour intensity and wage issues, and effects on returns—which are substantive social dimensions (livelihoods, labour, market access) rather than purely agronomic factors."
721,"Saini J.P., Bhardwaj N.",2023,Organic farming for sustainable agriculture in india,,Scopus,high,"The paper explicitly focuses on organic farming in India, discussing Indian agroclimatic conditions, policy context, and opportunities, making India the central subject of the study.",high,"Explicitly centers on organic farming as a chemical-free, alternative sustainable production system in India, discussing on-farm practices, agroecosystem health, and policy/market implications.",medium,"The abstract discusses livelihoods, market premiums, and policy/extension support for organic farming—social and economic dimensions—though the treatment appears broad and overview-like rather than indicating a detailed empirical social analysis."
854,"Galab S., Murty C.S., Bhaskara Rao G.",2024,Efficacy of Natural Farming over Chemical Farming The Case of Andhra Pradesh,,Scopus,high,"The study analyzes natural versus chemical farming using Andhra Pradesh state-level data and policy context, making an Indian state the central focus.",high,"The paper directly compares natural (non‑conventional/sustainable) farming to chemical/conventional farming in Andhra Pradesh, addressing costs, yields and policy implications of a natural farming approach.",medium,"The paper compares costs, yields and returns of natural versus chemical farming—an economic analysis that bears directly on livelihoods/income effects and policy implications, though the abstract does not specify examination of social groups or other social dimensions."
1039,"Bhutia P.L., Bhutia K.G., Panwar P., Singh N.R., Pal S., Khola O.P.S.",2024,Traditional Agroforestry Systems of North-Eastern India: An Overview,,Scopus,high,"The study explicitly examines traditional agroforestry systems in the Northeastern Region of India, using that Indian region as the primary study site and policy context.",high,"This chapter reviews traditional, indigenous agroforestry systems (e.g., Zabo, alder-based) in Northeast India and discusses sustainability and resource-conservation measures, which are clearly agroecological/alternative farming approaches.",high,"Discusses traditional, community-developed agroforestry systems grounded in indigenous knowledge and local livelihoods, addressing socio-cultural practices, land use and livelihood security in North-East India."
1091,"Dass S., Rajeshwari U.R.",2025,Assessing the Implementation of Climate-Smart Agricultural Practices: Key Findings and Policy Strategies,,Scopus,high,"The study explicitly focuses on Chhattisgarh, India, using farmers and regional conditions there as the primary study site and policy context, so India is the central focus.",high,"The paper assesses adoption of climate-smart agriculture practices (water-, energy-/carbon-, knowledge- and weather-smart technologies), which are sustainable/adaptive alternatives to conventional farming.",high,"The study analyzes farmers’ attitudes and adoption of climate‑smart practices and identifies economic, awareness and institutional barriers and policy/extension recommendations, addressing livelihoods, socio‑economic constraints and institutional dimensions."
1100,"Landy F., Umadevi K., Amuthavalluvan V.",2025,Between Agroecology and Landless Women Beekeeping in the Puducherry Region,,Scopus,high,"The study explicitly focuses on beekeeping policies and practice in India, centering on Tamil Nadu and the Puducherry region and the local population (landless women), so India is the primary study context.",high,"The paper explicitly links beekeeping and pollination to agroecology and examines landscape-level factors affecting a sustainable, alternative livelihood for landless women, indicating an agroecological/alternative farming focus.",high,"Focuses on landless women’s participation in beekeeping and examines socio-economic barriers, policy implementation, and livelihoods, indicating substantive analysis of gender, poverty/land access, and policy/social dimensions."
1453,"Saxena D.R., Saxena A.D., Tupkar N.J., Karim F.A., Irving A.L.",2025,Understanding Sustainable Development Goal 2: Zero Hunger,,Scopus,high,"The abstract repeatedly centers Indian institutions, laws and practices (Supreme Court Right to Food, Rishi Kheti, references to Indian water/state conflicts and national policy), indicating India is the primary case and focus.",high,"The paper discusses multiple alternative and sustainable approaches—including natural/Fukuoka (Rishi Kheti), organic farming, agroecological and conservation practices, and low-external-input measures—as alternatives to conventional intensive agriculture in the context of SDG2.",high,"The paper explicitly discusses social dimensions such as right-to-food and poverty, vulnerable groups (women, children, elderly), policy and institutional constraints, rural livelihoods and economics, and geographic water‑sharing conflicts affecting sustainable farming and food security."
6718,A. Vincent; N. Balasubramani,2021,"Climate-smart agriculture (CSA) and extension advisory service (EAS) stakeholders' prioritisation: a case study of Anantapur district, Andhra Pradesh, India",,AGRIS,high,"The paper is a case study focused on Anantapur district in Andhra Pradesh and analyzes climate‑smart agriculture interventions and extension stakeholders within the Indian (state/district) context, making India the central focus.",high,"The study examines climate-smart agriculture interventions including zero-budget natural farming (ZBNF) and millet/horticulture-based sustainable practices promoted by public agencies and NGOs, i.e. alternative/sustainable farming approaches.",high,"The study substantively examines institutional and policy-related social dimensions — analysing extension stakeholders, their priorities/impacts on farmers and the department’s ZBNF-driven policy role — rather than only agronomic outcomes."
3744,"Jackson,M.G. (Uttarkhand Environmental Education Centre, JakhanDevi, Mall Road, Almora263 601 (Uttaranchal))",2003,Whither agricultural education and research,,AGRIS,high,"The paper explicitly addresses the role and reorientation of Indian agricultural education and research, discusses village-level farming and national development strategy in the Indian context, making India the central focus.",high,"The paper advocates an alternative agricultural science paradigm focused on ecosystem health, natural farming methods, village-level/traditional practices and interactive research and education — i.e., sustainable/alternative farming approaches.",high,"The paper focuses on village-level farmer–researcher interactions, traditional village teaching, student learning in communities, and institutional/policy changes—substantive social dimensions related to community structures, education/extension, and institutional roles rather than purely agronomic outcomes."
6105,"Neelam, Hema Sarat Chandra; Kadian, K.S.",2016,"Cow based natural farming practice for poor and small land holding farmers: A case study from Andhra Pradesh, India",,AGRIS,high,"The paper is a case study explicitly set in Andhra Pradesh, India, focusing on farming practices and smallholder farmers in that Indian state, making India the central study context.",high,"The study examines cow-based natural farming — a chemical-free, organic/natural farming approach practiced by smallholders in Andhra Pradesh — clearly addressing an alternative/sustainable farming method.",high,"The case study explicitly examines social dimensions—formation and dynamics of a farmers’ interest group, group-level behavior, and economic empowerment/income impacts for poor and marginal smallholders."
6184,"Govindaraj, Gurrappanaidu; Thorat, Gunavant; Rathnakumar, Luke",2016,"Production duality, profitability, driving forces and constraints in organic peanut cultivation in India",,AGRIS,high,"The study is an India-specific field survey (Gujarat state) of organic vs conventional peanut farmers and analyzes India-focused costs, returns, motivations and constraints, so India is the primary study site and population.",high,"The study explicitly compares organic and conventional peanut cultivation in India, investigates organic practices and inputs (e.g., FYM, Panchagavya, Jivamrut), and examines motivations and constraints for adopting organic farming.",high,"The paper analyzes socio-economic attributes (family labour, livestock ownership), motivations and constraints for adopting organic peanut farming, cost–benefit/income effects, and the role of institutions and policy, indicating substantive study of social dimensions."
6589,"G.V. SUNEEL KUMAR, O. SARADA and",2019,PERCEPTION OF THE FARMERS ON ZERO BUDGET NATURAL FARMING IN PRAKASAM DISTRICT OF ANDHRA PRADESH,,AGRIS,high,"The paper is an empirical study conducted in Prakasam District, Andhra Pradesh, with sampled Indian farmers and India-specific findings, making India the central focus.",high,"The study explicitly examines farmer perceptions, adoption determinants, constraints and information sources for Zero Budget Natural Farming (ZBNF), a recognized non‑conventional/sustainable farming approach in Andhra Pradesh.",high,"The paper analyzes farmers' perceptions and social determinants of ZBNF adoption (education, trainings, extension contact, innovativeness), information sources, labour and input/market constraints, and community support needs, indicating a substantive social-dimension focus rather than purely agronomic outcomes."
6623,"Khadse, Ashlesha; Rosset, Peter M.",2019,Zero Budget Natural Farming in India – from inception to institutionalization,,AGRIS,high,"The paper explicitly examines the development and institutionalization of Zero Budget Natural Farming within India, focusing on Indian states (Karnataka and Andhra Pradesh) and Indian peasant families as the primary subjects.",high,"The paper explicitly examines the growth and institutionalization of Zero Budget Natural Farming (an alternative, agroecological natural farming approach) in India, so it clearly addresses non‑conventional sustainable farming.",high,"The paper examines ZBNF as a peasant-led social movement and its institutionalization into state programs, addressing scale, drivers, and social/political challenges affecting peasant families rather than only agronomic outcomes."
6624,"Chowdhry, Parikrama; Babu, Suresh Chandra; http://orcid.org/0000-0002-8706-2516 Babu, S.",2019,Zero Budget Natural Farming: Fighting agrarian distress,,AGRIS,high,"The paper centers on Zero Budget Natural Farming, an agricultural approach originating and widely implemented in India and framed here as addressing agrarian distress, indicating an India-focused study or policy context.",high,"The paper explicitly focuses on Zero Budget Natural Farming (ZBNF), a non-conventional, agroecological/low-external-input farming approach aimed at alleviating agrarian distress.",high,"The title explicitly frames Zero Budget Natural Farming as a response to agrarian distress, indicating focus on socio-economic and livelihood/policy dimensions rather than purely agronomic outcomes."
6680,Mukul Sain; Anjali  Singh; Amanpreet  Kaur; Ruchika Zalpouri,2020,Metaphysical energy based sustainable yogic farming for enhanced productivity and farmers’ well being: A Review,,AGRIS,high,"The paper centers on yogic/Zero Budget Natural Farming tied to Indian institutions, policy (Indian Finance Budget), and Brahma Kumaris (headquartered in Rajasthan), indicating India is the primary study and policy context.",high,"The paper explicitly reviews yogic farming and Zero Budget Natural Farming (BKRYM-based) combined with organic practices as a sustainable, non-conventional agroecological approach affecting yields, soil health and farmer well‑being.",medium,"Although the paper emphasizes agronomic outcomes, it explicitly discusses farmers’ well‑being, the need to adapt practices to socio‑cultural settings, and awareness/adoption among farmers, indicating treatment of social dimensions (well‑being, cultural context, and adoption) rather than purely biophysical factors."
6709,"Shyam, D M; Dixit, S; Nune, R; Gajanan, S; Chander, G",2020,Zero Budget Natural Farming - An empirical analysis,,AGRIS,high,"The paper centers on Zero Budget Natural Farming in Andhra Pradesh, India—evaluating adoption, soil health, costs, and state-level policy scaling among Indian farmers.",high,"The paper explicitly evaluates Zero Budget Natural Farming (Subhash Palekar ZBNF), a non-conventional natural/chemical-free farming approach including its inputs, soil-health effects and farmer adoption, so it clearly addresses alternative/sustainable agriculture.",high,"The study explicitly assesses economic and adoption aspects of ZBNF—cost of production, farmer net returns and incomes, farmer-reported reasons for adoption, and scaling by government—indicating substantive socio-economic and livelihood analysis rather than purely agronomic focus."
6783,Ashlesha Khadse; Peter Rosset,2021,Zero Budget Natural Farming in India – from inception to institutionalization,,AGRIS,high,"The paper explicitly studies the development and institutionalization of Zero Budget Natural Farming within India, focusing on specific Indian states (Karnataka and Andhra Pradesh) and Indian peasant families, making India the central case and study context.",high,"The paper explicitly examines Zero Budget Natural Farming, a non‑conventional, sustainable farming approach, tracing its spread and institutionalization in India.",high,"The paper analyzes ZBNF as a peasant-led social movement and its institutionalization into state programs, discussing scale, reach to peasant families and the social/political challenges and contradictions involved."
6810,"Kumar, Vijay; Trives, André; Aubron, Claire; Conaré, Damien; Kurukshetra University; Agriculteur; Systèmes d'élevage méditerranéens et tropicaux (UMR SELMET) ; Centre de Coopération Internationale en Recherche Agronomique pour le Développement (Cirad)-Institut National de Recherche pour l’Agriculture, l’Alimentation et l’Environnement (INRAE)-Institut Agro Montpellier ; Institut national d'enseignement supérieur pour l'agriculture, l'alimentation et l'environnement (Institut Agro)-Institut national d'enseignement supérieur pour l'agriculture, l'alimentation et l'environnement (Institut Agro); Chaire Unesco Alimentations du Monde ; Institut Agro Montpellier ; Institut national d'enseignement supérieur pour l'agriculture, l'alimentation et l'environnement (Institut Agro)-Institut national d'enseignement supérieur pour l'agriculture, l'alimentation et l'environnement (Institut Agro); Institut Agro Montpellier",2022,"Le natural farming, promesse agroécologique de l'Inde",,AGRIS,high,"The paper focuses on natural farming in India and explicitly discusses the agroecological transition based on experience in the Indian state of Andhra Pradesh, making India the central case and study site.",high,"The title and abstract explicitly discuss natural farming and an agroecological transition in Andhra Pradesh (alternative/sustainable farming approaches), so it clearly addresses non-conventional agriculture.",medium,"The piece addresses the agroecological transition in Andhra Pradesh through the author’s experience, which likely involves social and policy dimensions (farmer adoption, movements, and governance), but the abstract gives no explicit social-focus details so certainty is moderate."
6828,"Singh, Arshdeep; Thakur, Rajesh Kumar",2022,Status of organic farming and economics of organic vegetable cultivation in Himachal Pradesh under Paramparagat Krishi Vikas Yojana (PKVY),,AGRIS,high,"The study specifically analyzes organic farming in Himachal Pradesh and the economics of organic vegetable cultivation in Chamba district under the Indian PKVY program, making an Indian state the primary focus.",high,"Paper analyzes the status and economics of organic vegetable cultivation in Himachal Pradesh under the PKVY program, clearly addressing organic (non‑conventional, sustainable) farming systems.",high,"The paper analyzes the status of organic farming (number of registered farmers, clusters under PKVY) and the economics (gross/net returns, benefit–cost ratios) of vegetable cultivation, which directly addresses farmers' livelihoods and income-related socio-economic aspects."
6829,Purushottam Dev; S. S. Paliyal; Navjot Rana,2022,"Subhash palekar natural farming - scope, efficacy and critics",,AGRIS,high,"The paper centrally examines Subhash Palekar's Zero Budget Natural Farming in the context of Indian food security and policy, citing India-specific population projections and national economic survey findings, so India is the primary focus.",high,"The paper explicitly examines Subhash Palekar Natural Farming (a form of Zero Budget Natural Farming), assessing its scope, efficacy and criticisms, which is a non‑conventional sustainable farming approach.",high,"The paper critiques Zero Budget Natural Farming on economic and food-security grounds, explicitly discussing farmer incomes, debt and national food/nutrition outcomes, indicating substantive socio-economic and livelihood analysis."
6852,"Mandla, Ishita; Sharma, Subhash",2023,Compendium of success stories of farmers practising natural farming in Himachal Pradesh,,AGRIS,high,"The paper is a state-level compendium focused on farmers and a government natural farming scheme in Himachal Pradesh, making India (a specific Indian state and its agricultural policy) the central focus.",high,"The paper specifically documents farmers practising Subhash Palekar Natural Farming (a natural/zero-budget natural farming approach) and government implementation of a Natural Farming scheme to reduce chemical inputs and costs, indicating a clear alternative/sustainable farming focus.",high,"A compendium of farmers' success stories about a government natural farming scheme focuses on income, cost-of-cultivation, welfare and adoption outcomes—substantive social dimensions (livelihoods, policy implementation and farmer welfare) rather than purely agronomic results."
6855,"Kumar, Sunil; Manjeet Singh Nain; V. Sangeetha; Satyapriya",2023,Determinants and Constraints for Adoption of Zero Budget Natural Farming (ZBNF) Practices in Farmer Field School,,AGRIS,high,"The study is an empirical analysis conducted in Wardha district, Maharashtra, making an Indian state/district the primary study site and focus of the paper.",high,"The study explicitly examines adoption and constraints of Zero Budget Natural Farming, a recognized agroecological/chemical-free alternative farming approach in India.",high,"The paper examines social and institutional determinants and constraints—labour availability and wages, knowledge/extension gaps, market access and prices, certification costs, and the role/number of FPOs—affecting adoption of ZBNF, not just agronomic outcomes."
6883,Saurabh Tiwari; K.S. Kadian; H.R. Meena; M.S. Nain; Sweety Mukherjee; Amandeep Ranjan,2023,Farmers’ Awareness of Agricultural Schemes under Saansad Adarsh Gram Yojana in Varanasi (UP),,AGRIS,high,"The study is explicitly focused on farmers in Varanasi district, Uttar Pradesh and evaluates awareness of Indian government agricultural schemes under the Saansad Adarsh Gram Yojana, making India the central study context.",high,"The paper assesses farmer awareness of government schemes that explicitly include Paramparagat Krishi Vikas Yojana (an organic farming program) and soil-health–related measures, indicating attention to sustainable/alternative farming approaches.",high,"Surveys farmers’ awareness of government agricultural schemes across model and non‑model villages, addressing access to information and village-level social/geographic disparities rather than agronomic outcomes."
6904,"Chandel, Ashu; Kumar, Rakesh; Shankar, S Vishnu; Chandel, Rajeshwar Singh; Gupta, Rakesh Kumar; Kumar, Pramod",2023,Natural farming: A socio-ecological approach for sustainable livelihood,,AGRIS,high,"The paper is a case study of natural farming in Himachal Pradesh (Shimla fruit growers) and evaluates Indian farming systems and outcomes, making India the central focus.",high,"The study explicitly examines natural farming (a low‑external‑input, eco‑friendly alternative) and compares socio-ecological and economic outcomes versus conventional agriculture among Shimla fruit growers.",high,"The case study evaluates net returns for Shimla fruit growers who adopt natural farming, addressing livelihoods and income effects (a socioeconomic dimension)."
6906,"Behl, Punam; Osbahr, Henny; Cardey, Sarah",2023,"New possibilities for women’s empowerment through agroecology in Himachal Pradesh, India",,AGRIS,high,"The study is a qualitative case study of a state programme in Himachal Pradesh, India, focusing on Indian women farmers and India-specific policy and implementation, so India is the central context.",high,"The study examines a state programme to transition farmers to natural farming (an agroecological/alternative approach) and its mechanisms for empowering women, so it clearly concerns non-conventional sustainable farming.",high,"A qualitative case study explicitly examines how the state's natural farming programme affects women’s empowerment, decision-making, leadership roles, income opportunities, and participation in community groups, so it substantively addresses gender and social dimensions."
6915,"Samaddar, Ayan; Padiyar Panemangalore, Arun; Maliappan, Sudharsan; Borah, Gulshan; Sikka, Alok; Kumar, Gopal",2023,"Rice fish farming in Andhra Pradesh, India: A case study",,AGRIS,high,"The study is a case study conducted in Andhra Pradesh and evaluates state-specific programs (RySS/APCNF), farmer outcomes, and local aquaculture systems, making India the central focus.",high,"Study evaluates rice–fish integrated farming as part of the Andhra Pradesh Community Managed Natural Farming (APCNF) initiative, an alternative, low-external-input, ecologically friendly farming system.",medium,"The study includes economic and livelihood aspects (costs, enhanced incomes, supply benefits) and reports farmer reactions and effects on rural agricultural communities, indicating social dimensions though primarily framed around an integrated production evaluation."
6917,"Balasubramani, N.; Shekara, P.Chandra; Praveen Kumar, Samuel; Sreelakshmi, C.; Jamanal, S.K.",2023,Study on Impact of Mann Ki Baat Programme on Organic and Natural Farming,,AGRIS,high,"The paper assesses the impact of India’s national radio programme 'Mann Ki Baat' on Indian stakeholders (KVKs, farmers, consumers) using data from ATARI zones across the country, so India is the primary study context and dataset.",high,"Directly evaluates the impact of a national outreach program on awareness, participation and adoption of organic and natural farming practices among farmers, KVKs and consumers, i.e., clearly focused on alternative/sustainable farming.",high,"The study evaluates social factors—awareness, participation, adoption decisions, information diffusion among farmers, consumers and extension functionaries (KVKs)—and institutional/communication influences on uptake of natural farming, rather than only agronomic outcomes."
6922,"Gupta, Shweta; Malaiappan, Sudharsan; Krishnan, S.; Sikka, Alok",2023,The natural farming model of Andhra Pradesh: a solution for sustainable agriculture in India,,AGRIS,high,"The study explicitly focuses on Andhra Pradesh (specific Indian state), its natural farming programme (APCNF), and field assessments in districts/mandals, making India the primary study site and policy context.",high,"The paper assesses Andhra Pradesh’s Zero Budget/Community-Managed Natural Farming (APCNF/ZBNF) and agroecological initiatives, clearly focusing on alternative, sustainable farming approaches rather than conventional agriculture.",high,"The study explicitly assesses the social, economic and political fabric of APCNF implementation using secondary data and stakeholder interviews/FGDs, indicating substantive treatment of livelihoods, policy/institutional arrangements and community-managed farming dynamics."
6924,"Athawale, Snehal; Singh, Ram; Hatai, Lakshmi Dhar; Sing Bey, Brota; Singh, N. Anandkumar; Singh, Rajkumar Josmee; Hemochandra, L.",2024,A comparative economics of natural farming and conventional farming of rice cultivation in Arunachal Pradesh,,AGRIS,high,"The paper is an empirical study of rice cultivation in Arunachal Pradesh (East Siang district) using primary data from local farmers, making an Indian state the central study site and dataset.",high,"The paper explicitly compares natural farming (a non-conventional, sustainable/agroecological approach) with conventional rice farming, analyzing costs, returns and labor implications, so it clearly addresses alternative/sustainable farming.",high,"The paper examines gender-based differences in labor utilization and labor intensity and compares net returns (livelihood/economic outcomes) between natural and conventional rice farming, indicating substantive social dimensions."
6926,"Dorin, Bruno; Poisot, Anne-Sophie; Vijay Kumar, Thallam",2024,"Agro-industry versus agroecology? Two macroeconomic scenarios for 2050 in Andhra Pradesh, India",,AGRIS,high,"The work develops and compares macroeconomic/agricultural scenarios specifically for Andhra Pradesh, making an Indian state the primary study site and focus of the analysis.",high,"The work models a full transition to agroecology and explicitly compares a Community‑managed Natural Farming (APCNF) scenario with an industrial/agro‑industry scenario for Andhra Pradesh, addressing alternative and sustainable farming pathways and impacts.",high,"The work explicitly compares scenarios for employment, income inequality, land use and economic outcomes and uses participatory qualitative methods, indicating substantive treatment of social and socio-economic dimensions."
6927,"Malaiappan, Sudharsan; Krishnan, S.; Gadewar, P.; Sharma, H.; Priyadarshini, P.; Thakur, A.; Ganvir, S.; Acharya, P.; Kumar, Gopal; Shijagurumayum, M. S.; Singh, Sonali; Samaddar, A.; Alvi, Muzna; Borah, Gulshan; Sikka, Alok",2024,"Agroecological insights for Mandla, Madhya Pradesh, India: a contextual analysis for sustainable transformation",,AGRIS,high,"The study focuses specifically on Mandla district in Madhya Pradesh, examining local agroecological conditions, Indian policies, institutions, and community practices, making India the primary case and context.",high,"The report explicitly analyzes agroecological and sustainable farming practices and pathways for transition (e.g., composting/biochar, reduced synthetic inputs, conservation practices, crop–livestock integration, agroforestry, traditional/tribal practices and community-led knowledge systems) in Mandla district.",high,"The report conducts substantive social analysis, addressing tribal socio-economic disparities, livelihoods and income diversification, land and natural resource governance, community participation and institutions (farmer groups, SHGs, gram sabhas), cultural practices, labor arrangements, and market/value-chain constraints relevant to agroecological transition."
6943,"Sivagamy, K.; Karunakaran, V.; Ananthi , K.; Rajesh, M.; Arul Prasad, S.; Tamilselvi, C.; Vijayashanthi, V.A.; Mohammed Ashraf, A.; Vanitha, K.; Kanaga, S.",2024,Effects of Organic Manures and Foliar Sprays on Growth and Yield of Finger Millet,,AGRIS,high,"The study’s experiments were conducted in Thiruvannamalai, India and report India-specific agronomic results and economic outcomes, making India the primary study site and focus.",high,"The study evaluates organic nutrient sources and traditional organic foliar inputs (FYM, green manuring, vermicompost, Panchakavya, vermiwash) as alternatives to chemical inputs, indicating a sustainable/alternative farming focus.",medium,"While primarily an agronomic field trial, the paper reports gross/net income and benefit–cost ratios for treatments, addressing economic/profitability implications (a social/economic dimension) rather than solely biophysical outcomes."
6949,"Lyngkhoi, Dipriya R.",2024,Factors Associated with Shifting Cultivation in Meghalaya: Policy Perspective Probit Approach,,AGRIS,high,"The study uses primary data from farmers in Meghalaya and analyzes shifting cultivation and policy implications for that specific Indian state, so India is the central focus.",high,"The paper studies traditional shifting cultivation (jhum) and explicitly discusses sustainable alternatives such as agroforestry, forest/home gardens and natural farming, indicating a focus on non‑conventional/agroecological practices.",high,"The study analyzes socio-economic and demographic determinants (age, family size, per capita income, livelihoods), as well as government incentives and market access, influencing farmers' decisions to continue shifting cultivation, indicating substantive focus on social dimensions."
6961,"Samaddar, Ayan; Panemangalore, Arun Padiyar; Maliappan, Sudharsan; Borah, Gulshan; Sikka, Alok; Kumar, Gopal",2024,"Integrated agroecological rice fish farming in Andhra Pradesh, India: A case study",,AGRIS,high,"The study is a case study of integrated rice–fish farming in Andhra Pradesh, India, using Andhra Pradesh-specific institutions and farmer-level field data, so India (an Indian state) is the central focus.",high,"The paper evaluates integrated rice–fish culture as part of the Andhra Pradesh Community-Managed Natural Farming (APCNF) initiative, a low-chemical, agroecological integrated farming system focused on sustainability and biodiversity.",high,"The study examines farmer reactions, input costs and reports enhanced incomes and benefits for rural communities and discusses adoption among small and marginal farmers, indicating substantive socio-economic and livelihood and extension/policy dimensions rather than purely biophysical outcomes."
6964,"Aubron, Claire; Bainville, Sébastien; Philippon, Olivier; Ruiz, Laurent; Systèmes d'élevage méditerranéens et tropicaux (UMR SELMET) ; Centre de Coopération Internationale en Recherche Agronomique pour le Développement (Cirad)-Institut National de Recherche pour l’Agriculture, l’Alimentation et l’Environnement (INRAE)-Institut Agro Montpellier ; Institut national d'enseignement supérieur pour l'agriculture, l'alimentation et l'environnement (Institut Agro)-Institut national d'enseignement supérieur pour l'agriculture, l'alimentation et l'environnement (Institut Agro); Institut Agro Montpellier ; Institut national d'enseignement supérieur pour l'agriculture, l'alimentation et l'environnement (Institut Agro); Montpellier Interdisciplinary center on Sustainable Agri-food systems (Social and nutritional sciences) (UMR MoISA) ; Centre de Coopération Internationale en Recherche Agronomique pour le Développement (Cirad)-Institut de Recherche pour le Développement (IRD)-Centre International de Hautes Etudes Agronomiques Méditerranéennes - Institut Agronomique Méditerranéen de Montpellier (CIHEAM-IAMM) ; Centre International de Hautes Études Agronomiques Méditerranéennes (CIHEAM)-Centre International de Hautes Études Agronomiques Méditerranéennes (CIHEAM)-Institut National de Recherche pour l’Agriculture, l’Alimentation et l’Environnement (INRAE)-Institut Agro Montpellier ; Institut national d'enseignement supérieur pour l'agriculture, l'alimentation et l'environnement (Institut Agro)-Institut national d'enseignement supérieur pour l'agriculture, l'alimentation et l'environnement (Institut Agro); Gestion de l'Eau, Acteurs, Usages (UMR G-EAU) ; Centre de Coopération Internationale en Recherche Agronomique pour le Développement (Cirad)-Bureau de Recherches Géologiques et Minières (BRGM)-Institut de Recherche pour le Développement (IRD)-AgroParisTech-Institut National de Recherche pour l’Agriculture, l’Alimentation et l’Environnement (INRAE)-Institut Agro Montpellier ; Institut national d'enseignement supérieur pour l'agriculture, l'alimentation et l'environnement (Institut Agro)-Institut national d'enseignement supérieur pour l'agriculture, l'alimentation et l'environnement (Institut Agro); Indo-French Cell for Water Sciences =  Cellule Franco Indienne de Recherche en Science de l’Eau (IFCWS = CEFIRSE) ; Indian Institute of Science [Bangalore] (IISc Bangalore)",2024,"Le ""natural farming"" à grande échelle : la promesse agroécologique de l'Inde ?",,AGRIS,high,"The paper centrally examines India’s large-scale natural farming movement and policy, with a specific focus on Andhra Pradesh’s programme, farmers, and hectares targeted — India is the primary case and context.",high,"Paper examines large-scale natural farming (ZBNF/Natural Farming) and Andhra Pradesh’s agroecology conversion efforts, which are clearly alternative/sustainable farming approaches.",high,"The paper evaluates the large-scale state-led push to convert millions of farmers in Andhra Pradesh and interrogates policy, adoption conditions and implications for farmers and agroecological practice, indicating substantive social and political analysis rather than purely biophysical focus."
6971,"Kumar, Ranjit; Kumar, Sanjiv; Yashavanth, B.S.; Meena, P.C.",2024,Natural Farming Practices in India: Its Adoption and Impact on Crop Yield and Farmers’ Income,,AGRIS,high,"The paper is an empirical study of Natural Farming using primary data collected from farmers in the Indian states of Karnataka and Andhra Pradesh, so India is the central study context.",high,"The paper explicitly studies Natural Farming (an agroecological/alternative approach) and specific NF practices (e.g., Jeevamritha, farmyard manure) and their adoption, costs, yields and income in Karnataka and Andhra Pradesh.",high,"The study explicitly examines adoption and impacts on farmers’ income and cultivation costs (livelihood/economic effects) by comparing NF adopters and non-adopters, indicating substantive social/economic analysis rather than purely agronomic focus."
6979,"N D, CHETHAN PATIL; Dayananda Patil; Sujeet K Jha; Rahul Dundesh Bellagi; B.N. Priyanka; H. Gunashekhar",2024,"Perception on Zero Budget Natural Farming: A Comparative Study Among Adopters, Planners, and Non-adopters",,AGRIS,high,"The paper uses primary data collected from farmers in two districts of Northern Karnataka and analyzes perceptions of Zero Budget Natural Farming among Indian adopters, planners, and non-adopters, making India the central study context.",high,"The paper explicitly studies perceptions and adoption of Zero Budget Natural Farming, a recognized alternative/sustainable agroecological farming approach, comparing adopters, planners and non-adopters.",high,"The paper examines farmer perceptions across adopters, planners, and non-adopters on labour intensity, reliance on indigenous cattle and machinery, and yield impacts—socially relevant factors affecting adoption, livelihoods, and access to resources."
6982,"Reddy, B. Guruva; Reddy, V. Ratna; Reddy, M. Srinivasa",2024,Potential and Constraints of Zero Budgeted Natural Farming (ZBNF): A Study of Andhra Pradesh,,AGRIS,high,"The study is explicitly focused on Andhra Pradesh (an Indian state), using field visits, interviews and case studies across 11 AP districts, so India is the primary study site and context.",high,"The paper directly evaluates Zero Budget Natural Farming (ZBNF) in Andhra Pradesh, assessing its environmental and economic outcomes and barriers to scaling, which is a non-conventional sustainable/agroecological farming approach.",high,"The study uses field visits and interviews to assess ZBNF’s economic impacts, reporting on reduced incomes, initial losses, high dis-adoption and barriers to scaling, thereby substantively addressing livelihoods and socio-economic constraints of farmers."
7005,"Devi, Meera; Sharma, Anurag; Shukla, Arti; Vikram, Amit",2025,A farmwoman practising sustainable farming system from Solan district of Himachal Pradesh,,AGRIS,high,"The paper is a case study of a named farmwoman in Solan district, Himachal Pradesh, making an Indian state and local population the central focus of the study.",high,"The paper explicitly describes adoption of a natural/chemical-free sustainable farming system (natural farming), improved soil health, and alternative practices compared with chemical farming, indicating a clear agroecological/alternative agriculture focus.",high,"The paper foregrounds a woman's entrepreneurial role in sustainable farming and discusses gendered participation, economic returns and social impacts (employment, role-modelling), indicating substantive social dimensions (gender and livelihoods)."
7006,"Parthiban, J. J.; Anjugam, M.",2025,A study on Economic Analysis of Organic Coconut Cultivation in Coimbatore District,,AGRIS,high,"The study is an India-specific empirical analysis conducted in Coimbatore district, Tamil Nadu, using local farmers, Indian schemes (PGS and PKVY), and India-local data, so India is the primary focus.",high,"The paper explicitly studies organic coconut cultivation, Participatory Guarantee Scheme certification, and use of farmyard manure and bio-fertilizers, which are clearly alternative/sustainable farming practices.",medium,"Although primarily an economic/agronomic analysis, the paper reports household-level income/profitability, examines Participatory Guarantee Scheme involvement, and identifies labour supply and market constraints—indicating substantive livelihood and labour-related social dimensions."
7014,"Kumar Mishra, Ajay; Kumar Maurya, Piyush; Sheetal, Sharma",2025,Comprehensive analysis of natural farming practices across India: A systematic review,,AGRIS,high,"The paper explicitly focuses on natural farming across India, including India-specific practices, regional case studies (Andhra Pradesh, Sikkim), and Indian policy and community contexts, making India the central focus.",high,"The review explicitly examines natural/alternative farming approaches (including ZBNF, organic and regional natural farming programs such as Andhra Pradesh and Sikkim) and their agroecological, soil, biodiversity and socioeconomic impacts, so it clearly addresses non‑conventional sustainable agriculture.",high,"The systematic review explicitly assesses economic viability (input and labour costs), government policies and community initiatives, and calls for research on socioeconomic benefits, indicating substantive treatment of livelihoods, policy participation and community/social aspects."
7022,"Samaddar, A.; Krishnan, S.; Malaiappan, S.; Borah, G.; Panemangalore, A.P.; Kumar, G.",2025,"Ecological and Socioeconomic Characterization of Integrated Rice-Fish Farming Systems under Natural Farming in West Godavari, Andhra Pradesh, India",,AGRIS,high,"The study explicitly focuses on West Godavari district in Andhra Pradesh and evaluates an India-specific program (APCNF) and local rice–fish systems and species, making India the central context.",high,"Focuses on Andhra Pradesh Community Managed Natural Farming and the shift from rice monoculture to integrated rice–fish co-cultivation using local varieties, clearly describing an agroecological/sustainable farming approach.",high,"The study explicitly includes socioeconomic characterization of integrated rice–fish systems under a community natural farming program, indicating substantive analysis of livelihoods/income and other social dimensions rather than only biophysical outcomes."
7023,"Mundu, Sneha; Bhagat, Deepak; Venkannanavara, Murulidhar; Mohan, Golli; Sangma, Gino A",2025,"Economic Analysis of Jhum Farming System of West Garo Hills, Meghalaya",,AGRIS,high,"The study investigates Jhum farming in specific villages of West Garo Hills, Meghalaya (India), using India-specific data (villages, rupee costs, district/block-level results), so India is the central study context.",high,"The paper analyzes Jhum, a traditional indigenous slash-and-burn, low-external-input farming system described as following natural/low-input principles, which clearly falls under alternative/sustainable/traditional agriculture.",high,"The paper analyzes livelihoods and economic outcomes of indigenous Jhum farmers and reports socio-economic variables (village-level land shares, literacy, profitability/B:C ratios, and factors like farming experience) indicating substantive study of social dimensions."
7036,"Berger, Iris",2025,Efficacy of agroecological approaches to ameliorate trade-offs between food production and biodiversity conservation,,AGRIS,high,"The thesis is centered on field studies and policy analysis in Andhra Pradesh, South India, evaluating the India-specific Zero Budget Natural Farming programme and landscape interventions using India-based surveys and stakeholder workshops.",high,"The thesis explicitly evaluates agroecological approaches—notably Zero Budget Natural Farming (ZBNF) and landscape vegetation patches—in Andhra Pradesh, assessing biodiversity, yields, and socio-economic impacts, so it clearly concerns non-conventional/sustainable farming.",high,"The thesis includes farmer interviews and stakeholder workshops and explicitly evaluates socioeconomic outcomes (farmers’ profits), livelihoods, policy alignment/governance, and value‑chain and multi‑stakeholder dimensions of ZBNF, so it substantively examines social dimensions of farming."
7047,"Behl, Punam",2025,"How agroecology can empower women farmers: a study 
of a transition to natural farming in Himachal Pradesh, 
India",,AGRIS,high,"The study is an India-specific case study centered on the Himachal Pradesh state initiative, using primary data from villages and farmers in that region, so India is the central study site and context.",high,"The paper evaluates a state-led transition to natural farming—an agroecological, low-external-input approach—and its effects on women farmers, including training, farmer groups, and indigenous seed system needs, which fits the alternative/sustainable farming criteria.",high,"Qualitative case study focused on marginal women farmers in Himachal Pradesh, analyzing empowerment, decision-making, income-generating roles, community groups, training and institutional barriers during a transition to natural farming."
7056,S S  WALIA; A S  SIDHU; C S  AULAKH; NARINDER  KUMAR,2025,"Insights from organic farmers in Punjab: A survey on practices, challenges and market access",,AGRIS,high,"The paper reports a survey and analysis of organic farmers in multiple districts of Punjab, conducted by Indian agricultural institutions, making an Indian state the primary study site and focus.",high,"The study explicitly investigates organic and natural farming practices (including certified organic management, composting, vermicompost, traditional organic inputs and botanical pest controls) and barriers to their adoption, indicating a clear alternative/sustainable agriculture focus.",high,"The survey explicitly reports farmer socio-economic characteristics (farm-size distribution), labour constraints, market access issues and profit information, indicating substantive analysis of livelihoods and socio-economic dimensions of organic farming."
7057,"Bordoloi, L. J.; C. S., Karibasappa; Kumar, Sunil; Mohanty, A. K.; Kalita, H.",2025,Inspiring journey of a farm woman in natural farming,,AGRIS,high,"The case study focuses on a specific Indian village and district (Tsongpong, Kiphire, Nagaland) and describes an Indian farmer’s adoption of natural farming with local KVK support, making India the central context.",high,"Reports adoption and outcomes of natural farming practices (organic inputs, Jeevamrut, vermicomposting, crop rotation) and community diffusion, i.e., a clear alternative/sustainable farming approach.",high,"Centers on a female farmer’s adoption of natural farming, documenting changes in her income/livelihoods and her role as a community leader promoting adoption — addressing gender, livelihoods, and community social dynamics."
7087,"Sharma, Anurag; Devi, Meera; Shukla, Arti; Vikram, Amit",2025,Success story of a natural farmer from Solan district of Himachal Pradesh,,AGRIS,high,"The paper is a case study focused on a specific farmer in Solan district, Himachal Pradesh, making an Indian district/state the primary study site and central focus.",high,"Case study about a farmer adopting natural/low-input farming that eliminates synthetic fertilizers and pesticides and contrasts outcomes with chemical farming, i.e., an alternative/sustainable farming approach.",medium,"The paper is a case 'success story' that explicitly compares net returns of a farmer using natural versus chemical farming, addressing income/livelihood effects even though it does not discuss other social factors in depth."
7092,"Chowdhury, Eshan; Parveen, Gulafsha; Thapliyal, Ashish; Uniyal, Virendra Prasad",2025,"Traditional agriculture practices in Garhwal Himalaya, Uttarakhand: An overview",,AGRIS,high,"The paper specifically studies traditional agricultural systems, practices, pest management, climate impacts, and Indian government schemes in the Garhwal Himalaya region of Uttarakhand, India, making India the central focus.",high,"The review explicitly examines traditional and indigenous agroecological systems (e.g., Sari, Barahnaja), mixed cropping and indigenous pest management as sustainable, low-input practices and their role in resilience and policy in Uttarakhand.",high,"The review addresses social dimensions including small landholder strategies (Sari, Barahnaja) as livelihood/insurance mechanisms, indigenous cultural practices, government schemes/policy, and climate-driven impacts prompting changes or relocation, indicating substantive coverage of landholding, livelihoods, migration, culture and policy."
7095,"Walker, Grady; Osbahr, Henny; Duddigan, Sarah; George, Jayna; Ponnolu, Sravanthi; Anisetti, Himabindu; Collins, Chris; Hussain, Zakir",2025,“It feels like we’re doing something good.”  Mapping farmer perceptions of Zero Budget Natural Farming onto crop yields in Andhra Pradesh,,AGRIS,high,"The paper studies Zero Budget Natural Farming adoption and crop yields in two specific districts of Andhra Pradesh, India, making India (and an Indian state) the primary study site and population.",high,"The study explicitly investigates Zero Budget Natural Farming (ZBNF) adoption in Andhra Pradesh, compares natural farming yields with organic and conventional plots, and examines farmer motivations and subjective benefits of this alternative/sustainable approach.",high,"The study explicitly analyzes farmer motivations and subjective perceptions (memory, legacy, independence, rejection of industrialized agriculture) using participatory methods and links these cultural and social drivers to adoption of ZBNF, not just biophysical outcomes."
7111,"J. R. 	Shalini, Dr R.S. Yadav, G. 	Selvarani, J. R. 	Shalini",,"Barriers faced by Paramparagath Krishi Vikas Yojana (PKVY) beneficiaries and their
                     proposed suggestions.",,CABI,high,"The paper focuses on beneficiaries of the Paramparagat Krishi Vikas Yojana (PKVY), which is an Indian agricultural program, so India is the primary study context.",high,"The paper focuses on Paramparagat Krishi Vikas Yojana (PKVY), a government organic/alternative farming program, examining barriers faced by its beneficiaries and their suggestions, so it concerns non‑conventional sustainable agriculture.",high,"The study addresses barriers faced by PKVY beneficiaries and their suggestions, indicating examination of socio-economic, institutional, and farmer-perspective issues (adoption, access, livelihoods) which are social dimensions of farming."
7163,"Eshan 	Chowdhury, Action for Sustainable, Efficacious Development and Awareness (ASEA), Gulafsha 	Parveen, Eshan 	Chowdhury",,"Traditional agriculture practices in Garhwal Himalaya, Uttarakhand: an overview.",,CABI,high,"The paper explicitly examines traditional agricultural practices in the Garhwal Himalaya, Uttarakhand, making a specific Indian region the central focus of the study.",high,"The paper reviews traditional/indigenous agriculture practices in the Garhwal Himalaya, which fall within non‑conventional, sustainable, and agroecological farming approaches.",medium,"The title indicates an overview of traditional agricultural practices in the Garhwal Himalaya, which commonly includes indigenous knowledge, cultural practices and community-level farming arrangements, but the absence of an abstract prevents confirmation that social dimensions are treated substantively."
7182,,2018,Zero Budget Natural Farming for the Sustainable Development Goals,,Zotero,high,"The study specifically examines Zero Budget Natural Farming in Andhra Pradesh, India, making India (and an Indian state) the primary study site and policy context.",high,"The paper explicitly focuses on Zero Budget Natural Farming (a non‑conventional, natural farming approach) in Andhra Pradesh and its relation to sustainable development, indicating a clear alternative/sustainable farming angle.",medium,"The report explicitly links Zero Budget Natural Farming to the Sustainable Development Goals in Andhra Pradesh, implying assessment of social outcomes (livelihoods, poverty/food security, rural development and related socio-economic indicators), but the provided citation lacks an abstract so specific social dimensions studied cannot be confirmed."
7185,"Pandey, Samyak",2019,Modi govt supports Zero Budget Natural Farming but doesn't have enough budget to promote it,,Zotero,high,"The title and abstract center on the Modi government and national budget allocations for Zero Budget Natural Farming, making India the primary policy context and focus of the piece.",high,"Discusses government support and budget allocation for Zero Budget Natural Farming (ZBNF), an explicit alternative/sustainable farming approach in India.",high,"The piece centers on government support and meagre budget allocation for promoting Zero Budget Natural Farming, indicating a clear focus on policy and political dimensions of agricultural practice promotion."
7186,"Kumar, Ranjit; Kumar, Sanjiv; Yashavanth, B. S.; Meena, P. C.",2019,Natural Farming Practices in India: Its Adoption and Impact on Crop Yield and Farmers' Income,,Zotero,high,"The paper is an empirical study conducted in Indian states (Karnataka and Andhra Pradesh) using farmer-level data on natural farming, so India is the primary study context.",high,"The paper directly studies Natural Farming, an agroecological/low-external-input alternative (use of Jeevamritha, FYM, etc.) and its adoption, costs, yields and income impacts in Karnataka and Andhra Pradesh.",high,"The paper compares NF adopters and non-adopters and evaluates cultivation costs and farmers' income, indicating a substantive focus on livelihoods/economic impacts of farming practices."
7190,"Bailey, Sarah",2019,Zero Budget Natural Farming in India: Perspectives from the field,,Zotero,high,"The work explicitly focuses on Zero-Budget Natural Farming scaling in Andhra Pradesh, South India, making India (and an Indian state) the primary study site and case for the research.",high,"Focuses explicitly on Zero Budget Natural Farming (an agroecological/alternative approach) and its scaling in Andhra Pradesh, indicating a clear sustainable farming/systems angle.",medium,"The work focuses on how ZBNF is scaling in Andhra Pradesh—an adoption/extension issue that likely engages social factors (farmer uptake, networks, institutions, policy and livelihoods), though the brief description doesn’t explicitly list specific social variables."
7191,"Kumar, Sunil",2019,Zero Budget Natural Farming-ZBNF-Securing Smallholder Farming From Distress,,Zotero,high,"The paper centers on Zero Budget Natural Farming (ZBNF), an India-originated, India-focused approach aimed at securing small and marginal farmers, so India is the primary context.",high,"The paper explicitly addresses Zero Budget Natural Farming (ZBNF), a non-conventional, sustainable agricultural approach targeting smallholder resilience, so it fits the review scope.",medium,"Title and abstract indicate the paper addresses ZBNF as a livelihood/poverty-relief option for small and marginal farmers (socio-economic distress), implying substantive social dimensions though details are sparse."
7192,"Shyam, D. M.; Dixit, Sreenath; Nune, Rajesh; Gajanan, S.; Chander, Girish",2019,Zero budget natural farming - an empirical analysis.,,Zotero,high,The paper centers on Zero Budget Natural Farming within the Indian policy context (citing India's Finance Minister) and thus treats India as the primary case/population for the empirical analysis.,high,"The paper explicitly analyzes Zero Budget Natural Farming (ZBNF), a non‑conventional, low‑external‑input natural farming approach and thus clearly falls under alternative/sustainable/agroecological farming.",medium,"The abstract frames ZBNF in the context of farmers' distress and a policy response suggesting an economic/livelihood focus; however the excerpt does not clearly state which social dimensions (income, land, gender, caste, migration, etc.) are empirically analyzed, so relevance is likely but not certain."
7193,"Reddy, B.; Reddy, V.; Mandala, Srinivasa",2019,“Potential and Constraints of Zero Budgeted Natural Farming (ZBNF): A Study of Andhra Pradesh”,,Zotero,high,"The study is explicitly focused on Zero Budget Natural Farming in Andhra Pradesh, India, with field visits, interviews, and case studies across 11 districts, making India (an Indian state) the central study context.",high,"The study explicitly evaluates Zero Budget Natural Farming (ZBNF) in Andhra Pradesh, examining its environmental and economic outcomes, adoption constraints and scalability, and thus addresses a non-conventional sustainable farming approach.",high,"The paper substantively examines socio-economic dimensions—farm incomes, livelihood impacts, adoption/dis-adoption dynamics and farmer experiences with ZBNF, assessing economic constraints and implications for scaling up."
7197,apcnf,2020,Can Zero Budget Natural Farming Save Input Costs and Fertilizer Subsidies? Evidence from Andhra Pradesh – Andhra Pradesh Community Managed Natural Farming,,Zotero,high,"The paper explicitly focuses on Andhra Pradesh Community Managed Natural Farming, making an Indian state and its program the primary study context and population of interest.",high,"The paper explicitly examines Zero Budget Natural Farming / Andhra Pradesh Community Managed Natural Farming, a non-conventional, agroecological approach aimed at reducing input costs and fertilizer subsidies.",high,"The paper explicitly examines input costs and fertilizer subsidies (economic and policy dimensions) of Zero Budget Natural Farming in Andhra Pradesh, which are substantive social/economic issues related to livelihoods and public policy."
7198,"Vijayakumar, Shanmugam; Rajendran, Gobinath; Sivashankari, M; Aravindan, S; Nayak, A.K.",2020,Can zero budget natural farming double the farmers income?,,Zotero,high,"The paper explicitly examines Zero Budget Natural Farming within the Indian context, referencing specific Indian states (Karnataka, Andhra Pradesh, Kerala) and discussing policy, research and income impacts for Indian farmers.",high,"The paper explicitly evaluates Zero Budget Natural Farming, a non‑conventional sustainable farming approach, and discusses its impacts on farmer income, livelihoods and environmental outcomes.",high,"The abstract explicitly discusses impacts on farmers’ income, livelihoods, and food/nutritional security, indicating substantive attention to socio-economic dimensions rather than only agronomic outcomes."
7203,"Rani, Shilpa",2020,"Rising Benefits, Issues and Challenges of Zero Budget Natural Farming (ZBNF)",,Zotero,high,"The paper centers on Zero Budget Natural Farming in the Indian context, cites Indian government programs and rupee allocations, and discusses marketing and policy issues affecting Indian farmers, making India the primary focus.",high,"The paper explicitly discusses Zero Budget Natural Farming (ZBNF), a non‑conventional, chemical‑free sustainable farming approach, including its principles, benefits, and policy/marketing challenges.",high,"The article discusses socioeconomic and policy aspects of ZBNF—debt relief for smallholders, marketing structures and middlemen, government programmes and awareness efforts—so it substantively addresses social dimensions of farming."
7204,"Rajamani, Asokan",2020,Studies in Indian Place Names Environmental Sustainability Through Zero Budget Natural Farming,,Zotero,high,"The abstract focuses on Zero Budget Natural Farming within India, referencing its spread across Indian states and origins and impacts in Karnataka, making India the primary geographic and policy context of the study.",high,"The paper explicitly studies Zero Budget Natural Farming, a low-external-input natural/organic agroecological approach in India and its contributions to environmental sustainability.",medium,"The abstract frames ZBNF as a grassroots peasant movement and explicitly discusses farmer incomes, input costs, labour requirements and farmer/consumer benefits, indicating socioeconomic and political/community dimensions even though the stated focus is environmental sustainability."
7207,"Ray, Avik",2020,ZBNF - a bullet no way near the bull’s eye?,,Zotero,high,"The paper centrally examines Zero Budget Natural Farming, a movement led by Indian practitioner Subhash Palekar and implemented/promoted by Indian governments and organizations, so India is the primary study context.",high,"The paper explicitly examines Zero Budget Natural Farming/Subhash Palekar Natural Farming and its relation to agroecological, low-external-input and organic farming debates in India, making it clearly about alternative/sustainable farming.",high,"The abstract discusses ZBNF as a mass movement with government backing, economic claims about farmer incomes and input costs, and policy/ideological debates—indicating substantive attention to social, political, and livelihood dimensions rather than purely biophysical outcomes."
7208,"Kumhar, Bheru; Meena, P.K.P.; Meena, Harphool; baldodiya, vijay",2020,Zero Budget Natural Farming (ZBNF) is a way forward to Sustainable Agricultural Productivity and Environment Management,,Zotero,high,"The paper explicitly frames Zero Budget Natural Farming as a response to Indian Green Revolution impacts, discusses Indian agrarian crises (including farmer suicides) and cites Subhash Palekar, making India the central context.",high,"Paper explicitly examines Zero Budget Natural Farming (Subhash Palekar’s approach), a non-chemical, farmer-centered sustainable/alternative agriculture system as an alternative to conventional Green Revolution practices.",high,"The paper discusses agrarian crisis and neoliberal impacts on smallholders, access to inputs, debt and farmer suicides and frames ZBNF as an economic and social alternative, indicating substantive treatment of socio-economic and livelihood dimensions."
7214,"Jayakumar, A.; C Meiyalagan, Ezhilvani",2021,Organic Certification And Marketing -An Inquiry On PGS India,,Zotero,high,"The paper explicitly examines India's organic certification and marketing systems—PGS India, the PKVY national scheme, and the Jaivik-kheti portal—making India the primary context and focus.",high,"The paper addresses organic agriculture and certification/marketing schemes (PGS India, PKVY, Jaivik-kheti), which are clearly alternative/sustainable farming approaches.",high,"The paper examines organic certification schemes, farmer awareness and digital marketing platforms, which address institutional participation, access to markets and farmer livelihoods rather than purely agronomic outcomes."
7220,AFSAfrica,2021,Vijay Kumar on the crucial role of women's groups in scaling up Agroecology.,,Zotero,high,"The piece centers on India’s Community Managed Natural Farming (CMNF) and Vijay Kumar’s mobilisation of over a million farmers through thousands of women’s self‑help groups, with other regions only offering reflections.",high,"Focuses on Community Managed Natural Farming (an agroecological/alternative farming approach) and the role of women's groups in scaling up agroecology, so it directly addresses non‑conventional sustainable farming.",high,"The paper substantively examines social capital and the central role of women's self-help groups in mobilising and scaling Community Managed Natural Farming, addressing gendered social organization and collective action."
7223,"Rose, Sabrina; Halstead, Jeremy; Griffin, Timothy",2021,"Zero Budget Natural Farming in Andhra Pradesh: A Review of Evidence, Gaps, and Future Considerations",,Zotero,high,"The paper specifically examines Zero Budget Natural Farming in Andhra Pradesh and evaluates a state government program in India, making India the central study context.",high,"The paper is explicitly about Zero Budget Natural Farming/Community Managed Natural Farming, a large-scale agroecological/natural farming initiative in Andhra Pradesh, which is a non-conventional sustainable agriculture approach.",high,"The review explicitly treats ZBNF as both a production and social framework and assesses impacts and gaps from its large-scale implementation in Andhra Pradesh, indicating substantive treatment of social dimensions such as adoption, community management, and livelihoods."
7224,"Kumar, Manish; Sunaratiya, Aakash",2021,Zero Budget Natural Farming: The Return to Nature,,Zotero,high,"The abstract centers on Zero Budget Natural Farming practiced at scale in India and specifically discusses Andhra Pradesh’s statewide programme and policy to roll out ZBNF to its farmers, making India the primary study context.",high,"The paper explicitly examines Zero Budget Natural Farming (ZBNF), a non‑conventional, low‑input natural farming approach being promoted at scale in Andhra Pradesh, India, and thus addresses an alternative/sustainable farming system.",high,"The abstract discusses state-led roll-out, training/extension and the aim to reduce farmers’ direct costs and boost livelihoods, indicating focus on policy, adoption and economic/social impacts rather than solely agronomic outcomes."
7226,"Gamoh, Minam; Sharma, Himanshu; Chakraborty, Mandakranta",2022,21. Determinants of Adoption for Natural Farming,,Zotero,high,"The abstract centers on Zero Budget Natural Farming (ZBNF) introduced by Subhash Palekar and discusses the Green Revolution, farmer indebtedness and suicides in the Indian context, indicating India is the primary focus.",high,"Paper explicitly studies adoption determinants of Zero Budget Natural Farming/Subhash Palekar Natural Farming, a non‑conventional, low‑external‑input sustainable farming approach alternative to conventional agriculture.",medium,"The paper focuses on determinants of adoption of ZBNF and explicitly discusses socio-economic issues (farmers’ indebtedness, input costs, livelihoods and self-reliance), indicating a substantive social/economic focus rather than purely agronomic outcomes."
7227,"Meena, Naveen; Midde, Jayasree; Yadav, Rakesh; Thomas, Tarence; Hasan, Amreen",2022,Agri Articles (e-Magazine for Agricultural Articles) Zero Budget Natural Farming-Going back to the Roots of Natural Farming,,Zotero,high,"The abstract explicitly discusses Zero Budget Natural Farming as a grassroots movement that originated in and has spread across India, with specific focus on Karnataka and Indian farmer adoption, making India the primary study context.",high,"Focuses on Zero Budget Natural Farming (ZBNF)/Subhash Palekar Natural Farming, a grassroots sustainable and agroecological alternative to chemical-intensive agriculture in India.",medium,"The abstract frames ZBNF as a widespread grassroots peasant movement—describing its spread, volunteer-based organization, and claims about reducing input costs for farmer households—indicating treatment of movement dynamics and socio-economic impacts rather than only agronomic outcomes."
7229,,2022,Andhra Pradesh Community-managed Natural Farming programme,,Zotero,high,"The paper focuses on the Andhra Pradesh Community-managed Natural Farming programme and farmer training in India, making an Indian state and Indian farmers the primary study context.",high,"Focuses on Andhra Pradesh’s Community-Managed Natural Farming program and farmer training in regenerative/alternative agriculture, which is a non-conventional, sustainable approach.",medium,"The title and brief abstract indicate a community-managed training programme—implying study of social organization, farmer training/participation and community-level management—but the abstract is too short to confirm the depth of social analysis."
7235,"Paliath, Shreehari",2022,How Women Farmers Are Helping Transition To Natural Farming In Andhra Pradesh - Centre for Sustainable Agriculture,,Zotero,high,"The paper specifically focuses on Andhra Pradesh (an Indian state) and examines women farmers and the state's natural farming programme, making India the central study context.",high,"The paper explicitly discusses transition to Natural Farming in Andhra Pradesh (an alternative/sustainable farming approach), focusing on implementation and gender empowerment within that program.",high,"Focuses on women's roles and empowerment in the transition to natural farming in Andhra Pradesh, addressing gender and social participation issues."
7236,"Saharan, Baljeet; Om, Hari",2022,"Impact of Natural Farming on soil health, microbial dynamics and crop productivity under north-western conditions of India Corresponding author: 2*",,Zotero,high,"The research is an empirical study conducted on a farm in Haryana with analyses by Indian agricultural institutions and focuses on Indian natural farming practices, soils, and cropping systems, so India is the central focus.",high,"The paper explicitly evaluates Subhash Palekar Natural Farming/Zero Budget Natural Farming (SPNF/ZBNF) practices and their effects on soil health, microbial dynamics, and crop productivity, which are alternative/sustainable farming approaches.",medium,"Although the paper mainly reports agronomic and soil/microbial outcomes, it also presents crop yield comparisons and quantifies net returns relative to farmers’ produce, indicating an economic/livelihood (income) dimension even if social analysis appears limited."
7241,NITI Aayog,2022,National Workshop on Innovative Agriculture,,Zotero,high,"The document is an agenda for a national Indian workshop led by NITI Aayog with Indian ministers, state chief ministers, and sessions explicitly about scaling natural farming and policies across Indian states, so India is the primary focus.",high,"The agenda is centered on Natural Farming, regenerative and agroecological practices, traditional farming systems and scaling/innovation of these non-conventional sustainable approaches across Indian states.",medium,"The workshop agenda explicitly addresses social and institutional aspects—scaling up natural farming, integration of NRLM (rural livelihoods), the role of cooperatives/FPOs for marketing and credit, and community-based certification—indicating substantive focus on social/economic and community dimensions rather than purely biophysical outcomes."
7243,,2022,"No Data To Justify, Is Zero Budget Natural Farming A Flawed Concept?",,Zotero,medium,"The paper critiques Zero Budget Natural Farming, a concept/policy originating and primarily implemented in India, so the paper likely focuses on the Indian agricultural context even though the abstract does not explicitly name India.",high,"The paper explicitly addresses Zero Budget Natural Farming, a non-conventional natural/alternative farming approach, by evaluating and critiquing the concept and implications for yields and costs.",high,"The paper critiques Zero Budget Natural Farming on economic and food-security grounds — discussing financial costs, yield–price imbalances and potential food shortages — which are substantive socio-economic/social-dimension concerns."
7249,"Didawat, R K; Kumar, Sandeep; Kumar, Praveen; Shankar, Kripa; Gangwar, Kritagya; Singh, Sachin",2022,The Benefits and Features of Zero Budget Natural Farming,,Zotero,high,"The paper centers on Zero Budget Natural Farming grounded in traditional Indian practices, cites Indian studies and NSSO data, and discusses national policy goals (e.g., doubling farmers' income by 2022), so India is the primary context.",high,"The paper explicitly discusses Zero Budget Natural Farming (ZBNF), a chemical-free, agroecology-based alternative farming model aimed at reducing external inputs and farmer debt, indicating a clear focus on non-conventional sustainable agriculture.",high,"The paper explicitly discusses farmers' incomes, debt burdens, and claims ZBNF can reduce production costs and improve livelihoods, indicating a substantive socio-economic focus alongside agronomic material."
7256,,2023,About 1.5 lakh farmers practising natural farming in Himachal to be certified under PK3Y in FY24,,Zotero,high,"The title and abstract specifically discuss natural farming certification and a government programme in Himachal Pradesh, an Indian state, making India the central study context.",high,"Discusses adoption and certification of natural farming (an alternative/chemical-free approach) among farmers in Himachal, indicating a clear sustainable/agroecological focus.",medium,"Mentions farmer adoption pathways (28% via peer-to-peer learning) and program certification/consolidation, indicating attention to social diffusion and policy participation rather than purely agronomic outcomes."
7263,"Verma, Aparna; Verma, Sandeep Kumar",2023,Impact of Zero Budget Natural Farming (ZBNF) on Small and Marginal Farmers,,Zotero,high,"The paper explicitly frames the problem around India's Green Revolution and discusses Zero Budget Natural Farming as a low-input approach for small and marginal farmers in the Indian agricultural context, indicating India is the central focus.",high,"The paper explicitly examines Zero Budget Natural Farming, a low-input, agroecological/natural farming approach aimed at small and marginal farmers, so it clearly addresses a non-conventional sustainable farming method.",medium,"The paper focuses on impacts of ZBNF for small and marginal farmers—implying livelihood and economic effects (poverty/insolvency, input costs) rather than purely agronomic outcomes, though the abstract is vague on empirical social analysis."
7267,"Sandhu, Harpinder; Sukhdev, Pavan; Sharma, Kavita; Obst, Carl; Pretty, Jules; Bharucha, Zareen",2023,Natural Farming through a Wide Angle Lens,,Zotero,high,"The study explicitly examines and compares natural farming impacts in Andhra Pradesh, India, making an Indian state the primary study site and focus.",high,"The study explicitly examines natural farming in Andhra Pradesh and compares its economic, social, and health impacts with other farming systems, indicating a focus on a non‑conventional, sustainable/agroecological approach.",high,"The study explicitly compares the social (alongside economic and health) impacts of natural farming systems in Andhra Pradesh, indicating substantive analysis of social dimensions."
7276,"Sharma, Neha",2023,Zero Budget Natural Farming: A New Perspective in Sustainability,,Zotero,high,"The paper explicitly discusses Zero Budget Natural Farming in the Indian context—referencing Subhash Palekar, Indian smallholder farming, and historical shifts in India’s agriculture—so India is the primary focus.",high,"The paper explicitly discusses Zero Budget Natural Farming (Subhash Palekar/chemical-free, low-input natural farming) as an alternative to conventional, chemical-intensive agriculture in India, indicating a sustainable/agroecological focus.",medium,"The abstract explicitly discusses socioeconomic issues (smallholders’ debt risk, input costs, and farmer incomes) and positions ZBNF as a low‑cost livelihood alternative, indicating a social/economic focus rather than purely agronomic outcomes."
7286,"Daifa, Osama Mohammed Salih Bashir; Tolossa, Dawit Negussie; Panchal, Dr Nilam; Jangir, Mr Sudhanshu",2024,Advancing Natural Farming - A Systematical Literature Review of Natural Farming Practices in India,,Zotero,high,"The paper is explicitly a systematic literature review of Zero Budget Natural Farming in India, analyzing impacts on Indian farmers, soils, and policy, making India the primary study context.",high,"The paper is a systematic literature review focused explicitly on Zero Budget Natural Farming (natural farming/ZBNF) in India, evaluating its impacts on incomes, yields, soil health, and sustainability, which are clearly alternative/sustainable farming approaches.",high,"The systematic review explicitly assesses ZBNF effects on farmer incomes and adoption barriers (limited resources, technological constraints) and discusses policy support and socio-ecological resilience, indicating substantive attention to livelihoods, adoption constraints and policy/social dimensions."
7289,,2024,Andhra Pradesh Community Managed Natural Farming | APCNF,,Zotero,high,"The title indicates the study focuses on Andhra Pradesh's Community Managed Natural Farming programme, making an Indian state the primary study site and central focus.",high,"The paper explicitly focuses on Andhra Pradesh Community-Managed Natural Farming (APCNF) and natural/sustainable farming methods, which are non-conventional and agroecological in orientation.",medium,"The title explicitly references a community-managed natural farming program in Andhra Pradesh, indicating focus on social organization/collective management, but the abstract is generic and gives no substantive detail on which social dimensions are studied."
7307,"Gulati, Ashok; Das, Sandip; Khurana, Mahima",2024,"Zero Budget Natural Farming: Implications for Sustainability, Profitability, and Food Security",,Zotero,high,"The paper explicitly analyzes Zero Budget Natural Farming in the Indian policy and agricultural context, discusses national-level scaling and Indian government initiatives, and uses field visits and farmer discussions within India as primary data sources.",high,"The paper explicitly examines Zero Budget Natural Farming (BPKP/ZBNF) and its impacts on sustainability, productivity, profitability, and food security, i.e., a non‑conventional, alternative farming approach.",high,"The paper explicitly examines profitability, food security and implications for farming communities and uses field visits and focused group discussions, indicating substantive socio-economic and community-level social analysis."
7341,"Parthiban, J. J.; Anjugam, M.",,A study on Economic Analysis of Organic Coconut Cultivation in Coimbatore District,,Zotero,high,"The study explicitly examines organic coconut cultivation in Coimbatore District, Tamil Nadu using primary data from local farmers and India-specific certification and subsidy schemes, so India is the central focus.",high,"The paper explicitly studies organic coconut cultivation and Participatory Guarantee Scheme (PGS), focusing on organic inputs, bio‑fertilizers, resource use efficiency and sustainability constraints, which are alternative/sustainable farming approaches.",high,The paper substantively examines socio-economic aspects—detailed income/profitability analysis and reported constraints such as inadequate labour supply and market/pricing issues—indicating study of livelihoods and labour-related social dimensions.
7344,,,APCNF@COP28 – Andhra Pradesh Community Managed Natural Farming,,Zotero,high,"The paper explicitly focuses on Andhra Pradesh Community Managed Natural Farming, making an Indian state (Andhra Pradesh) the primary case and study context.",high,"Title and abstract explicitly focus on Andhra Pradesh Community-Managed Natural Farming (APCNF), a non-conventional natural farming approach aimed at transforming farming and food systems.",medium,"The title and framing (Community Managed Natural Farming; transforming farming and food systems) imply focus on community organization, collective management and policy/practice change — social dimensions — though the abstract provides minimal detail."
7345,apcnf,,Agroecology and Sustainable Smallholder Agriculture – Andhra Pradesh Community Managed Natural Farming,,Zotero,high,"The paper explicitly focuses on Andhra Pradesh Community Managed Natural Farming, a program in the Indian state of Andhra Pradesh, making India the primary geographic and policy context.",high,"The title explicitly focuses on agroecology and Andhra Pradesh Community Managed Natural Farming, a recognized natural/alternative sustainable farming approach for smallholders.",medium,"The title emphasizes community-managed natural farming and smallholder agroecology in Andhra Pradesh, implying study of community organization, livelihoods and food-system transformation (social/political dimensions), but the abstract provides minimal detail so substantive social focus is not fully confirmed."
7348,Sravan,,Assessing the Impact of APCNF – Second Interim Report of 2021-22 – Kharif Season – Andhra Pradesh Community Managed Natural Farming,,Zotero,high,"The report is explicitly about the Andhra Pradesh Community Managed Natural Farming program and assesses impacts in the Kharif season, making a specific Indian state and its agricultural policy the central focus.",high,"The report explicitly assesses Andhra Pradesh Community Managed Natural Farming (APCNF), a clearly non-conventional, sustainable natural farming approach.",medium,"This is an impact assessment of a state-level community-managed natural farming programme, which very likely examines social outcomes such as farmer livelihoods, adoption, and community/institutional aspects, but the provided abstract is too brief to confirm specific social dimensions."
7350,,,Farmers in India Are Hit Hard by Extreme Weather. Some Say Expanding Natural Farming Is the Answer,,Zotero,high,"The title and abstract focus on India, specifically Andhra Pradesh, discussing natural farming policies and impacts on Indian farmers, so India (and an Indian state) is the central case study.",high,"The paper focuses on natural farming in Andhra Pradesh — an explicit non-conventional, organic/sustainable farming approach promoted as an alternative to conventional agriculture.",medium,"Abstract highlights farmer impacts from extreme weather and attributes Andhra Pradesh’s natural farming uptake to active government support, indicating attention to livelihoods and policy/governance dimensions rather than purely agronomic outcomes."
7353,,,Indian states step up natural farming adoption,,Zotero,high,"The title and abstract explicitly focus on the spread of natural farming across specific Indian states (Karnataka, Tamil Nadu, Maharashtra), making India the central context of the paper.",high,"The paper clearly concerns the spread and adoption of natural farming (a non‑conventional, sustainable/agroecological approach) across Indian states, so it fits the review scope.",medium,"The title and summary indicate the spread of a farmer- and civil-society-led natural farming movement (a social/political diffusion and collective action topic), though the brief abstract gives limited detail on specific social dimensions or depth of analysis."
7357,,,Natural farming for whom? Environmental justice and state-led chemical-free farming promotion in India,,Zotero,high,"The paper explicitly examines India's National Mission on Natural Farming and state-led promotion of chemical-free agriculture, making India the central policy and empirical focus.",high,"Examines state-led promotion of natural/chemical-free agroecological farming (National Mission on Natural Farming) and related environmental justice issues, so it concerns non-conventional sustainable farming.",high,"The paper examines environmental justice and who benefits from state-led natural farming promotion, indicating a substantive focus on social distribution, equity and policy-related impacts rather than solely agronomic outcomes."
7358,apcnf,,Reversing desertification through a Climate Resilient Exemplar Landscape (CREL) in Andhra Pradesh – Andhra Pradesh Community Managed Natural Farming,,Zotero,high,"The title and abstract explicitly focus on Andhra Pradesh and its Community Managed Natural Farming programme, making an Indian state the primary study site and policy context.",high,"Title explicitly focuses on Andhra Pradesh Community-Managed Natural Farming (APCNF), a non-conventional, sustainable/agroecological approach aimed at reversing desertification and transforming farming systems.",medium,"The title and program framing emphasize ‘Community Managed Natural Farming’ and a landscape-level intervention (CREL) aimed at reversing desertification, which implies collective action, governance and community/social management dimensions rather than solely biophysical outcomes, but the abstract is too brief to be certain of substantive social analysis."
7359,,,The natural farming model of Andhra Pradesh: A solution for sustainable agriculture in India,,Zotero,high,"The paper explicitly focuses on Andhra Pradesh, a specific Indian state, and addresses natural farming and sustainable agriculture in the Indian context, making India the central study site and policy context.",high,"The paper examines Andhra Pradesh’s natural farming model, a non‑conventional, sustainable/alternative agroecological approach (APCNF/ZBNF-style) as an alternative to industrial agriculture.",medium,"The paper addresses Andhra Pradesh’s statewide natural farming model and—given authorship and framing about a state-scale solution—likely evaluates adoption, livelihoods, and institutional/policy aspects (farmer participation, socio‑economic impacts), though the abstract is truncated so social focus cannot be confirmed with high certainty."
